English Term,Lemma,IPA,Russian Pronunciation,Russian Translation,POS Mode,Part of Speech (EN),Part of Speech (RU),Frequency
aba,aba,ˌeɪˌbiˈeɪ,эйбиэй,аба,wordnet,noun,существительное,1
abbreviation,abbreviation,əˌbriviˈeɪʃən,эбривиэйшн,аббревиатура,wordnet,noun,существительное,2
ability,ability,əˈbɪləˌti,эбилэти,способность,wordnet,noun,существительное,14
able,able,ˈeɪbəl,эйбл,способный,wordnet,adj,прилагательное,41
absence,absence,ˈæbsəns,эбснс,отсутствие,wordnet,noun,существительное,2
absent,absent,ˈæbsənt,эбснт,отсутствующий,wordnet,verb,глагол,1
absolute,absolute,ˈæbsəˌlut,эбслут,абсолютный,wordnet,noun,существительное,4
absorption,absorption,əbˈzɔrpʃən,эбзорпшн,поглощение,wordnet,noun,существительное,1
abstract,abstract,ˈæbˌstrækt,эбстрэкт,абстрактный,wordnet,noun,существительное,3
abstraction,abstraction,æbˈstrækʃən,эбстрэкшн,абстракция,wordnet,noun,существительное,18
abu,abu,ˈæbu,эбу,Абу,wordnet,,,1
abusing,abusing,əˈbjuzɪŋ,эбйузин,злоупотребление,wordnet,verb,глагол,1
aca,aca,ˈækə,экэ,ака,wordnet,,,2
accelerate,accelerate,ækˈsɛlərˌeɪt,эксэлэрэйт,ускоряться,wordnet,verb,глагол,2
accelerated,accelerated,ækˈsɛlərˌeɪtɪd,эксэлэрэйтид,ускоренный,wordnet,verb,глагол,2
accept,accept,əkˈsɛpt,эксэпт,принимать,wordnet,verb,глагол,20
acceptable,acceptable,əkˈsɛptəbəl,эксэптэбл,приемлемый,wordnet,adj,прилагательное,7
accepted,accepted,ækˈsɛptɪd,эксэптид,принял,wordnet,verb,глагол,1
accepting,accepting,əkˈsɛptɪŋ,эксэптин,принятие,wordnet,verb,глагол,3
accepts,accepts,ækˈsɛpts,эксэптс,принимает,wordnet,verb,глагол,6
access,access,ˈækˌsɛs,эксэс,доступ,wordnet,noun,существительное,59
accessed,accessed,ˈækˌsɛst,эксэст,доступ,wordnet,verb,глагол,1
accessible,accessible,ækˈsɛsəbəl,эксэсэбл,доступный,wordnet,adj,прилагательное,6
accessing,accessing,ˈækˌsɛsɪŋ,эксэсин,доступ,wordnet,verb,глагол,7
accident,accident,ˈæksədənt,эксэднт,несчастный случай,wordnet,noun,существительное,1
accidentally,accidentally,ˌæksəˈdɛnəli,эксэдэнли,случайно,wordnet,adv,наречие,1
accommodate,accommodate,əˈkɑməˌdeɪt,экамэдэйт,разместить,wordnet,verb,глагол,10
accommodating,accommodating,əˈkɑməˌdeɪtɪŋ,экамэдэйтин,любезный,wordnet,verb,глагол,1
accompanied,accompanied,əˈkəmpənid,экмпнид,сопровождаемый,wordnet,verb,глагол,1
accompany,accompany,əˈkəmpəni,экмпни,сопровождать,wordnet,verb,глагол,2
accomplish,accomplish,əˈkɑmplɪʃ,экамплиш,выполнить,wordnet,verb,глагол,4
accomplished,accomplished,əˈkɑmplɪʃt,экамплишт,удавшийся,wordnet,verb,глагол,3
accomplishes,accomplishes,əˈkɑmplɪʃɪz,экамплишиз,совершает,wordnet,verb,глагол,3
according,according,əˈkɔrdɪŋ,экордин,согласно,wordnet,verb,глагол,39
accordingly,accordingly,əˈkɔrdɪŋli,экординли,соответственно,wordnet,adv,наречие,2
account,account,əˈkaʊnt,экаунт,счет,wordnet,noun,существительное,25
accountable,accountable,əˈkaʊntəbəl,экаунтэбл,подотчетный,wordnet,adj,прилагательное,1
accumulate,accumulate,əˈkjumjəˌleɪt,экйумйлэйт,накапливать,wordnet,verb,глагол,1
accuracy,accuracy,ˈækjərəsi,экйэрэси,точность,wordnet,noun,существительное,15
accurate,accurate,ˈækjərət,экйэрэт,точный,wordnet,adj,прилагательное,7
accurately,accurately,ˈækjərətli,экйэрэтли,точно,wordnet,adv,наречие,6
achieve,achieve,əˈʧiv,эчив,достигать,wordnet,verb,глагол,2
achieves,achieves,əˈʧivz,эчивз,достигает,wordnet,verb,глагол,1
acid,acid,ˈæsəd,эсэд,кислота,wordnet,noun,существительное,1
acknowledged,acknowledged,ækˈnɑlɪʤd,экналиджд,признанный,wordnet,verb,глагол,1
acknowledges,acknowledges,ækˈnɑlɪʤɪz,экналиджиз,признает,wordnet,verb,глагол,1
acknowledgment,acknowledgment,ækˈnɑlɪʤmənt,экналиджмнт,признание,wordnet,noun,существительное,3
acquainted,acquainted,əkˈweɪnɪd,экуэйнид,знакомый,wordnet,verb,глагол,6
acquire,acquire,əkˈwaɪər,экуайэр,приобретать,wordnet,verb,глагол,1
across,across,əˈkrɔs,экрос,через,wordnet,adv,наречие,35
action,action,ˈækʃən,экшн,действие,wordnet,noun,существительное,73
activate,activate,ˈæktəˌveɪt,эктэвэйт,активировать,wordnet,verb,глагол,6
active,active,ˈæktɪv,эктив,активный,wordnet,noun,существительное,3
activity,activity,ækˈtɪvɪti,эктивити,активность,wordnet,noun,существительное,1
actual,actual,ˈækʧəwəl,экчэул,действительный,wordnet,adj,прилагательное,29
actually,actually,ˈæˌkʧuəli,экчули,на самом деле,wordnet,adv,наречие,9
adapt,adapt,əˈdæpt,эдэпт,адаптироваться,wordnet,verb,глагол,2
add,add,æd,эд,добавлять,wordnet,noun,существительное,115
added,added,ˈædɪd,эдид,добавлен,wordnet,verb,глагол,19
adding,adding,ˈædɪŋ,эдин,добавление,wordnet,verb,глагол,25
addition,addition,əˈdɪʃən,эдишн,добавление,wordnet,noun,существительное,14
additional,additional,əˈdɪʃənəl,эдишнл,дополнительный,wordnet,adj,прилагательное,46
additionally,additionally,əˈdɪʃəˌnəli,эдишнли,кроме того,wordnet,adv,наречие,1
address,address,ˈæˌdrɛs,эдрэс,адрес,wordnet,noun,существительное,11
addressed,addressed,əˈdrɛst,эдрэст,обратился,wordnet,verb,глагол,2
addressing,addressing,æˈdrɛsɪŋ,эдрэсин,обращение,wordnet,verb,глагол,6
adequate,adequate,ˈædəkˌweɪt,эдэкуэйт,адекватный,wordnet,adj,прилагательное,1
adjective,adjective,ˈæʤɪktɪv,эджиктив,прилагательное,wordnet,noun,существительное,1
adjust,adjust,əˈʤəst,эджэст,регулировать,wordnet,verb,глагол,3
adjusted,adjusted,əˈʤəstɪd,эджэстид,скорректированный,wordnet,verb,глагол,2
admin,admin,ˈædmɪn,эдмин,администратор,wordnet,,,2
administering,administering,ædˈmɪnɪˌstərɪŋ,эдминистэрин,администрирование,wordnet,verb,глагол,1
administration,administration,ædˌmɪnɪˈstreɪʃən,эдминистрэйшн,администрация,wordnet,noun,существительное,1
adopt,adopt,əˈdɑpt,эдапт,усыновить,wordnet,verb,глагол,1
adopting,adopting,əˈdɑptɪŋ,эдаптин,принятие,wordnet,verb,глагол,1
adoption,adoption,əˈdɑpʃən,эдапшн,принятие,wordnet,noun,существительное,1
advanced,advanced,ədˈvænst,эдвэнст,передовой,wordnet,verb,глагол,9
advantage,advantage,ædˈvæntɪʤ,эдвэнтидж,преимущество,wordnet,noun,существительное,13
advent,advent,ˈædˌvɛnt,эдвэнт,появление,wordnet,noun,существительное,1
adventure,adventure,ədˈvɛnʧər,эдвэнчэр,приключение,wordnet,noun,существительное,1
advertised,advertised,ˌædvərˈtaɪzd,эдвэртайзд,рекламируется,wordnet,verb,глагол,1
advertising,advertising,ˈædvərˌtaɪzɪŋ,эдвэртайзин,реклама,wordnet,noun,существительное,1
advice,advice,ədˈvaɪs,эдвайс,совет,wordnet,noun,существительное,1
advisor,advisor,ædˈvaɪzər,эдвайзэр,советник,wordnet,noun,существительное,1
aesthetically,aesthetically,ɛsˈθɛtɪkli,эссэтикли,эстетически,wordnet,adv,наречие,1
affected,affected,əˈfɛktɪd,эфэктид,затронутый,wordnet,verb,глагол,2
affinity,affinity,əˈfɪnɪti,эфинити,близость,wordnet,noun,существительное,2
afford,afford,əˈfɔrd,эфорд,предоставлять,wordnet,verb,глагол,2
afraid,afraid,əˈfreɪd,эфрэйд,испуганный,wordnet,adj,прилагательное,1
afterward,afterward,ˈæftərwərd,эфтэруэрд,потом,wordnet,adv,наречие,1
age,age,eɪʤ,эйдж,возраст,wordnet,noun,существительное,12
aged,aged,ˈeɪʤɪd,эйджид,в возрасте,wordnet,noun,существительное,1
aggregate,aggregate,ˈægrəgət,эгрэгэт,совокупность,wordnet,noun,существительное,73
aggregated,aggregated,ˈægrəˌgeɪtəd,эгрэгэйтэд,агрегированный,wordnet,verb,глагол,3
aggregation,aggregation,ˌægrəˈgeɪʃən,эгрэгэйшн,агрегирование,wordnet,noun,существительное,20
aggressive,aggressive,əˈgrɛsɪv,эгрэсив,агрессивный,wordnet,adj,прилагательное,3
ago,ago,əˈgoʊ,эгоу,назад,wordnet,adj,прилагательное,3
agonize,agonize,ˈægəˌnaɪz,эгнайз,мучиться,wordnet,verb,глагол,1
agree,agree,əˈgri,эгри,соглашаться,wordnet,verb,глагол,1
ahead,ahead,əˈhɛd,эхэд,предстоящий,wordnet,adj,прилагательное,9
aim,aim,eɪm,эйм,цель,wordnet,noun,существительное,3
aime,aime,eɪm,эйм,прицелиться,wordnet,,,1
air,air,ɛr,эр,воздух,wordnet,noun,существительное,2
airing,airing,ˈɛrɪŋ,эрин,проветривание,wordnet,noun,существительное,1
airtime,airtime,ˈɛrˌtaɪm,эртайм,эфирное время,wordnet,,,8
aka,aka,ˈɑkə,акэ,он же,wordnet,,,1
akin,akin,ˈeɪkɪn,эйкин,сродни,wordnet,adj,прилагательное,14
albeit,albeit,ɔlˈbiɪt,олбиит,хотя,wordnet,,,1
ale,ale,eɪl,эйл,эль,wordnet,noun,существительное,9
aleksander,aleksander,ˌæləkˈsændər,элэксэндэр,Александр,wordnet,,,1
alex,alex,ˈæləks,элэкс,Алекс,wordnet,,,3
algorithm,algorithm,ˈælgərˌɪðəm,элгэризм,алгоритм,wordnet,noun,существительное,13
alias,alias,ˈeɪliəs,эйлиэс,псевдоним,wordnet,noun,существительное,192
alice,alice,ˈælɪs,элис,Алиса,wordnet,,,2
align,align,əˈlaɪn,элайн,выровнять,wordnet,verb,глагол,1
aligning,aligning,əˈlaɪnɪŋ,элайнин,выравнивание,wordnet,verb,глагол,1
alignment,alignment,əˈlaɪnmənt,элайнмнт,выравнивание,wordnet,noun,существительное,2
alive,alive,əˈlaɪv,элайв,живой,wordnet,adj,прилагательное,1
allocate,allocate,ˈæləˌkeɪt,элэкэйт,выделять,wordnet,verb,глагол,5
allocated,allocated,ˈæləˌkeɪtɪd,элэкэйтид,выделено,wordnet,verb,глагол,4
allocates,allocates,ˈæləˌkeɪts,элэкэйтс,распределяет,wordnet,verb,глагол,5
allocating,allocating,ˈæləˌkeɪtɪŋ,элэкэйтин,распределение,wordnet,verb,глагол,4
allocation,allocation,ˌæləˈkeɪʃən,элэкэйшн,распределение,wordnet,noun,существительное,2
allotted,allotted,əˈlɑtɪd,элатид,выделенный,wordnet,verb,глагол,1
allow,allow,əˈlaʊ,элау,позволять,wordnet,verb,глагол,20
allowed,allowed,əˈlaʊd,элауд,допустимый,wordnet,verb,глагол,3
allowing,allowing,əˈlaʊɪŋ,элауин,позволяя,wordnet,verb,глагол,3
allows,allows,əˈlaʊz,элауз,позволяет,wordnet,verb,глагол,25
allure,allure,əˈlʊr,элур,очарование,wordnet,noun,существительное,1
almost,almost,ˈɔlˌmoʊst,олмоуст,почти,wordnet,adv,наречие,14
along,along,əˈlɔŋ,элон,вдоль,wordnet,adv,наречие,18
alphabetical,alphabetical,ˌælfəˈbɛtɪkəl,элфэбэтикл,по алфавиту,wordnet,adj,прилагательное,1
alphabetically,alphabetically,ˌælfəˈbɛtɪkli,элфэбэтикли,по алфавиту,wordnet,adv,наречие,1
alphanumeric,alphanumeric,ˌælfənuˈmɛrɪk,элфнумэрик,буквенно-цифровой,wordnet,adj,прилагательное,1
already,already,ɔˈrɛdi,орэди,уже,wordnet,adv,наречие,57
also,also,ˈɔlsoʊ,олсоу,также,wordnet,adv,наречие,223
alt,alt,ɑlt,алт,альтернативный вариант,wordnet,noun,существительное,5
altair,altair,ɑlˈtɛr,алтэр,Альтаир,wordnet,noun,существительное,1
alternate,alternate,ˈɔltərˌneɪt,олтэрнэйт,альтернативный,wordnet,noun,существительное,4
alternating,alternating,ˈɔltərˌneɪtɪŋ,олтэрнэйтин,чередование,wordnet,verb,глагол,1
alternative,alternative,ɔlˈtərnətɪv,олтэрнэтив,альтернатива,wordnet,noun,существительное,13
alternatively,alternatively,ɔlˈtərnətɪvli,олтэрнэтивли,альтернативно,wordnet,adv,наречие,1
although,although,ˌɔlˈðoʊ,олзоу,хотя,wordnet,,,23
altogether,altogether,ˌɔltəˈgɛðər,олтэгэзэр,вообще,wordnet,noun,существительное,1
always,always,ˈɔlˌweɪz,олуэйз,всегда,wordnet,adv,наречие,37
amazing,amazing,əˈmeɪzɪŋ,эмэйзин,удивительный,wordnet,verb,глагол,2
amazingly,amazingly,əˈmeɪzɪŋli,эмэйзинли,удивительно,wordnet,adv,наречие,1
amazon,amazon,ˈæməˌzɑn,эмэзан,Амазонка,wordnet,noun,существительное,4
ambiguous,ambiguous,æmˈbɪgjuəs,эмбигйуэс,двусмысленный,wordnet,adj,прилагательное,3
ambitious,ambitious,æmˈbɪʃəs,эмбишэс,амбициозный,wordnet,adj,прилагательное,2
america,america,əˈmɛrɪkə,эмэрикэ,Америка,wordnet,noun,существительное,5
among,among,əˈməŋ,эмэн,среди,wordnet,,,1
amount,amount,əˈmaʊnt,эмаунт,количество,wordnet,noun,существительное,23
ampersand,ampersand,ˈæmpərˌsænd,эмпэрсэнд,амперсанд,wordnet,noun,существительное,1
amplitude,amplitude,ˈæmpləˌtud,эмплэтуд,амплитуда,wordnet,noun,существительное,1
ana,ana,ˈɑnə,анэ,ана,wordnet,noun,существительное,1
anaconda,anaconda,ˌænəˈkɑndə,энэкандэ,анаконда,wordnet,noun,существительное,16
analog,analog,ˈænəˌlɔg,энлог,аналоговый,wordnet,noun,существительное,2
analogy,analogy,əˈnæləʤi,энэлэджи,аналогия,wordnet,noun,существительное,9
analysis,analysis,æˈnælɪsɪs,энэлисис,анализ,wordnet,noun,существительное,67
analyst,analyst,ˈænəlɪst,энлист,аналитик,wordnet,noun,существительное,11
analytic,analytic,ˌænəˈlɪtɪk,энэлитик,аналитический,wordnet,adj,прилагательное,6
analytical,analytical,ˌænəˈlɪtɪkəl,энэлитикл,аналитический,wordnet,adj,прилагательное,20
analytics,analytics,ˌænəˈlɪtɪks,энэлитикс,аналитика,wordnet,,,6
analyze,analyze,ˈænəˌlaɪz,энлайз,анализировать,wordnet,verb,глагол,5
analyzed,analyzed,ˈænəˌlaɪzd,энлайзд,проанализировано,wordnet,verb,глагол,15
analyzing,analyzing,ˈænəˌlaɪzɪŋ,энлайзин,анализируя,wordnet,verb,глагол,25
anatoly,anatoly,ˌænəˈtoʊli,энэтоули,Анатолий,wordnet,,,1
anchor,anchor,ˈæŋkər,энкэр,якорь,wordnet,noun,существительное,6
ancillary,ancillary,ˈænsəˌlɛri,энслэри,вспомогательный,wordnet,adj,прилагательное,2
angle,angle,ˈæŋgəl,энгл,угол,wordnet,noun,существительное,2
annotated,annotated,ˌænəˈteɪtɪd,энэтэйтид,аннотированный,wordnet,verb,глагол,2
annotating,annotating,ˌænəˈteɪtɪŋ,энэтэйтин,аннотирование,wordnet,noun,существительное,1
annotation,annotation,ˌænəˈteɪʃən,энэтэйшн,аннотация,wordnet,noun,существительное,17
announce,announce,əˈnaʊns,энаунс,объявить,wordnet,verb,глагол,1
announced,announced,əˈnaʊnst,энаунст,объявлено,wordnet,verb,глагол,1
announcement,announcement,əˈnaʊnsmɛnt,энаунсмэнт,объявление,wordnet,noun,существительное,1
annoy,annoy,əˈnɔɪ,эной,раздражать,wordnet,verb,глагол,1
annoyance,annoyance,əˈnɔɪəns,энойнс,раздражение,wordnet,noun,существительное,3
annoying,annoying,əˈnɔɪɪŋ,энойин,раздражающий,wordnet,noun,существительное,5
anomaly,anomaly,əˈnɑməli,энамли,аномалия,wordnet,noun,существительное,2
anonymous,anonymous,əˈnɑnəməs,энанмэс,анонимный,wordnet,adj,прилагательное,3
another,another,əˈnəðər,энэзэр,другой,wordnet,adj,прилагательное,47
ansi,ansi,ˌænˈsi,энси,Анси,wordnet,,,4
answer,answer,ˈænsər,энсэр,отвечать,wordnet,noun,существительное,87
answered,answered,ˈænsərd,энсэрд,ответил,wordnet,verb,глагол,1
answering,answering,ˈænsərɪŋ,энсэрин,отвечая,wordnet,verb,глагол,4
anti,anti,ˈænˌti,энти,анти,wordnet,noun,существительное,13
anymore,anymore,ˌɛniˈmɔr,энимор,больше,wordnet,adv,наречие,2
anyone,anyone,ˈɛniˌwən,эниун,любой,wordnet,,,6
anything,anything,ˈɛniˌθɪŋ,энисин,что-либо,wordnet,,,13
anyway,anyway,ˈɛniˌweɪ,эниуэй,в любом случае,wordnet,adv,наречие,1
anywhere,anywhere,ˈɛniˌwɛr,эниуэр,где угодно,wordnet,adv,наречие,2
apache,apache,əˈpæʧi,эпэчи,апач,wordnet,noun,существительное,29
app,app,æp,эп,приложение,wordnet,,,2
appear,appear,əˈpɪr,эпир,появляться,wordnet,verb,глагол,8
appearance,appearance,əˈpɪrəns,эпирнс,появление,wordnet,noun,существительное,1
appears,appears,əˈpɪrz,эпирз,появляется,wordnet,verb,глагол,3
append,append,əˈpɛnd,эпэнд,добавить,wordnet,verb,глагол,8
appended,appended,əˈpɛndɪd,эпэндид,добавлено,wordnet,verb,глагол,3
appendix,appendix,əˈpɛndɪks,эпэндикс,приложение,wordnet,noun,существительное,71
appetite,appetite,ˈæpəˌtaɪt,эпэтайт,аппетит,wordnet,noun,существительное,2
apple,apple,ˈæpəl,эпл,яблоко,wordnet,noun,существительное,7
applicable,applicable,ˈæpləkəbəl,эплэкэбл,применимый,wordnet,adj,прилагательное,3
application,application,ˌæpləˈkeɪʃən,эплэкэйшн,приложение,wordnet,noun,существительное,45
applied,applied,əˈplaɪd,эплайд,применяемый,wordnet,verb,глагол,72
applies,applies,əˈplaɪz,эплайз,применяется,wordnet,verb,глагол,24
apply,apply,əˈplaɪ,эплай,применять,wordnet,verb,глагол,127
applying,applying,əˈplaɪɪŋ,эплайин,применение,wordnet,verb,глагол,30
appointed,appointed,əˈpɔɪntɪd,эпойнтид,назначен,wordnet,verb,глагол,1
appreciation,appreciation,əˌpriʃiˈeɪʃən,эпришиэйшн,признательность,wordnet,noun,существительное,1
approach,approach,əˈproʊʧ,эпроуч,подход,wordnet,noun,существительное,56
appropriate,appropriate,əˈproʊpriˌeɪt,эпроуприэйт,соответствующий,wordnet,verb,глагол,27
appropriately,appropriately,əˈproʊpriɪtli,эпроуприитли,соответственно,wordnet,adv,наречие,2
approximate,approximate,əˈprɑksəˌmeɪt,эпраксмэйт,приблизительный,wordnet,verb,глагол,5
approximately,approximately,əˈprɑksəmətli,эпраксмэтли,примерно,wordnet,adv,наречие,3
april,april,ˈeɪprəl,эйпрл,апрель,wordnet,noun,существительное,1
apt,apt,æpt,эпт,подходящий,wordnet,adj,прилагательное,3
aptly,aptly,ˈæptli,эптли,удачно,wordnet,adv,наречие,2
arbitrarily,arbitrarily,ˈɑrbɪˌtrɛrəli,арбитрэрли,произвольно,wordnet,adv,наречие,1
arbitrary,arbitrary,ˈɑrbɪˌtrɛri,арбитрэри,произвольный,wordnet,adj,прилагательное,9
arcane,arcane,ˌɑrˈkeɪn,аркэйн,тайный,wordnet,adj,прилагательное,2
architectural,architectural,ˌɑrkəˈtɛkʧərəl,аркэтэкчэрл,архитектурный,wordnet,adj,прилагательное,1
architecture,architecture,ˈɑrkəˌtɛkʧər,аркэтэкчэр,архитектура,wordnet,noun,существительное,1
archive,archive,ˈɑrˌkaɪv,аркайв,архив,wordnet,noun,существительное,3
archway,archway,ˈɑrʧˌweɪ,арчуэй,арка,wordnet,noun,существительное,1
area,area,ˈɛriə,эриэ,область,wordnet,noun,существительное,13
argue,argue,ˈɑrgju,аргйу,спорить,wordnet,verb,глагол,5
argument,argument,ˈɑrgjəmənt,аргймнт,аргумент,wordnet,noun,существительное,142
arises,arises,ərˈaɪzɪz,эрайзиз,возникает,wordnet,verb,глагол,1
arising,arising,ərˈaɪzɪŋ,эрайзин,возникающий,wordnet,verb,глагол,1
arithmetic,arithmetic,ˌɛrɪθˈmɛtɪk,эрисмэтик,арифметика,wordnet,noun,существительное,7
arm,arm,ɑrm,арм,рука,wordnet,noun,существительное,1
armed,armed,ɑrmd,армд,вооруженный,wordnet,verb,глагол,1
army,army,ˈɑrmi,арми,армия,wordnet,noun,существительное,1
around,around,əraʊnd,эраунд,вокруг,wordnet,adv,наречие,19
arrangement,arrangement,ərˈeɪnʤmənt,эрэйнджмнт,договоренность,wordnet,noun,существительное,1
array,array,əreɪ,эрэй,множество,wordnet,noun,существительное,277
arrow,arrow,ˈɛroʊ,эроу,стрелка,wordnet,noun,существительное,7
arsenal,arsenal,ˈɑrsənəl,арснл,арсенал,wordnet,noun,существительное,2
art,art,ɑrt,арт,искусство,wordnet,noun,существительное,7
arthur,arthur,ˈɑrθər,арсэр,Артур,wordnet,noun,существительное,2
article,article,ˈɑrtɪkəl,артикл,статья,wordnet,noun,существительное,5
artifact,artifact,ˈɑrtəˌfækt,артэфэкт,артефакт,wordnet,noun,существительное,3
artificial,artificial,ˌɑrtəˈfɪʃəl,артэфишл,искусственный,wordnet,adj,прилагательное,1
ascending,ascending,əˈsɛndɪŋ,эсэндин,восходящий,wordnet,noun,существительное,25
ascii,ascii,ˈæski,эски,ascii,wordnet,noun,существительное,2
aside,aside,əˈsaɪd,эсайд,в сторону,wordnet,noun,существительное,4
ask,ask,æsk,эск,просить,wordnet,verb,глагол,12
asked,asked,æst,эст,спросил,wordnet,verb,глагол,6
asking,asking,ˈæskɪŋ,эскин,спрашивать,wordnet,noun,существительное,5
asks,asks,æsks,эскс,спрашивает,wordnet,verb,глагол,1
aspect,aspect,ˈæˌspɛkt,эспэкт,аспект,wordnet,noun,существительное,15
assemble,assemble,əˈsɛmbəl,эсэмбл,собрать,wordnet,verb,глагол,16
assembled,assembled,əˈsɛmbəld,эсэмблд,собранный,wordnet,verb,глагол,9
assembler,assembler,əˈsɛmblər,эсэмблэр,ассемблер,wordnet,noun,существительное,48
assembles,assembles,əˈsɛmbəlz,эсэмблз,собирает,wordnet,verb,глагол,1
assembling,assembling,əˈsɛmbəlɪŋ,эсэмблин,сборка,wordnet,noun,существительное,9
assembly,assembly,əˈsɛmbli,эсэмбли,сборка,wordnet,noun,существительное,4
assert,assert,əˈsərt,эсэрт,утверждать,wordnet,verb,глагол,7
assertion,assertion,əˈsərʃən,эсэршн,утверждение,wordnet,noun,существительное,6
assess,assess,əˈsɛs,эсэс,оценивать,wordnet,verb,глагол,7
assessed,assessed,əˈsɛst,эсэст,оцененный,wordnet,verb,глагол,1
assessing,assessing,əˈsɛsɪŋ,эсэсин,оценка,wordnet,verb,глагол,11
assessment,assessment,əˈsɛsmənt,эсэсмнт,оценка,wordnet,noun,существительное,2
asset,asset,ˈæˌsɛt,эсэт,объект,wordnet,noun,существительное,1
assign,assign,əˈsaɪn,эсайн,назначать,wordnet,verb,глагол,23
assigned,assigned,əˈsaɪnd,эсайнд,назначенный,wordnet,verb,глагол,6
assigning,assigning,əˈsaɪnɪŋ,эсайнин,назначение,wordnet,noun,существительное,7
assignment,assignment,əˈsaɪnmənt,эсайнмнт,назначение,wordnet,noun,существительное,6
assigns,assigns,əˈsaɪnz,эсайнз,назначает,wordnet,verb,глагол,6
assist,assist,əˈsɪst,эсист,помогать,wordnet,noun,существительное,3
associated,associated,əˈsoʊʃiˌeɪtəd,эсоушиэйтэд,связанный,wordnet,verb,глагол,1
assume,assume,əˈsum,эсум,предполагать,wordnet,verb,глагол,21
assumed,assumed,əˈsumd,эсумд,предполагалось,wordnet,verb,глагол,2
assumes,assumes,əˈsumz,эсумз,предполагает,wordnet,verb,глагол,2
assuming,assuming,əˈsumɪŋ,эсумин,предполагая,wordnet,verb,глагол,11
assumption,assumption,əˈsəmpʃən,эсмпшн,предположение,wordnet,noun,существительное,2
asterisk,asterisk,ˈæstərɪsk,эстэриск,звездочка,wordnet,noun,существительное,4
atmospheric,atmospheric,ˌætməsˈfɛrɪk,этмэсфэрик,атмосферный,wordnet,adj,прилагательное,1
atop,atop,əˈtɑp,этап,на вершине,wordnet,adv,наречие,2
attach,attach,əˈtæʧ,этэч,прикреплять,wordnet,verb,глагол,1
attached,attached,əˈtæʧt,этэчт,прикрепил,wordnet,verb,глагол,5
attack,attack,əˈtæk,этэк,атаковать,wordnet,noun,существительное,2
attempt,attempt,əˈtɛmpt,этэмпт,пытаться,wordnet,noun,существительное,2
attempting,attempting,əˈtɛmptɪŋ,этэмптин,попытка,wordnet,verb,глагол,3
attention,attention,əˈtɛnʃən,этэншн,внимание,wordnet,noun,существительное,9
attractive,attractive,əˈtræktɪv,этрэктив,привлекательный,wordnet,adj,прилагательное,5
attributable,attributable,əˈtrɪbjətəbəl,этрибйэтэбл,относимый,wordnet,adj,прилагательное,1
attribute,attribute,əˈtrɪˌbjut,этрибйут,атрибут,wordnet,noun,существительное,63
attributed,attributed,əˈtrɪbjətəd,этрибйэтэд,приписываемый,wordnet,verb,глагол,2
audience,audience,ˈɔdiəns,одинс,аудитория,wordnet,noun,существительное,1
augment,augment,ɔgˈmɛnt,огмэнт,увеличить,wordnet,verb,глагол,1
augmented,augmented,ɑgˈmɛntəd,агмэнтэд,дополненный,wordnet,verb,глагол,1
aunt,aunt,ɔnt,онт,тетя,wordnet,noun,существительное,1
austen,austen,ˈɔstɪn,остин,Остин,wordnet,noun,существительное,14
authenticating,authenticating,ɔˈθɛntəˌkeɪtɪŋ,осэнтэкэйтин,аутентификация,wordnet,verb,глагол,1
authentication,authentication,ɔˌθɛntəˈkeɪʃən,осэнтэкэйшн,аутентификация,wordnet,noun,существительное,1
author,author,ˈɔθər,осэр,автор,wordnet,noun,существительное,11
auto,auto,ˈɔtoʊ,отоу,авто,wordnet,noun,существительное,6
automate,automate,ˈɔtəˌmeɪt,отмэйт,автоматизировать,wordnet,verb,глагол,1
automated,automated,ˈɔtəˌmeɪtɪd,отмэйтид,автоматизированный,wordnet,verb,глагол,2
automatic,automatic,ˌɔtəˈmætɪk,отэмэтик,автоматический,wordnet,noun,существительное,1
automatically,automatically,ˌɔtəˈmætɪkli,отэмэтикли,автоматически,wordnet,adv,наречие,7
automating,automating,ˈɔtəˌmeɪtɪŋ,отмэйтин,автоматизация,wordnet,verb,глагол,1
automation,automation,ɔtəˈmeɪʃən,отэмэйшн,автоматизация,wordnet,noun,существительное,2
auxiliary,auxiliary,ɑgˈzɪljəri,агзилйэри,вспомогательный,wordnet,noun,существительное,4
availability,availability,əˌveɪləˈbɪlɪti,эвэйлэбилити,доступность,wordnet,noun,существительное,3
available,available,əˈveɪləbəl,эвэйлэбл,доступный,wordnet,adj,прилагательное,118
average,average,ˈævərɪʤ,эвэридж,средний,wordnet,noun,существительное,34
averaged,averaged,ˈævrɪʤd,эвриджд,усредненный,wordnet,verb,глагол,1
avoid,avoid,əˈvɔɪd,эвойд,избегать,wordnet,verb,глагол,57
avoided,avoided,əˈvɔɪdɪd,эвойдид,избегал,wordnet,verb,глагол,3
avoiding,avoiding,əˈvɔɪdɪŋ,эвойдин,избегание,wordnet,verb,глагол,11
avoids,avoids,əˈvɔɪdz,эвойдз,избегает,wordnet,verb,глагол,4
awaiting,awaiting,əˈweɪtɪŋ,эуэйтин,ожидая,wordnet,verb,глагол,1
awaits,awaits,əˈweɪts,эуэйтс,ждет,wordnet,verb,глагол,3
aware,aware,əˈwɛr,эуэр,осведомленный,wordnet,adj,прилагательное,2
away,away,əˈweɪ,эуэй,прочь,wordnet,adj,прилагательное,4
awesome,awesome,ˈɔsəm,осм,потрясающий,wordnet,adj,прилагательное,2
awful,awful,ˈɔfəl,офл,ужасный,wordnet,adj,прилагательное,1
awkwardness,awkwardness,ˈɔkwərdnəs,окуэрднэс,неловкость,wordnet,noun,существительное,1
azure,azure,ˈæʒər,эжэр,лазурный,wordnet,noun,существительное,10
baa,baa,ˌbiˌeɪˈeɪ,биэйэй,баа,wordnet,noun,существительное,1
babysit,babysit,ˈbeɪbisɪt,бэйбисит,присмотр за детьми,wordnet,,,1
back,back,bæk,бэк,назад,wordnet,noun,существительное,52
backbone,backbone,ˈbækˌboʊn,бэкбоун,позвоночник,wordnet,noun,существительное,1
background,background,ˈbækˌgraʊnd,бэкграунд,фон,wordnet,noun,существительное,1
backtrack,backtrack,ˈbækˌtræk,бэктрэк,отступать,wordnet,verb,глагол,2
backup,backup,ˈbæˌkəp,бэкэп,резервное копирование,wordnet,noun,существительное,1
backward,backward,ˈbækwərd,бэкуэрд,назад,wordnet,adj,прилагательное,3
bacon,bacon,ˈbeɪkən,бэйкн,бекон,wordnet,noun,существительное,3
bad,bad,bæd,бэд,плохой,wordnet,noun,существительное,8
bag,bag,bæg,бэг,сумка,wordnet,noun,существительное,4
bake,bake,beɪk,бэйк,выпекать,wordnet,verb,глагол,2
baked,baked,beɪkt,бэйкт,запеченный,wordnet,verb,глагол,1
baking,baking,ˈbeɪkɪŋ,бэйкин,выпечка,wordnet,noun,существительное,1
balance,balance,ˈbæləns,бэлнс,баланс,wordnet,noun,существительное,6
balancing,balancing,ˈbælənsɪŋ,бэлнсин,балансировка,wordnet,noun,существительное,1
baldwin,baldwin,ˈbɔldwən,болдун,Болдуин,wordnet,noun,существительное,2
bam,bam,bæm,бэм,бам,wordnet,noun,существительное,1
banana,banana,bəˈnænə,бэнэнэ,банан,wordnet,noun,существительное,4
bang,bang,bæŋ,бэн,хлопнуть,wordnet,noun,существительное,1
banking,banking,ˈbæŋkɪŋ,бэнкин,банковское дело,wordnet,noun,существительное,4
bar,bar,bɑr,бар,бар,wordnet,noun,существительное,7
bare,bare,bɛr,бэр,голый,wordnet,verb,глагол,6
barley,barley,ˈbɑrli,барли,ячмень,wordnet,noun,существительное,1
barracuda,barracuda,ˌbɛrəˈkudə,бэрэкудэ,барракуда,wordnet,noun,существительное,1
barrier,barrier,ˈbɛriər,бэриэр,барьер,wordnet,noun,существительное,2
base,base,beɪs,бэйс,база,wordnet,noun,существительное,11
based,based,beɪst,бэйст,основанный на,wordnet,verb,глагол,57
basic,basic,ˈbeɪsɪk,бэйсик,базовый,wordnet,noun,существительное,43
basically,basically,ˈbeɪsɪkli,бэйсикли,по сути,wordnet,adv,наречие,2
basis,basis,ˈbeɪsɪs,бэйсис,основа,wordnet,noun,существительное,5
bat,bat,bæt,бэт,летучая мышь,wordnet,noun,существительное,1
batch,batch,bæʧ,бэч,партия,wordnet,noun,существительное,63
bates,bates,beɪts,бэйтс,Бейтс,wordnet,verb,глагол,1
bear,bear,bɛr,бэр,медведь,wordnet,noun,существительное,2
bearing,bearing,ˈbɛrɪŋ,бэрин,несущий,wordnet,noun,существительное,1
beaumont,beaumont,ˈboʊmɔnt,боумонт,Бомонт,wordnet,noun,существительное,1
beautiful,beautiful,ˈbjutəfəl,бйутэфл,красивый,wordnet,adj,прилагательное,1
beauty,beauty,ˈbjuti,бйути,красота,wordnet,noun,существительное,1
became,became,bɪˈkeɪm,бикэйм,стал,wordnet,verb,глагол,2
become,become,bɪˈkəm,бикм,становиться,wordnet,verb,глагол,15
becomes,becomes,bɪˈkəmz,бикмз,становится,wordnet,verb,глагол,17
becoming,becoming,bɪˈkəmɪŋ,бикмин,становление,wordnet,verb,глагол,2
beef,beef,bif,биф,говядина,wordnet,noun,существительное,3
beet,beet,bit,бит,свекла,wordnet,noun,существительное,1
beforehand,beforehand,bɪˈfɔˌrhænd,бифорхэнд,заранее,wordnet,adj,прилагательное,1
befriend,befriend,bɪˈfrɛnd,бифрэнд,подружиться,wordnet,verb,глагол,2
begin,begin,bɪˈgɪn,бигин,начинать,wordnet,noun,существительное,1
beginner,beginner,bɪˈgɪnər,бигинэр,новичок,wordnet,noun,существительное,2
beginning,beginning,bɪˈgɪnɪŋ,бигинин,начало,wordnet,noun,существительное,29
behave,behave,bɪˈheɪv,бихэйв,вести себя,wordnet,verb,глагол,2
behaves,behaves,bɪˈheɪvz,бихэйвз,ведет себя,wordnet,verb,глагол,2
behaving,behaving,bɪˈheɪvɪŋ,бихэйвин,поведение,wordnet,verb,глагол,1
behavior,behavior,bɪˈheɪvjər,бихэйвйэр,поведение,wordnet,noun,существительное,47
behind,behind,bɪˈhaɪnd,бихайнд,позади,wordnet,noun,существительное,14
behold,behold,bɪˈhoʊld,бихоулд,вот,wordnet,verb,глагол,2
belief,belief,bɪˈlif,билиф,вера,wordnet,noun,существительное,1
believe,believe,bɪˈliv,билив,полагать,wordnet,verb,глагол,7
believed,believed,bɪˈlivd,биливд,верил,wordnet,verb,глагол,2
bell,bell,bɛl,бэл,колокол,wordnet,noun,существительное,1
belong,belong,bɪˈlɔŋ,билон,принадлежать,wordnet,verb,глагол,2
belonging,belonging,bɪˈlɔŋɪŋ,билонин,принадлежность,wordnet,noun,существительное,2
belongs,belongs,bɪˈlɔŋz,билонз,принадлежит,wordnet,verb,глагол,2
belt,belt,bɛlt,бэлт,пояс,wordnet,noun,существительное,5
ben,ben,bɛn,бэн,Бен,wordnet,noun,существительное,2
benchmark,benchmark,ˈbɛnʧˌmɑrk,бэнчмарк,эталон,wordnet,noun,существительное,1
bend,bend,bɛnd,бэнд,сгибать,wordnet,noun,существительное,3
benefit,benefit,ˈbɛnəfɪt,бэнэфит,выгода,wordnet,noun,существительное,5
bergen,bergen,ˈbərgən,бэргн,Берген,wordnet,noun,существительное,2
bert,bert,bərt,бэрт,Берт,wordnet,,,1
besides,besides,ˌbiˈsaɪdz,бисайдз,кроме,wordnet,adv,наречие,3
best,best,bɛst,бэст,лучший,wordnet,noun,существительное,42
beta,beta,ˈbeɪtə,бэйтэ,бета,wordnet,noun,существительное,1
better,better,ˈbɛtər,бэтэр,лучше,wordnet,noun,существительное,43
beyond,beyond,bɪɔnd,бионд,вне,wordnet,adv,наречие,28
big,big,bɪg,биг,большой,wordnet,adj,прилагательное,42
bigger,bigger,ˈbɪgər,бигэр,больше,wordnet,adj,прилагательное,2
biggest,biggest,ˈbɪgəst,бигэст,самый большой,wordnet,adj,прилагательное,5
bilingual,bilingual,baɪˈlɪŋgwəl,байлингул,двуязычный,wordnet,noun,существительное,14
bill,bill,bɪl,бил,счет,wordnet,noun,существительное,1
bin,bin,bɪn,бин,мусорное ведро,wordnet,noun,существительное,9
binary,binary,ˈbaɪnəˌri,байнэри,двоичный,wordnet,noun,существительное,80
bind,bind,baɪnd,байнд,связывать,wordnet,noun,существительное,4
bit,bit,bɪt,бит,кусочек,wordnet,noun,существительное,13
black,black,blæk,блэк,черный,wordnet,noun,существительное,4
blame,blame,bleɪm,блэйм,обвинять,wordnet,noun,существительное,1
blank,blank,blæŋk,блэнк,пустой,wordnet,noun,существительное,2
blanket,blanket,ˈblæŋkɪt,блэнкит,одеяло,wordnet,noun,существительное,1
blast,blast,blæst,блэст,взрыв,wordnet,noun,существительное,1
blazing,blazing,ˈbleɪzɪŋ,блэйзин,пылающий,wordnet,noun,существительное,1
blend,blend,blɛnd,блэнд,смешивать,wordnet,noun,существительное,8
blending,blending,ˈblɛndɪŋ,блэндин,смешивание,wordnet,noun,существительное,22
blessed,blessed,blɛst,блэст,благословенный,wordnet,verb,глагол,1
blind,blind,blaɪnd,блайнд,слепой,wordnet,noun,существительное,2
block,block,blɑk,блак,блокировать,wordnet,noun,существительное,50
blow,blow,bloʊ,блоу,дуть,wordnet,noun,существительное,1
blowing,blowing,bloʊɪŋ,блоуин,дует,wordnet,noun,существительное,1
blown,blown,bloʊn,блоун,взорванный,wordnet,verb,глагол,1
blue,blue,blu,блу,синий,wordnet,noun,существительное,12
blueprint,blueprint,ˈbluˌprɪnt,блупринт,проект,wordnet,noun,существительное,34
boast,boast,boʊst,боуст,хвастаться,wordnet,noun,существительное,1
body,body,ˈbɑdi,бади,тело,wordnet,noun,существительное,12
bogged,bogged,bɔgd,богд,увязший,wordnet,,,1
boil,boil,bɔɪl,бойл,варить,wordnet,noun,существительное,2
boilerplate,boilerplate,ˈbɔɪlərˌpleɪt,бойлэрплэйт,шаблонный шаблон,wordnet,noun,существительное,8
bold,bold,boʊld,боулд,смелый,wordnet,noun,существительное,1
bona,bona,ˈboʊnə,боунэ,добросовестно,wordnet,,,3
bone,bone,boʊn,боун,кость,wordnet,noun,существительное,3
bonus,bonus,ˈboʊnəs,боунэс,бонус,wordnet,noun,существительное,4
book,book,bʊk,бук,книга,wordnet,noun,существительное,221
boolean,boolean,buˈliən,булин,логическое значение,wordnet,adj,прилагательное,23
boost,boost,bust,буст,способствовать росту,wordnet,noun,существительное,3
boot,boot,but,бут,ботинок,wordnet,noun,существительное,1
boring,boring,ˈbɔrɪŋ,борин,скучный,wordnet,noun,существительное,1
boris,boris,ˈbɔrɪs,борис,Борис,wordnet,,,1
borrow,borrow,ˈbɑˌroʊ,бароу,занимать,wordnet,verb,глагол,3
borrowed,borrowed,ˈbɑˌroʊd,бароуд,заимствованный,wordnet,verb,глагол,1
borrows,borrows,ˈbɑroʊz,бароуз,занимает,wordnet,verb,глагол,5
bother,bother,ˈbɑðər,базэр,беспокоить,wordnet,noun,существительное,3
bottom,bottom,ˈbɑtəm,батм,нижний,wordnet,noun,существительное,12
bound,bound,baʊnd,баунд,граница,wordnet,noun,существительное,3
boundary,boundary,ˈbaʊndəri,баундэри,граница,wordnet,noun,существительное,65
bounded,bounded,ˈbaʊndɪd,баундид,ограниченный,wordnet,verb,глагол,16
bounding,bounding,ˈbaʊndɪŋ,баундин,ограничивающий,wordnet,verb,глагол,1
box,box,bɑks,бакс,коробка,wordnet,noun,существительное,21
bracket,bracket,ˈbrækɪt,брэкит,кронштейн,wordnet,noun,существительное,25
brain,brain,breɪn,брэйн,мозг,wordnet,noun,существительное,2
bramble,bramble,ˈbræmbəl,брэмбл,ежевика,wordnet,noun,существительное,1
branko,branko,ˈbræŋkoʊ,брэнкоу,Бранко,wordnet,,,1
bravo,bravo,ˈbrɑvoʊ,бравоу,Браво,wordnet,noun,существительное,2
break,break,breɪk,брэйк,перерыв,wordnet,noun,существительное,29
breakdown,breakdown,ˈbreɪkˌdaʊn,брэйкдаун,авария,wordnet,noun,существительное,1
breaker,breaker,ˈbreɪkər,брэйкэр,разрушитель,wordnet,noun,существительное,1
breaking,breaking,ˈbreɪkɪŋ,брэйкин,ломать,wordnet,noun,существительное,12
breeze,breeze,briz,бриз,ветер,wordnet,noun,существительное,4
brendan,brendan,ˈbrɛndən,брэндн,Брендан,wordnet,,,1
brew,brew,bru,бру,заваривать,wordnet,noun,существительное,4
brian,brian,braɪən,брайн,Брайан,wordnet,,,1
bridge,bridge,brɪʤ,бридж,мост,wordnet,noun,существительное,2
brief,brief,brif,бриф,краткий,wordnet,noun,существительное,1
briefly,briefly,ˈbrifli,брифли,кратко,wordnet,adv,наречие,9
bright,bright,braɪt,брайт,яркий,wordnet,adj,прилагательное,1
bring,bring,brɪŋ,брин,приносить,wordnet,verb,глагол,12
bringing,bringing,ˈbrɪŋɪŋ,бринин,приведение,wordnet,noun,существительное,2
brings,brings,brɪŋz,бринз,приносит,wordnet,verb,глагол,3
brink,brink,brɪŋk,бринк,грань,wordnet,noun,существительное,1
broach,broach,broʊʧ,броуч,протяжка,wordnet,noun,существительное,1
broadcast,broadcast,ˈbrɔdˌkæst,бродкэст,транслировать,wordnet,noun,существительное,18
broadcaster,broadcaster,ˈbrɔdˌkæstər,бродкэстэр,телеведущий,wordnet,noun,существительное,1
broadcasting,broadcasting,ˈbrɔdˌkæstɪŋ,бродкэстин,вещание,wordnet,noun,существительное,2
broader,broader,ˈbrɔdər,бродэр,шире,wordnet,adj,прилагательное,1
broken,broken,ˈbroʊkən,броукн,сломанный,wordnet,verb,глагол,3
bromine,bromine,ˈbroʊˌmin,броумин,бром,wordnet,noun,существительное,1
bronze,bronze,brɑnz,бранз,бронза,wordnet,noun,существительное,1
brought,brought,brɔt,брот,принес,wordnet,verb,глагол,4
browse,browse,braʊz,брауз,просматривать,wordnet,noun,существительное,2
browser,browser,ˈbraʊzər,браузэр,браузер,wordnet,noun,существительное,1
brumm,brumm,brəm,брм,брумм,wordnet,,,1
brush,brush,brəʃ,брэш,щетка,wordnet,noun,существительное,1
bucket,bucket,ˈbəkɪt,бэкит,ведро,wordnet,noun,существительное,6
buffet,buffet,ˈbəfət,бэфэт,буфет,wordnet,noun,существительное,1
bug,bug,bəg,бэг,ошибка,wordnet,noun,существительное,10
build,build,bɪld,билд,строить,wordnet,noun,существительное,64
builder,builder,ˈbɪldər,билдэр,строитель,wordnet,noun,существительное,41
building,building,ˈbɪldɪŋ,билдин,здание,wordnet,noun,существительное,87
built,built,bɪlt,билт,построен,wordnet,verb,глагол,12
builtin,builtin,ˈbɪlˌtɪn,билтин,встроенный,wordnet,,,2
bullet,bullet,ˈbʊlət,булэт,пуля,wordnet,noun,существительное,2
bunch,bunch,bənʧ,бнч,связка,wordnet,noun,существительное,2
bundle,bundle,ˈbəndəl,бндл,пучок,wordnet,noun,существительное,3
bundled,bundled,ˈbəndəld,бндлд,в комплекте,wordnet,verb,глагол,1
burgeoning,burgeoning,ˈbərʤənɪŋ,бэрджнин,растущий,wordnet,verb,глагол,2
business,business,ˈbɪznɪs,бизнис,бизнес,wordnet,noun,существительное,10
busted,busted,ˈbəstɪd,бэстид,разорен,wordnet,verb,глагол,1
busy,busy,ˈbɪzi,бизи,занятый,wordnet,verb,глагол,1
button,button,ˈbətən,бэтн,кнопка,wordnet,noun,существительное,6
buy,buy,baɪ,бай,купить,wordnet,noun,существительное,1
buying,buying,baɪɪŋ,байин,покупка,wordnet,noun,существительное,1
byte,byte,baɪt,байт,байт,wordnet,noun,существительное,29
cacao,cacao,kəˈkeɪoʊ,кэкэйоу,какао,wordnet,noun,существительное,3
cache,cache,kæˈʃeɪ,кэшэй,кэш,wordnet,noun,существительное,17
cached,cached,kæʃt,кэшт,кэшированный,wordnet,verb,глагол,9
caching,caching,ˈkæʃɪŋ,кэшин,кэширование,wordnet,verb,глагол,34
cake,cake,keɪk,кэйк,торт,wordnet,noun,существительное,8
cal,cal,kæl,кэл,кал,wordnet,,,2
call,call,kɔl,кол,вызов,wordnet,noun,существительное,63
callable,callable,ˈkɔləbəl,колэбл,отзывной,wordnet,adj,прилагательное,8
called,called,kɔld,колд,называется,wordnet,verb,глагол,103
caller,caller,ˈkɔlər,колэр,звонящий,wordnet,noun,существительное,1
calling,calling,ˈkɔlɪŋ,колин,звоню,wordnet,noun,существительное,13
calorie,calorie,ˈkælɔˌri,кэлори,калория,wordnet,noun,существительное,52
camp,camp,kæmp,кэмп,лагерь,wordnet,noun,существительное,1
canada,canada,ˈkænədə,кэнэдэ,Канада,wordnet,noun,существительное,5
canadian,canadian,kəˈneɪdiən,кэнэйдин,канадец,wordnet,noun,существительное,9
candace,candace,ˈkændəs,кэндэс,Кэндис,wordnet,,,1
candidate,candidate,ˈkænədɪt,кэнэдит,кандидат,wordnet,noun,существительное,2
cannot,cannot,ˈkænɑt,кэнат,не могу,wordnet,,,5
canonical,canonical,kəˈnɑnəkəl,кэнанэкл,канонический,wordnet,adj,прилагательное,1
cap,cap,kæp,кэп,кепка,wordnet,noun,существительное,45
capability,capability,ˌkeɪpəˈbɪləti,кэйпэбилэти,способность,wordnet,noun,существительное,11
capable,capable,ˈkeɪpəbəl,кэйпэбл,способный,wordnet,adj,прилагательное,1
capacity,capacity,kəˈpæsɪti,кэпэсити,емкость,wordnet,noun,существительное,109
capital,capital,ˈkæpɪtəl,кэпитл,капитал,wordnet,noun,существительное,11
capitalize,capitalize,ˈkæpətəˌlaɪz,кэпэтлайз,капитализировать,wordnet,verb,глагол,1
capitalized,capitalized,ˈkæpɪtəˌlaɪzd,кэпитлайзд,капитализированный,wordnet,verb,глагол,2
capped,capped,kæpt,кэпт,ограниченный,wordnet,verb,глагол,3
capper,capper,ˈkæpər,кэпэр,каппер,wordnet,,,8
capping,capping,ˈkæpɪŋ,кэпин,укупорка,wordnet,verb,глагол,2
capture,capture,ˈkæpʧər,кэпчэр,захватывать,wordnet,noun,существительное,4
captured,captured,ˈkæpʧərd,кэпчэрд,захвачен,wordnet,verb,глагол,1
capturing,capturing,ˈkæpʧərɪŋ,кэпчэрин,захват,wordnet,verb,глагол,1
cardinal,cardinal,ˈkɑrdɪnəl,кардинл,кардинал,wordnet,noun,существительное,3
care,care,kɛr,кэр,забота,wordnet,noun,существительное,31
career,career,kərɪr,кэрир,карьера,wordnet,noun,существительное,2
careful,careful,ˈkɛrfəl,кэрфл,осторожный,wordnet,adj,прилагательное,8
carefully,carefully,ˈkɛrfəli,кэрфли,осторожно,wordnet,adv,наречие,5
careless,careless,ˈkɛrlɛs,кэрлэс,беспечный,wordnet,adj,прилагательное,1
carried,carried,ˈkɛrid,кэрид,унесенный,wordnet,verb,глагол,1
carrot,carrot,ˈkɛrət,кэрэт,морковь,wordnet,noun,существительное,3
carry,carry,ˈkɛri,кэри,нести,wordnet,noun,существительное,4
cartesian,cartesian,kɑrˈtiʒən,картижн,декартовский,wordnet,noun,существительное,1
casa,casa,ˈkɑsə,касэ,дом,wordnet,,,2
case,case,keɪs,кэйс,случай,wordnet,noun,существительное,179
cast,cast,kæst,кэст,бросать,wordnet,noun,существительное,35
casting,casting,ˈkæstɪŋ,кэстин,кастинг,wordnet,noun,существительное,5
casually,casually,ˈkæʒəwəli,кэжэули,случайно,wordnet,adv,наречие,1
catalog,catalog,ˈkætəlɔg,кэтлог,каталог,wordnet,noun,существительное,22
catapult,catapult,ˈkætəˌpəlt,кэтэплт,катапульта,wordnet,noun,существительное,1
catch,catch,kæʧ,кэч,ловить,wordnet,noun,существительное,6
catchall,catchall,ˈkæˌʧɔl,кэчол,всеобъемлющий,wordnet,noun,существительное,1
categorical,categorical,ˌkætəˈgɔrɪkəl,кэтэгорикл,категоричный,wordnet,adj,прилагательное,7
category,category,ˈkætəˌgɔri,кэтэгори,категория,wordnet,noun,существительное,25
cater,cater,ˈkeɪtər,кэйтэр,обслуживать,wordnet,verb,глагол,2
caters,caters,ˈkeɪtərz,кэйтэрз,обслуживает,wordnet,verb,глагол,1
catherine,catherine,ˈkæθərɪn,кэсэрин,Екатерина,wordnet,noun,существительное,1
caught,caught,kɔt,кот,пойманный,wordnet,verb,глагол,2
cauliflower,cauliflower,ˈkɑləˌflaʊər,калэфлауэр,цветная капуста,wordnet,noun,существительное,2
cause,cause,kɔz,коз,причина,wordnet,noun,существительное,3
caused,caused,kɔzd,козд,вызванный,wordnet,verb,глагол,3
cautious,cautious,ˈkɔʃəs,кошэс,осторожный,wordnet,noun,существительное,5
caveat,caveat,ˈkeɪviˌæt,кэйвиэт,предостережение,wordnet,noun,существительное,3
ceder,ceder,ˈsidər,сидэр,кедер,wordnet,,,1
celebrates,celebrates,ˈsɛləˌbreɪts,сэлэбрэйтс,празднует,wordnet,verb,глагол,1
cell,cell,sɛl,сэл,клетка,wordnet,noun,существительное,18
cellar,cellar,ˈsɛlər,сэлэр,подвал,wordnet,noun,существительное,1
celsius,celsius,ˈsɛlsiəs,сэлсиэс,Цельсия,wordnet,noun,существительное,5
center,center,ˈsɛnər,сэнэр,центр,wordnet,noun,существительное,4
central,central,ˈsɛntrəl,сэнтрл,центральный,wordnet,noun,существительное,4
centralize,centralize,ˈsɛntrəˌlaɪz,сэнтрлайз,централизовать,wordnet,verb,глагол,1
century,century,ˈsɛnʧəri,сэнчэри,век,wordnet,noun,существительное,1
ceremony,ceremony,ˈsɛrəˌmoʊni,сэрмоуни,церемония,wordnet,noun,существительное,3
certain,certain,ˈsərtən,сэртн,определенный,wordnet,adj,прилагательное,25
certainly,certainly,ˈsərtənli,сэртнли,конечно,wordnet,adv,наречие,8
chain,chain,ʧeɪn,чэйн,цепь,wordnet,noun,существительное,30
chained,chained,ʧeɪnd,чэйнд,прикованный цепями,wordnet,verb,глагол,1
chaining,chaining,ˈʧeɪnɪŋ,чэйнин,связывание,wordnet,verb,глагол,23
challenge,challenge,ˈʧælənʤ,чэлндж,испытание,wordnet,noun,существительное,5
challenging,challenging,ˈʧælənʤɪŋ,чэлнджин,испытывающий,wordnet,verb,глагол,1
champagne,champagne,ʃæmˈpeɪn,шэмпэйн,шампанское,wordnet,noun,существительное,2
chance,chance,ʧæns,чэнс,шанс,wordnet,noun,существительное,9
change,change,ʧeɪnʤ,чэйндж,изменять,wordnet,noun,существительное,69
changed,changed,ʧeɪnʤd,чэйнджд,измененный,wordnet,verb,глагол,8
changing,changing,ˈʧeɪnʤɪŋ,чэйнджин,изменение,wordnet,verb,глагол,27
channel,channel,ˈʧænəl,чэнл,канал,wordnet,noun,существительное,38
chanting,chanting,ˈʧæntɪŋ,чэнтин,пение,wordnet,noun,существительное,1
chapter,chapter,ˈʧæptər,чэптэр,глава,wordnet,noun,существительное,607
char,char,ʧɑr,чар,голец,wordnet,noun,существительное,8
character,character,ˈkɛrɪktər,кэриктэр,характер,wordnet,noun,существительное,49
characteristic,characteristic,ˌkɛrɪktərˈɪstɪk,кэриктэристик,характеристика,wordnet,noun,существительное,3
characterizing,characterizing,ˈkɛrɪktərˌaɪzɪŋ,кэриктэрайзин,характеризующий,wordnet,verb,глагол,1
charge,charge,ʧɑrʤ,чардж,заряжать,wordnet,noun,существительное,1
chart,chart,ʧɑrt,чарт,диаграмма,wordnet,noun,существительное,8
charting,charting,ˈʧɑrtɪŋ,чартин,составление диаграмм,wordnet,verb,глагол,3
chase,chase,ʧeɪs,чэйс,гнаться,wordnet,noun,существительное,1
chatty,chatty,ˈʧæti,чэти,болтливый,wordnet,adj,прилагательное,4
cheat,cheat,ʧit,чит,изменять,wordnet,noun,существительное,1
check,check,ʧɛk,чэк,проверять,wordnet,noun,существительное,41
checked,checked,ʧɛkt,чэкт,проверено,wordnet,verb,глагол,2
checker,checker,ˈʧɛkər,чэкэр,шашка,wordnet,noun,существительное,4
checking,checking,ˈʧɛkɪŋ,чэкин,проверка,wordnet,verb,глагол,12
checkpoint,checkpoint,ˈʧɛkˌpɔɪnt,чэкпойнт,контрольно-пропускной пункт,wordnet,noun,существительное,2
cheesecake,cheesecake,ˈʧizˌkeɪk,чизкэйк,чизкейк,wordnet,noun,существительное,1
cherish,cherish,ˈʧɛrɪʃ,чэриш,ценить,wordnet,verb,глагол,1
chewing,chewing,ʧuɪŋ,чуин,жевание,wordnet,noun,существительное,1
child,child,ʧaɪld,чайлд,ребенок,wordnet,noun,существительное,1
chip,chip,ʧɪp,чип,чип,wordnet,noun,существительное,1
chlorine,chlorine,ˈklɔrin,клорин,хлор,wordnet,noun,существительное,1
chocolate,chocolate,ˈʧɔklət,чоклэт,шоколад,wordnet,noun,существительное,1
choice,choice,ʧɔɪs,чойс,выбор,wordnet,noun,существительное,17
choose,choose,ʧuz,чуз,выбирать,wordnet,verb,глагол,8
choosing,choosing,ˈʧuzɪŋ,чузин,выбирая,wordnet,verb,глагол,7
chose,chose,ʧoʊz,чоуз,выбрал,wordnet,verb,глагол,6
chosen,chosen,ˈʧoʊzən,чоузн,выбранный,wordnet,noun,существительное,2
chris,chris,krɪs,крис,Крис,wordnet,,,3
christopher,christopher,ˈkrɪstəfər,кристэфэр,Кристофер,wordnet,noun,существительное,1
chunk,chunk,ʧəŋk,чэнк,кусок,wordnet,noun,существительное,10
circle,circle,ˈsərkəl,сэркл,круг,wordnet,noun,существительное,8
circuit,circuit,ˈsərkət,сэркэт,схема,wordnet,noun,существительное,1
circumvent,circumvent,ˌsərkəmˈvɛnt,сэркмвэнт,обойти,wordnet,verb,глагол,1
citizen,citizen,ˈsɪtɪzən,ситизн,гражданин,wordnet,noun,существительное,3
city,city,ˈsɪti,сити,город,wordnet,noun,существительное,1
claim,claim,kleɪm,клэйм,требовать,wordnet,noun,существительное,2
claimed,claimed,kleɪmd,клэймд,заявлено,wordnet,verb,глагол,2
clan,clan,klæn,клэн,клан,wordnet,noun,существительное,1
clang,clang,klæŋ,клэн,лязг,wordnet,noun,существительное,1
clarifying,clarifying,ˈklɛrəˌfaɪɪŋ,клэрэфайин,уточняющий,wordnet,verb,глагол,1
clarity,clarity,ˈklɛrɪti,клэрити,ясность,wordnet,noun,существительное,2
clark,clark,klɑrk,кларк,Кларк,wordnet,noun,существительное,1
clash,clash,klæʃ,клэш,столкновение,wordnet,noun,существительное,4
clashing,clashing,ˈklæʃɪŋ,клэшин,столкновение,wordnet,verb,глагол,2
class,class,klæs,клэс,сорт,wordnet,noun,существительное,107
classical,classical,ˈklæsɪkəl,клэсикл,классический,wordnet,noun,существительное,1
classification,classification,ˌklæsəfəˈkeɪʃən,клэсэфэкэйшн,классификация,wordnet,noun,существительное,23
classified,classified,ˈklæsəˌfaɪd,клэсэфайд,классифицированный,wordnet,noun,существительное,3
classify,classify,ˈklæsəˌfaɪ,клэсэфай,классифицировать,wordnet,verb,глагол,4
classifying,classifying,ˈklæsəˌfaɪɪŋ,клэсэфайин,классификация,wordnet,verb,глагол,3
classing,classing,ˈklæsɪŋ,клэсин,классификация,wordnet,verb,глагол,1
clause,clause,klɔz,клоз,пункт,wordnet,noun,существительное,26
clean,clean,klin,клин,чистый,wordnet,noun,существительное,44
cleaned,cleaned,klind,клинд,очищенный,wordnet,verb,глагол,6
cleaner,cleaner,ˈklinər,клинэр,чище,wordnet,noun,существительное,6
cleaning,cleaning,ˈklinɪŋ,клинин,уборка,wordnet,noun,существительное,13
cleanup,cleanup,ˈkliˌnəp,клинэп,очистка,wordnet,noun,существительное,1
clear,clear,klɪr,клир,прозрачный,wordnet,noun,существительное,20
cleared,cleared,klɪrd,клирд,очищен,wordnet,verb,глагол,1
clearer,clearer,ˈklɪrər,клирэр,яснее,wordnet,adj,прилагательное,5
clearing,clearing,ˈklɪrɪŋ,клирин,очистка,wordnet,noun,существительное,1
clearly,clearly,ˈklɪrli,клирли,четко,wordnet,adv,наречие,4
clever,clever,ˈklɛvər,клэвэр,умный,wordnet,adj,прилагательное,2
click,click,klɪk,клик,щелкнуть,wordnet,noun,существительное,13
clicked,clicked,klɪkt,кликт,щелкнул,wordnet,verb,глагол,1
clicking,clicking,ˈklɪkɪŋ,кликин,щелчок,wordnet,verb,глагол,1
client,client,klaɪənt,клайнт,клиент,wordnet,noun,существительное,2
clobber,clobber,ˈklɑbər,клабэр,колотить,wordnet,noun,существительное,1
close,close,kloʊz,клоуз,закрывать,wordnet,noun,существительное,15
closer,closer,ˈkloʊzər,клоузэр,ближе,wordnet,noun,существительное,6
closing,closing,ˈkloʊzɪŋ,клоузин,закрытие,wordnet,noun,существительное,3
closure,closure,ˈkloʊʒər,клоужэр,закрытие,wordnet,noun,существительное,7
cloud,cloud,klaʊd,клауд,облако,wordnet,noun,существительное,57
cloudy,cloudy,ˈklaʊdi,клауди,пасмурно,wordnet,adj,прилагательное,1
club,club,kləb,клэб,клуб,wordnet,noun,существительное,5
clubbed,clubbed,kləbd,клэбд,избит дубинкой,wordnet,verb,глагол,1
clump,clump,kləmp,клмп,комок,wordnet,noun,существительное,1
cluster,cluster,ˈkləstər,клэстэр,кластер,wordnet,noun,существительное,106
clutter,clutter,ˈklətər,клэтэр,беспорядок,wordnet,noun,существительное,2
cluttering,cluttering,ˈklətərɪŋ,клэтэрин,загромождение,wordnet,verb,глагол,2
coaching,coaching,ˈkoʊʧɪŋ,коучин,коучинг,wordnet,noun,существительное,1
coalesce,coalesce,ˌkoʊəˈlɛs,коуалэс,сливаться,wordnet,verb,глагол,7
coalescing,coalescing,ˌkoʊəˈlɛsɪŋ,коуалэсин,слияние,wordnet,verb,глагол,1
coat,coat,koʊt,коут,пальто,wordnet,noun,существительное,2
code,code,koʊd,коуд,код,wordnet,noun,существительное,404
coded,coded,ˈkoʊdɪd,коудид,закодированный,wordnet,verb,глагол,2
coding,coding,ˈkoʊdɪŋ,коудин,кодирование,wordnet,noun,существительное,14
coefficient,coefficient,ˌkoʊəˈfɪʃənt,коуафишнт,коэффициент,wordnet,noun,существительное,34
coeur,coeur,kur,кур,сердце,wordnet,,,1
cognitive,cognitive,ˈkɑgnɪtɪv,кагнитив,познавательный,wordnet,adj,прилагательное,1
cohen,cohen,koʊən,коуан,Коэн,wordnet,,,1
coherent,coherent,koʊˈhɪrənt,коухирнт,последовательный,wordnet,adj,прилагательное,2
cohesive,cohesive,koʊˈhisɪv,коухисив,сплоченный,wordnet,adj,прилагательное,9
coin,coin,kɔɪn,койн,монета,wordnet,noun,существительное,2
cola,cola,ˈkoʊlə,коулэ,кола,wordnet,noun,существительное,2
cold,cold,koʊld,коулд,холодный,wordnet,noun,существительное,14
coldest,coldest,ˈkoʊldəst,коулдэст,самый холодный,wordnet,adj,прилагательное,26
collaborate,collaborate,kəˈlæbərˌeɪt,кэлэбэрэйт,сотрудничать,wordnet,verb,глагол,1
collado,collado,koʊˈlɑdoʊ,коуладоу,колладо,wordnet,,,1
collapse,collapse,kəˈlæps,кэлэпс,крах,wordnet,noun,существительное,1
colleague,colleague,ˈkɑlig,калиг,коллега,wordnet,noun,существительное,1
collect,collect,kəˈlɛkt,кэлэкт,собирать,wordnet,noun,существительное,39
collected,collected,kəˈlɛktəd,кэлэктэд,собранный,wordnet,verb,глагол,3
collecting,collecting,kəˈlɛktɪŋ,кэлэктин,сбор,wordnet,noun,существительное,6
collection,collection,kəˈlɛkʃən,кэлэкшн,коллекция,wordnet,noun,существительное,42
colon,colon,ˈkoʊlən,коулн,толстая кишка,wordnet,noun,существительное,2
color,color,ˈkələr,клэр,цвет,wordnet,noun,существительное,11
colored,colored,ˈkələrd,клэрд,цветной,wordnet,noun,существительное,1
coloring,coloring,ˈkələrɪŋ,клэрин,раскраска,wordnet,noun,существительное,1
column,column,ˈkɑləm,калм,столбец,wordnet,noun,существительное,1302
columned,columned,ˈkɑləmd,калмд,с колоннами,wordnet,adj,прилагательное,1
combination,combination,ˌkɑmbəˈneɪʃən,камбэнэйшн,комбинация,wordnet,noun,существительное,9
combine,combine,ˈkɑmbaɪn,камбайн,объединить,wordnet,noun,существительное,29
combined,combined,kəmˈbaɪnd,кмбайнд,комбинированный,wordnet,verb,глагол,8
combing,combing,ˈkoʊmɪŋ,коумин,расчесывание,wordnet,noun,существительное,1
combining,combining,kəmˈbaɪnɪŋ,кмбайнин,объединение,wordnet,noun,существительное,4
combo,combo,ˈkɑmˌboʊ,камбоу,комбо,wordnet,noun,существительное,4
come,come,kəm,км,приходить,wordnet,noun,существительное,55
comeback,comeback,ˈkəmˌbæk,кмбэк,Вернись,wordnet,noun,существительное,1
comedy,comedy,ˈkɑmədi,камэди,комедия,wordnet,noun,существительное,32
comfort,comfort,ˈkəmfərt,кмфэрт,комфорт,wordnet,noun,существительное,2
comfortable,comfortable,ˈkəmfərtəbəl,кмфэртэбл,комфортный,wordnet,adj,прилагательное,13
comfortably,comfortably,ˈkəmfərtəbli,кмфэртэбли,комфортно,wordnet,adv,наречие,1
comically,comically,ˈkɑmɪkəli,камикли,комично,wordnet,adv,наречие,1
coming,coming,ˈkəmɪŋ,кмин,приходящий,wordnet,noun,существительное,8
comma,comma,ˈkɑmə,камэ,запятая,wordnet,noun,существительное,16
command,command,kəˈmænd,кэмэнд,команда,wordnet,noun,существительное,44
commencement,commencement,kəˈmɛnsmənt,кэмэнсмнт,начало,wordnet,noun,существительное,1
comment,comment,ˈkɑmɛnt,камэнт,комментарий,wordnet,noun,существительное,6
commercial,commercial,kəˈmərʃəl,кэмэршл,коммерческий,wordnet,noun,существительное,68
commission,commission,kəˈmɪʃən,кэмишн,комиссия,wordnet,noun,существительное,1
commitment,commitment,kəˈmɪtmənt,кэмитмнт,обязательство,wordnet,noun,существительное,2
committed,committed,kəˈmɪtɪd,кэмитид,преданный идее,wordnet,verb,глагол,1
common,common,ˈkɑmən,камн,общий,wordnet,noun,существительное,102
commonly,commonly,ˈkɑmənli,камнли,обычно,wordnet,adv,наречие,4
communicate,communicate,kəmˈjunəˌkeɪt,кмйунэкэйт,общаться,wordnet,verb,глагол,1
communicates,communicates,kəmˈjunɪˌkeɪts,кмйуникэйтс,общается,wordnet,verb,глагол,1
communicating,communicating,kəmˈjunəˌkeɪtɪŋ,кмйунэкэйтин,общение,wordnet,noun,существительное,1
community,community,kəmˈjunɪti,кмйунити,сообщество,wordnet,noun,существительное,5
companion,companion,kəmˈpænjən,кмпэнйн,компаньон,wordnet,noun,существительное,35
company,company,ˈkəmpəˌni,кмпни,компания,wordnet,noun,существительное,5
comparable,comparable,ˈkɑmprəbəl,кампрэбл,сопоставимый,wordnet,adj,прилагательное,2
compare,compare,kəmˈpɛr,кмпэр,сравнивать,wordnet,noun,существительное,8
compared,compared,kəmˈpɛrd,кмпэрд,по сравнению,wordnet,verb,глагол,19
comparing,comparing,kəmˈpɛrɪŋ,кмпэрин,сравнение,wordnet,noun,существительное,5
comparison,comparison,kəmˈpɛrəsən,кмпэрэсн,сравнение,wordnet,noun,существительное,7
compatibility,compatibility,kəmˌpætəˈbɪləˌti,кмпэтэбилэти,совместимость,wordnet,noun,существительное,1
compatible,compatible,kəmˈpætəbəl,кмпэтэбл,совместимый,wordnet,adj,прилагательное,9
compelling,compelling,kəmˈpɛlɪŋ,кмпэлин,неотразимый,wordnet,verb,глагол,1
compendium,compendium,kəmˈpɛndiəm,кмпэндим,сборник,wordnet,noun,существительное,1
competent,competent,ˈkɑmpətɪnt,кампэтинт,компетентный,wordnet,adj,прилагательное,1
competing,competing,kəmˈpitɪŋ,кмпитин,конкурирующий,wordnet,verb,глагол,1
competition,competition,ˌkɑmpəˈtɪʃən,кампэтишн,соревнование,wordnet,noun,существительное,1
compilation,compilation,ˌkɑmpəˈleɪʃən,кампэлэйшн,компиляция,wordnet,noun,существительное,1
compile,compile,kəmˈpaɪl,кмпайл,компилировать,wordnet,verb,глагол,2
complain,complain,kəmˈpleɪn,кмплэйн,жаловаться,wordnet,verb,глагол,2
complaining,complaining,kəmˈpleɪnɪŋ,кмплэйнин,жаловаться,wordnet,verb,глагол,1
complete,complete,kəmˈplit,кмплит,полный,wordnet,verb,глагол,37
completed,completed,kəmˈplitɪd,кмплитид,завершенный,wordnet,verb,глагол,10
completely,completely,kəmˈplitli,кмплитли,полностью,wordnet,adv,наречие,5
completeness,completeness,kəmˈplitnəs,кмплитнэс,полнота,wordnet,noun,существительное,3
completes,completes,kəmˈplits,кмплитс,завершает,wordnet,verb,глагол,1
completing,completing,kəmˈplitɪŋ,кмплитин,завершение,wordnet,verb,глагол,3
completion,completion,kəmˈpliʃən,кмплишн,завершение,wordnet,noun,существительное,1
complex,complex,ˈkɑmplɛks,камплэкс,сложный,wordnet,noun,существительное,77
complexity,complexity,kəmˈplɛksɪti,кмплэксити,сложность,wordnet,noun,существительное,11
compliant,compliant,kəmˈplaɪənt,кмплайнт,совместимый,wordnet,adj,прилагательное,1
complicate,complicate,ˈkɑmpləˌkeɪt,камплэкэйт,усложнять,wordnet,verb,глагол,1
complicated,complicated,ˈkɑmpləˌkeɪtəd,камплэкэйтэд,сложный,wordnet,verb,глагол,11
comply,comply,kəmˈplaɪ,кмплай,исполнять,wordnet,verb,глагол,1
component,component,kəmˈpoʊnənt,кмпоуннт,компонент,wordnet,noun,существительное,26
compose,compose,kəmˈpoʊz,кмпоуз,сочинять,wordnet,verb,глагол,1
composed,composed,kəmˈpoʊzd,кмпоузд,составленный,wordnet,verb,глагол,1
composition,composition,ˌkɑmpəˈzɪʃən,кампэзишн,композиция,wordnet,noun,существительное,8
compound,compound,ˈkɑmpaʊnd,кампаунд,сложный,wordnet,noun,существительное,2
comprehension,comprehension,ˌkɑmpriˈhɛnʃən,камприхэншн,понимание,wordnet,noun,существительное,21
compromising,compromising,ˈkɑmprəˌmaɪzɪŋ,кампрмайзин,компрометирующий,wordnet,verb,глагол,1
compulsive,compulsive,kəmˈpəlsɪv,кмплсив,компульсивный,wordnet,noun,существительное,1
computation,computation,ˌkɑmpjəˈteɪʃən,кампйэтэйшн,вычисление,wordnet,noun,существительное,36
computational,computational,ˌkɑmpjuˈteɪʃənəl,кампйутэйшнл,вычислительный,wordnet,adj,прилагательное,1
compute,compute,kəmˈpjut,кмпйут,вычислить,wordnet,verb,глагол,45
computed,computed,kəmˈpjutɪd,кмпйутид,вычисленный,wordnet,verb,глагол,8
computer,computer,kəmˈpjutər,кмпйутэр,компьютер,wordnet,noun,существительное,26
computes,computes,kəmˈpjuts,кмпйутс,вычисляет,wordnet,verb,глагол,14
computing,computing,kəmˈpjutɪŋ,кмпйутин,вычисления,wordnet,noun,существительное,31
concatenate,concatenate,kənˈkætəˌneɪt,кнкэтнэйт,объединять,wordnet,verb,глагол,3
concatenation,concatenation,kənˌkætəˈneɪʃən,кнкэтэнэйшн,конкатенация,wordnet,noun,существительное,1
concept,concept,ˈkɑnsɛpt,кансэпт,концепция,wordnet,noun,существительное,56
conceptually,conceptually,kənˈsɛpʧuəli,кнсэпчули,концептуально,wordnet,adv,наречие,8
concerned,concerned,kənˈsərnd,кнсэрнд,обеспокоенный,wordnet,verb,глагол,5
conclude,conclude,kənˈklud,кнклуд,заключать,wordnet,verb,глагол,3
concluded,concluded,kənˈkludɪd,кнклудид,пришел к выводу,wordnet,verb,глагол,1
concludes,concludes,kənˈkludz,кнклудз,заключает,wordnet,verb,глагол,9
concluding,concluding,kənˈkludɪŋ,кнклудин,заключение,wordnet,verb,глагол,1
conclusion,conclusion,kənˈkluʒən,кнклужн,заключение,wordnet,noun,существительное,5
concrete,concrete,ˈkɑnkrit,канкрит,конкретный,wordnet,noun,существительное,1
condition,condition,kənˈdɪʃən,кндишн,состояние,wordnet,noun,существительное,22
conditional,conditional,kənˈdɪʃənəl,кндишнл,условный,wordnet,adj,прилагательное,1
conduct,conduct,ˈkɑndəkt,кандэкт,руководить,wordnet,noun,существительное,2
confession,confession,kənˈfɛʃən,кнфэшн,признание,wordnet,noun,существительное,1
confidence,confidence,ˈkɑnfədɛns,канфэдэнс,уверенность,wordnet,noun,существительное,2
confident,confident,ˈkɑnfədənt,канфэднт,уверенный,wordnet,adj,прилагательное,10
confidently,confidently,ˈkɑnfədəntli,канфэднтли,уверенно,wordnet,adv,наречие,3
configuration,configuration,kənˌfɪgjərˈeɪʃən,кнфигйэрэйшн,конфигурация,wordnet,noun,существительное,49
configure,configure,kənˈfɪgjər,кнфигйэр,настроить,wordnet,verb,глагол,15
configured,configured,kənˈfɪgjərd,кнфигйэрд,настроен,wordnet,verb,глагол,12
configuring,configuring,kənˈfɪgjərɪŋ,кнфигйэрин,настройка,wordnet,verb,глагол,14
confined,confined,kənˈfaɪnd,кнфайнд,ограниченный,wordnet,verb,глагол,1
confirms,confirms,kənˈfərmz,кнфэрмз,подтверждает,wordnet,verb,глагол,1
confuse,confuse,kənfˈjuz,кнфйуз,путать,wordnet,verb,глагол,1
confused,confused,kənfˈjuzd,кнфйузд,смущенный,wordnet,verb,глагол,2
confusing,confusing,kənfˈjuzɪŋ,кнфйузин,сбивающий с толку,wordnet,verb,глагол,4
confusion,confusion,kənfˈjuʒən,кнфйужн,путаница,wordnet,noun,существительное,19
congratulate,congratulate,kənˈgræʧəˌleɪt,кнгрэчлэйт,поздравлять,wordnet,verb,глагол,1
conjunction,conjunction,kənˈʤəŋkʃən,кнджэнкшн,соединение,wordnet,noun,существительное,3
connect,connect,kəˈnɛkt,кэнэкт,соединять,wordnet,verb,глагол,5
connected,connected,kəˈnɛktɪd,кэнэктид,подключен,wordnet,verb,глагол,4
connecting,connecting,kəˈnɛktɪŋ,кэнэктин,подключение,wordnet,verb,глагол,10
connection,connection,kəˈnɛkʃən,кэнэкшн,связь,wordnet,noun,существительное,5
connector,connector,kəˈnɛktər,кэнэктэр,разъем,wordnet,noun,существительное,23
conquer,conquer,ˈkɑŋkər,канкэр,завоевывать,wordnet,verb,глагол,1
consecutive,consecutive,kənˈsɛkjətɪv,кнсэкйэтив,последовательный,wordnet,adj,прилагательное,4
consequential,consequential,ˌkɑnsəkˈwɛnʃəl,кансэкуэншл,последовательный,wordnet,adj,прилагательное,2
consequently,consequently,ˈkɑnsəkˌwɛntli,кансэкуэнтли,следовательно,wordnet,adv,наречие,1
conserve,conserve,kənˈsərv,кнсэрв,сохранять,wordnet,noun,существительное,1
consider,consider,kənˈsɪdər,кнсидэр,учитывать,wordnet,verb,глагол,16
considerably,considerably,kənˈsɪdərəbli,кнсидэрэбли,значительно,wordnet,adv,наречие,1
consideration,consideration,kənˌsɪdərˈeɪʃən,кнсидэрэйшн,рассмотрение,wordnet,noun,существительное,2
considered,considered,kənˈsɪdərd,кнсидэрд,обдуманный,wordnet,verb,глагол,13
considering,considering,kənˈsɪdərɪŋ,кнсидэрин,учитывая,wordnet,verb,глагол,3
consistency,consistency,kənˈsɪstənsi,кнсистнси,последовательность,wordnet,noun,существительное,4
consistent,consistent,kənˈsɪstənt,кнсистнт,последовательный,wordnet,adj,прилагательное,40
consistently,consistently,kənˈsɪstəntli,кнсистнтли,последовательно,wordnet,adv,наречие,4
consists,consists,kənˈsɪsts,кнсистс,состоит,wordnet,verb,глагол,3
console,console,ˈkɑnsoʊl,кансоул,консоль,wordnet,noun,существительное,2
consonant,consonant,ˈkɑnsənənt,кансннт,согласный,wordnet,noun,существительное,1
constant,constant,ˈkɑnstənt,канстнт,постоянный,wordnet,noun,существительное,7
constantly,constantly,ˈkɑnstəntli,канстнтли,постоянно,wordnet,adv,наречие,1
constitute,constitute,ˈkɑnstəˌtut,канстэтут,составляют,wordnet,verb,глагол,1
constraint,constraint,kənˈstreɪnt,кнстрэйнт,ограничение,wordnet,noun,существительное,2
construct,construct,ˈkɑnstrəkt,канстрэкт,построить,wordnet,noun,существительное,11
constructed,constructed,kənˈstrəktɪd,кнстрэктид,построен,wordnet,verb,глагол,1
constructing,constructing,kənˈstrəktɪŋ,кнстрэктин,строительство,wordnet,verb,глагол,2
construction,construction,kənˈstrəkʃən,кнстрэкшн,строительство,wordnet,noun,существительное,8
constructor,constructor,kənˈstrəktər,кнстрэктэр,конструктор,wordnet,noun,существительное,21
consulting,consulting,kənˈsəltɪŋ,кнслтин,консалтинг,wordnet,verb,глагол,2
consume,consume,kənˈsum,кнсум,потреблять,wordnet,verb,глагол,1
consumer,consumer,kənˈsumər,кнсумэр,потребитель,wordnet,noun,существительное,1
consuming,consuming,kənˈsumɪŋ,кнсумин,потребляющий,wordnet,verb,глагол,3
consumption,consumption,kənˈsəmʃən,кнсмшн,потребление,wordnet,noun,существительное,5
contact,contact,ˈkɑnˌtækt,кантэкт,контакт,wordnet,noun,существительное,1
contain,contain,kənˈteɪn,кнтэйн,содержать,wordnet,verb,глагол,37
contained,contained,kənˈteɪnd,кнтэйнд,содержался,wordnet,verb,глагол,14
container,container,kənˈteɪnər,кнтэйнэр,контейнер,wordnet,noun,существительное,19
containing,containing,kənˈteɪnɪŋ,кнтэйнин,содержащий,wordnet,verb,глагол,81
contains,contains,kənˈteɪnz,кнтэйнз,содержит,wordnet,verb,глагол,114
contend,contend,kənˈtɛnd,кнтэнд,бороться,wordnet,verb,глагол,1
contender,contender,kənˈtɛndər,кнтэндэр,претендент,wordnet,noun,существительное,1
content,content,ˈkɑntɛnt,кантэнт,содержание,wordnet,noun,существительное,42
context,context,ˈkɑntɛkst,кантэкст,контекст,wordnet,noun,существительное,33
contiguous,contiguous,kənˈtɪgjuəs,кнтигйуэс,смежный,wordnet,adj,прилагательное,1
continuation,continuation,kənˌtɪnjuˈeɪʃən,кнтинйуэйшн,продолжение,wordnet,noun,существительное,4
continue,continue,kənˈtɪnju,кнтинйу,продолжать,wordnet,verb,глагол,7
continued,continued,kənˈtɪnjud,кнтинйуд,продолжение,wordnet,verb,глагол,7
continues,continues,kənˈtɪnjuz,кнтинйуз,продолжается,wordnet,verb,глагол,2
continuing,continuing,kənˈtɪnjuɪŋ,кнтинйуин,продолжение,wordnet,verb,глагол,1
continuous,continuous,kənˈtɪnjuəs,кнтинйуэс,непрерывный,wordnet,adj,прилагательное,159
contract,contract,ˈkɑnˌtrækt,кантрэкт,договор,wordnet,noun,существительное,5
contrast,contrast,ˈkɑntræst,кантрэст,контраст,wordnet,noun,существительное,1
contribute,contribute,kənˈtrɪbjut,кнтрибйут,способствовать,wordnet,verb,глагол,1
contributed,contributed,kənˈtrɪbjutɪd,кнтрибйутид,способствовал,wordnet,verb,глагол,1
contribution,contribution,ˌkɑntrəˈbjuʃən,кантрэбйушн,вклад,wordnet,noun,существительное,1
control,control,kənˈtroʊl,кнтроул,контроль,wordnet,noun,существительное,24
controlling,controlling,kənˈtroʊlɪŋ,кнтроулин,контроль,wordnet,verb,глагол,4
convenience,convenience,kənˈvinjəns,кнвинйнс,удобство,wordnet,noun,существительное,9
convenient,convenient,kənˈvinjənt,кнвинйнт,удобный,wordnet,adj,прилагательное,15
conveniently,conveniently,kənˈvinjəntli,кнвинйнтли,удобно,wordnet,adv,наречие,2
convention,convention,kənˈvɛnʃən,кнвэншн,соглашение,wordnet,noun,существительное,29
converge,converge,kənˈvərʤ,кнвэрдж,сходиться,wordnet,verb,глагол,1
conversation,conversation,ˌkɑnvərˈseɪʃən,канвэрсэйшн,беседа,wordnet,noun,существительное,1
conversion,conversion,kənˈvərʒən,кнвэржн,преобразование,wordnet,noun,существительное,2
convert,convert,ˈkɑnvərt,канвэрт,конвертировать,wordnet,noun,существительное,14
converted,converted,kənˈvərtɪd,кнвэртид,преобразованный,wordnet,verb,глагол,3
converter,converter,kənˈvərtər,кнвэртэр,преобразователь,wordnet,noun,существительное,2
converting,converting,kənˈvərtɪŋ,кнвэртин,преобразование,wordnet,verb,глагол,3
convince,convince,kənˈvɪns,кнвинс,убеждать,wordnet,verb,глагол,1
convinced,convinced,kənˈvɪnst,кнвинст,убежденный,wordnet,verb,глагол,1
cook,cook,kʊk,кук,готовить,wordnet,noun,существительное,1
cookbook,cookbook,ˈkʊkˌbʊk,кукбук,кулинарная книга,wordnet,noun,существительное,2
cooking,cooking,ˈkʊkɪŋ,кукин,приготовление пищи,wordnet,noun,существительное,2
cool,cool,kul,кул,прохладный,wordnet,noun,существительное,1
coolest,coolest,ˈkuləst,кулэст,самый крутой,wordnet,adj,прилагательное,1
coordinate,coordinate,koʊˈɔrdəˌneɪt,коуорднэйт,координировать,wordnet,noun,существительное,1
coordinating,coordinating,koʊˈɔrdəˌneɪtɪŋ,коуорднэйтин,координирующий,wordnet,verb,глагол,2
coordination,coordination,koʊˌɔrdəˈneɪʃən,коуордэнэйшн,координация,wordnet,noun,существительное,1
cop,cop,kɑp,кап,полицейский,wordnet,noun,существительное,1
copied,copied,ˈkɑpid,капид,скопирован,wordnet,verb,глагол,2
copy,copy,ˈkɑpi,капи,копировать,wordnet,noun,существительное,24
copyright,copyright,ˈkɑpiˌraɪt,капирайт,авторское право,wordnet,noun,существительное,1
cor,cor,kɔr,кор,кор,wordnet,,,1
core,core,kɔr,кор,основной,wordnet,noun,существительное,38
corner,corner,ˈkɔrnər,корнэр,угол,wordnet,noun,существительное,5
cornerstone,cornerstone,ˈkɔrnərˌstoʊn,корнэрстоун,краеугольный камень,wordnet,noun,существительное,2
cornucopia,cornucopia,ˌkɔrnəˈkoʊpiə,корнэкоупиэ,рог изобилия,wordnet,noun,существительное,2
corporate,corporate,ˈkɔrpərət,корпэрэт,корпоративный,wordnet,adj,прилагательное,2
corpus,corpus,ˈkɔrpəs,корпэс,корпус,wordnet,noun,существительное,3
corr,corr,kɔr,кор,корр.,wordnet,,,6
correct,correct,kərˈɛkt,кэрэкт,правильный,wordnet,verb,глагол,6
correctly,correctly,kərˈɛktli,кэрэктли,правильно,wordnet,adv,наречие,2
correlated,correlated,ˈkɔrəˌleɪtəd,корлэйтэд,коррелированный,wordnet,verb,глагол,8
correlation,correlation,ˌkɔrəˈleɪʃən,корэлэйшн,корреляция,wordnet,noun,существительное,44
correspond,correspond,ˌkɔrəˈspɑnd,корэспанд,переписываться,wordnet,verb,глагол,1
correspondence,correspondence,ˌkɔrəˈspɑndəns,корэспанднс,переписка,wordnet,noun,существительное,1
corresponding,corresponding,ˌkɔrəˈspɑndɪŋ,корэспандин,соответствующий,wordnet,verb,глагол,5
corresponds,corresponds,ˌkɔrəˈspɑndz,корэспандз,соответствует,wordnet,verb,глагол,1
cost,cost,kɔst,кост,расходы,wordnet,noun,существительное,16
costly,costly,ˈkɔstli,костли,дорогостоящий,wordnet,adj,прилагательное,4
could,could,kʊd,куд,мог,wordnet,,,45
count,count,kaʊnt,каунт,считать,wordnet,noun,существительное,325
counted,counted,ˈkaʊntɪd,каунтид,посчитал,wordnet,verb,глагол,3
counter,counter,ˈkaʊntər,каунтэр,прилавок,wordnet,noun,существительное,11
counterpart,counterpart,ˈkaʊntərˌpɑrt,каунтэрпарт,коллега,wordnet,noun,существительное,2
counterpoint,counterpoint,ˈkaʊntərˌpɔɪnt,каунтэрпойнт,контрапункт,wordnet,noun,существительное,1
counting,counting,ˈkaʊntɪŋ,каунтин,подсчет,wordnet,noun,существительное,32
country,country,ˈkəntri,кнтри,страна,wordnet,noun,существительное,5
couple,couple,ˈkəpəl,кэпл,пара,wordnet,noun,существительное,1
course,course,kɔrs,корс,курс,wordnet,noun,существительное,3
cover,cover,ˈkəvər,кэвэр,крышка,wordnet,noun,существительное,185
coverage,coverage,ˈkəvərɪʤ,кэвэридж,покрытие,wordnet,noun,существительное,2
covered,covered,ˈkəvərd,кэвэрд,покрытый,wordnet,verb,глагол,41
covering,covering,ˈkəvərɪŋ,кэвэрин,покрытие,wordnet,noun,существительное,4
coworkers,coworkers,ˈkoʊˈwərkərz,коууэркэрз,коллеги,wordnet,,,1
craft,craft,kræft,крэфт,ремесло,wordnet,noun,существительное,3
crafted,crafted,ˈkræftɪd,крэфтид,созданный,wordnet,verb,глагол,2
crafting,crafting,ˈkræftɪŋ,крэфтин,создание,wordnet,verb,глагол,3
craig,craig,kreɪg,крэйг,Крейг,wordnet,,,1
cram,cram,kræm,крэм,зубрить,wordnet,verb,глагол,1
crash,crash,kræʃ,крэш,крушение,wordnet,noun,существительное,4
crazy,crazy,ˈkreɪzi,крэйзи,сумасшедший,wordnet,noun,существительное,2
create,create,kriˈeɪt,криэйт,создавать,wordnet,verb,глагол,241
created,created,kriˈeɪtɪd,криэйтид,созданный,wordnet,verb,глагол,53
creates,creates,kriˈeɪts,криэйтс,создает,wordnet,verb,глагол,10
creating,creating,kriˈeɪtɪŋ,криэйтин,создание,wordnet,verb,глагол,157
creation,creation,kriˈeɪʃən,криэйшн,создание,wordnet,noun,существительное,35
creatively,creatively,kriˈeɪtɪvli,криэйтивли,творчески,wordnet,adv,наречие,2
creativity,creativity,ˌkrieɪˈtɪvəti,криэйтивэти,креативность,wordnet,noun,существительное,1
creator,creator,kriˈeɪtər,криэйтэр,создатель,wordnet,noun,существительное,1
credit,credit,ˈkrɛdɪt,крэдит,кредит,wordnet,noun,существительное,3
crime,crime,kraɪm,крайм,преступление,wordnet,noun,существительное,1
criminally,criminally,ˈkrɪmənəli,кримнли,преступно,wordnet,adv,наречие,1
cronkite,cronkite,ˈkrɑŋˌkaɪt,кранкайт,кронкайт,wordnet,,,1
cross,cross,krɔs,крос,крест,wordnet,noun,существительное,32
crossed,crossed,krɔst,крост,пересек,wordnet,verb,глагол,1
crossroad,crossroad,ˈkrɔsˌroʊd,кросроуд,перекресток,wordnet,noun,существительное,2
crowd,crowd,kraʊd,крауд,толпа,wordnet,noun,существительное,1
crowned,crowned,kraʊnd,краунд,коронованный,wordnet,verb,глагол,1
crucial,crucial,ˈkruʃəl,крушл,ключевой,wordnet,adj,прилагательное,7
crude,crude,krud,круд,сырой,wordnet,noun,существительное,3
cryptic,cryptic,ˈkrɪptɪk,криптик,загадочный,wordnet,adj,прилагательное,3
cucumber,cucumber,ˈkjukəmbər,кйукмбэр,огурец,wordnet,noun,существительное,1
cue,cue,kju,кйу,сигнал,wordnet,noun,существительное,2
culture,culture,ˈkəlʧər,клчэр,культура,wordnet,noun,существительное,1
cumbersome,cumbersome,ˈkəmbərsəm,кмбэрсм,громоздкий,wordnet,adj,прилагательное,1
cumulative,cumulative,ˈkjumjələtɪv,кйумйлэтив,накопительный,wordnet,adj,прилагательное,4
cup,cup,kəp,кэп,чашка,wordnet,noun,существительное,3
curious,curious,ˈkjʊriəs,кюриэс,любопытный,wordnet,adj,прилагательное,3
curly,curly,ˈkərli,кэрли,кудрявый,wordnet,adj,прилагательное,2
current,current,ˈkɑrənt,карнт,текущий,wordnet,noun,существительное,22
currently,currently,ˈkərəntli,кэрнтли,в настоящее время,wordnet,adv,наречие,4
curve,curve,kərv,кэрв,изгиб,wordnet,noun,существительное,32
cusp,cusp,kəsp,кэсп,острие,wordnet,noun,существительное,1
custom,custom,ˈkəstəm,кэстм,обычай,wordnet,noun,существительное,114
customarily,customarily,ˌkəstəˈmɛrəli,кэстэмэрли,обычно,wordnet,adv,наречие,1
customary,customary,ˈkəstəˌmɛri,кэстмэри,привычный,wordnet,adj,прилагательное,1
customer,customer,ˈkəstəmər,кэстмэр,клиент,wordnet,noun,существительное,3
customize,customize,ˈkəstəˌmaɪz,кэстмайз,настроить,wordnet,verb,глагол,6
customizing,customizing,ˈkəstəˌmaɪzɪŋ,кэстмайзин,настройка,wordnet,verb,глагол,5
cut,cut,kət,кэт,резать,wordnet,noun,существительное,1
cycle,cycle,ˈsaɪkəl,сайкл,цикл,wordnet,noun,существительное,6
daily,daily,ˈdeɪli,дэйли,ежедневно,wordnet,noun,существительное,8
daiquiri,daiquiri,ˈdækəri,дэкэри,дайкири,wordnet,noun,существительное,1
damage,damage,ˈdæmɪʤ,дэмидж,повреждать,wordnet,noun,существительное,1
damn,damn,dæm,дэм,проклятие,wordnet,noun,существительное,1
dangerous,dangerous,ˈdeɪnʤərəs,дэйнджэрэс,опасный,wordnet,adj,прилагательное,3
daniel,daniel,ˈdænjəl,дэнйл,Дэниел,wordnet,noun,существительное,1
daniela,daniela,dænˈjɛlə,дэнйэлэ,Даниэла,wordnet,,,2
dare,dare,dɛr,дэр,осмелиться,wordnet,noun,существительное,1
dark,dark,dɑrk,дарк,темный,wordnet,noun,существительное,1
darwin,darwin,ˈdɑrwɪn,даруин,Дарвин,wordnet,noun,существительное,1
dash,dash,dæʃ,дэш,бросаться,wordnet,noun,существительное,1
data,data,ˈdætə,дэтэ,данные,wordnet,noun,существительное,2397
database,database,ˈdætəˌbeɪs,дэтэбэйс,база данных,wordnet,noun,существительное,10
dataset,dataset,ˈdeɪtəˌsɛt,дэйтэсэт,набор данных,wordnet,,,24
date,date,deɪt,дэйт,дата,wordnet,noun,существительное,69
david,david,ˈdeɪvɪd,дэйвид,Дэйвид,wordnet,noun,существительное,1
day,day,deɪ,дэй,день,wordnet,noun,существительное,136
dead,dead,dɛd,дэд,мертвый,wordnet,noun,существительное,1
deadly,deadly,ˈdɛdli,дэдли,смертоносный,wordnet,adj,прилагательное,2
deal,deal,dil,дил,иметь дело,wordnet,noun,существительное,11
dealing,dealing,ˈdilɪŋ,дилин,сделка,wordnet,noun,существительное,13
dealt,dealt,dɛlt,дэлт,раздали,wordnet,verb,глагол,2
death,death,dɛθ,дэс,смерть,wordnet,noun,существительное,1
debate,debate,dəˈbeɪt,дэбэйт,дебаты,wordnet,noun,существительное,1
debated,debated,dəˈbeɪtɪd,дэбэйтид,обсуждаемый,wordnet,verb,глагол,1
debug,debug,diˈbəg,дибэг,отлаживать,wordnet,verb,глагол,5
debugging,debugging,diˈbəgɪŋ,дибэгин,отладка,wordnet,verb,глагол,2
decade,decade,ˈdɛkeɪd,дэкэйд,десятилетие,wordnet,noun,существительное,2
decent,decent,ˈdisənt,диснт,приличный,wordnet,adj,прилагательное,1
decide,decide,ˌdɪˈsaɪd,дисайд,решать,wordnet,verb,глагол,3
decided,decided,ˌdɪˈsaɪdɪd,дисайдид,решенный,wordnet,verb,глагол,2
decides,decides,ˌdɪˈsaɪdz,дисайдз,решает,wordnet,verb,глагол,3
deciding,deciding,ˌdɪˈsaɪdɪŋ,дисайдин,решение,wordnet,noun,существительное,1
decimal,decimal,ˈdɛsəməl,дэсмл,десятичный,wordnet,noun,существительное,9
decipher,decipher,dɪˈsaɪfər,дисайфэр,расшифровать,wordnet,verb,глагол,2
deciphering,deciphering,dəˈsaɪfərɪŋ,дэсайфэрин,расшифровка,wordnet,verb,глагол,1
decision,decision,dɪˈsɪʒən,дисижн,решение,wordnet,noun,существительное,19
decorate,decorate,ˈdɛkərˌeɪt,дэкэрэйт,украшать,wordnet,verb,глагол,1
decorated,decorated,ˈdɛkərˌeɪtɪd,дэкэрэйтид,украшенный,wordnet,verb,глагол,4
decorating,decorating,ˈdɛkərˌeɪtɪŋ,дэкэрэйтин,украшение,wordnet,verb,глагол,1
decorator,decorator,ˈdɛkərˌeɪtər,дэкэрэйтэр,декоратор,wordnet,noun,существительное,58
decoupling,decoupling,diˈkəplɪŋ,дикэплин,развязка,wordnet,verb,глагол,1
decrease,decrease,ˈdiˌkris,дикрис,снижаться,wordnet,noun,существительное,1
decreasing,decreasing,ˈdiˌkrisɪŋ,дикрисин,уменьшение,wordnet,verb,глагол,4
dedicated,dedicated,ˈdɛdəkeɪtəd,дэдэкэйтэд,преданный,wordnet,verb,глагол,6
dedicates,dedicates,ˈdɛdɪˌkeɪts,дэдикэйтс,посвящает,wordnet,verb,глагол,1
deduce,deduce,dɪˈdus,дидус,сделать вывод,wordnet,verb,глагол,3
deep,deep,dip,дип,глубокий,wordnet,noun,существительное,4
deeper,deeper,ˈdipər,дипэр,Глубже,wordnet,adj,прилагательное,14
default,default,dɪˈfɔlt,дифолт,по умолчанию,wordnet,noun,существительное,123
defaulting,defaulting,dɪˈfɔltɪŋ,дифолтин,дефолт,wordnet,verb,глагол,1
defend,defend,dɪˈfɛnd,дифэнд,защищать,wordnet,verb,глагол,1
defensively,defensively,dɪˈfɛnsɪvli,дифэнсивли,оборонительно,wordnet,adv,наречие,1
define,define,dɪˈfaɪn,дифайн,определять,wordnet,verb,глагол,18
defined,defined,dɪˈfaɪnd,дифайнд,определенный,wordnet,verb,глагол,49
defines,defines,dɪˈfaɪnz,дифайнз,определяет,wordnet,verb,глагол,3
defining,defining,dɪˈfaɪnɪŋ,дифайнин,определение,wordnet,noun,существительное,3
definitely,definitely,ˈdɛfənətli,дэфнэтли,определенно,wordnet,adv,наречие,2
definition,definition,ˌdɛfəˈnɪʃən,дэфэнишн,определение,wordnet,noun,существительное,59
degree,degree,dɪˈgri,дигри,степень,wordnet,noun,существительное,15
delegate,delegate,ˈdɛləˌgeɪt,дэлэгэйт,делегат,wordnet,noun,существительное,2
delete,delete,dɪˈlit,дилит,удалить,wordnet,verb,глагол,22
deleted,deleted,dɪˈlitəd,дилитэд,удалено,wordnet,verb,глагол,1
deleting,deleting,dɪˈlitɪŋ,дилитин,удаление,wordnet,verb,глагол,7
deletion,deletion,dɪˈliʃən,дилишн,удаление,wordnet,noun,существительное,2
delta,delta,ˈdɛltə,дэлтэ,дельта,wordnet,noun,существительное,2
deluge,deluge,ˈdɛljuʤ,дэлйудж,потоп,wordnet,noun,существительное,1
delve,delve,dɛlv,дэлв,копаться,wordnet,verb,глагол,3
delved,delved,dɛlvd,дэлвд,копался,wordnet,verb,глагол,1
delving,delving,ˈdɛlvɪŋ,дэлвин,копаться,wordnet,verb,глагол,1
demonstrate,demonstrate,ˈdɛmənˌstreɪt,дэмнстрэйт,демонстрировать,wordnet,verb,глагол,3
demonstrated,demonstrated,ˈdɛmənˌstreɪtɪd,дэмнстрэйтид,продемонстрировал,wordnet,verb,глагол,1
demonstrates,demonstrates,ˈdɛmənˌstreɪts,дэмнстрэйтс,демонстрирует,wordnet,verb,глагол,1
demonstrating,demonstrating,ˈdɛmənˌstreɪtɪŋ,дэмнстрэйтин,демонстрация,wordnet,verb,глагол,1
demonstration,demonstration,ˌdɛmənˈstreɪʃən,дэмнстрэйшн,демонстрация,wordnet,noun,существительное,1
denis,denis,ˈdɛnɪs,дэнис,Денис,wordnet,,,1
dennis,dennis,ˈdɛnɪs,дэнис,Деннис,wordnet,,,1
denominator,denominator,dɪˈnɑməˌneɪtər,динамнэйтэр,знаменатель,wordnet,noun,существительное,15
dense,dense,dɛns,дэнс,плотный,wordnet,adj,прилагательное,20
denser,denser,ˈdɛnsər,дэнсэр,плотнее,wordnet,adj,прилагательное,1
density,density,ˈdɛnsɪti,дэнсити,плотность,wordnet,noun,существительное,1
department,department,dɪˈpɑrtmənt,дипартмнт,отделение,wordnet,noun,существительное,1
depend,depend,dɪˈpɛnd,дипэнд,зависеть,wordnet,verb,глагол,7
dependence,dependence,dɪˈpɛndəns,дипэнднс,зависимость,wordnet,noun,существительное,3
dependency,dependency,dɪˈpɛndənsi,дипэнднси,зависимость,wordnet,noun,существительное,23
dependent,dependent,dɪˈpɛndənt,дипэнднт,зависимый,wordnet,noun,существительное,10
depending,depending,dɪˈpɛndɪŋ,дипэндин,в зависимости,wordnet,verb,глагол,16
depends,depends,dɪˈpɛndz,дипэндз,зависит от,wordnet,verb,глагол,7
depicted,depicted,dɪˈpɪktɪd,дипиктид,изображен,wordnet,verb,глагол,9
depiction,depiction,dɪˈpɪkʃən,дипикшн,описание,wordnet,noun,существительное,3
depicts,depicts,dɪˈpɪkts,дипиктс,изображает,wordnet,verb,глагол,1
deploy,deploy,dɪˈplɔɪ,диплой,развертывать,wordnet,verb,глагол,1
deployment,deployment,dɪˈplɔɪmənt,диплоймнт,развертывание,wordnet,noun,существительное,2
depth,depth,dɛpθ,дэпс,глубина,wordnet,noun,существительное,5
derive,derive,dəraɪv,дэрайв,вывести,wordnet,verb,глагол,2
derry,derry,ˈdɛri,дэри,Дерри,wordnet,,,1
descending,descending,dɪˈsɛndɪŋ,дисэндин,нисходящий,wordnet,verb,глагол,2
describe,describe,dɪˈskraɪb,дискрайб,описывать,wordnet,verb,глагол,24
described,described,dɪˈskraɪbd,дискрайбд,описал,wordnet,verb,глагол,2
describing,describing,dɪˈskraɪbɪŋ,дискрайбин,описание,wordnet,verb,глагол,2
description,description,dɪˈskrɪpʃən,дискрипшн,описание,wordnet,noun,существительное,29
descriptive,descriptive,dɪˈskrɪptɪv,дискриптив,описательный,wordnet,adj,прилагательное,2
design,design,dɪˈzaɪn,дизайн,дизайн,wordnet,noun,существительное,28
designation,designation,ˌdɛzɪgˈneɪʃən,дэзигнэйшн,обозначение,wordnet,noun,существительное,3
designed,designed,dɪˈzaɪnd,дизайнд,разработанный,wordnet,verb,глагол,3
designer,designer,dɪˈzaɪnər,дизайнэр,дизайнер,wordnet,noun,существительное,2
designing,designing,dɪˈzaɪnɪŋ,дизайнин,проектирование,wordnet,noun,существительное,10
desire,desire,dɪˈzaɪər,дизайэр,желание,wordnet,noun,существительное,1
desired,desired,dɪˈzaɪərd,дизайэрд,желанный,wordnet,verb,глагол,10
despite,despite,dɪˈspaɪt,диспайт,несмотря на,wordnet,noun,существительное,3
dessert,dessert,dɪˈzərt,дизэрт,десерт,wordnet,noun,существительное,51
destination,destination,ˌdɛstɪˈneɪʃən,дэстинэйшн,место назначения,wordnet,noun,существительное,1
destined,destined,ˈdɛstɪnd,дэстинд,предназначенный,wordnet,verb,глагол,1
destitute,destitute,ˈdɛstəˌtut,дэстэтут,обездоленный,wordnet,adj,прилагательное,2
destroy,destroy,dɪˈstrɔɪ,дистрой,разрушать,wordnet,verb,глагол,2
destroyed,destroyed,dɪˈstrɔɪd,дистройд,уничтожен,wordnet,verb,глагол,1
destroying,destroying,dɪˈstrɔɪɪŋ,дистройин,уничтожая,wordnet,verb,глагол,3
detail,detail,ˈditeɪl,дитэйл,деталь,wordnet,noun,существительное,29
detailed,detailed,dɪˈteɪld,дитэйлд,подробный,wordnet,verb,глагол,5
detective,detective,dɪˈtɛktɪv,дитэктив,детектив,wordnet,noun,существительное,1
determine,determine,dɪˈtərmən,дитэрмн,определять,wordnet,verb,глагол,4
determines,determines,dɪˈtərmənz,дитэрмнз,определяет,wordnet,verb,глагол,6
determining,determining,dɪˈtərmənɪŋ,дитэрмнин,определение,wordnet,verb,глагол,2
dev,dev,dɛv,дэв,разработчик,wordnet,,,4
develop,develop,dɪˈvɛləp,дивэлэп,развивать,wordnet,verb,глагол,2
developed,developed,dɪˈvɛləpt,дивэлэпт,развитый,wordnet,verb,глагол,1
developer,developer,dɪˈvɛləpər,дивэлэпэр,разработчик,wordnet,noun,существительное,15
developing,developing,dɪˈvɛləpɪŋ,дивэлэпин,развивающийся,wordnet,noun,существительное,3
development,development,dɪˈvɛləpmənt,дивэлэпмнт,разработка,wordnet,noun,существительное,19
deviation,deviation,ˌdiviˈeɪʃən,дивиэйшн,отклонение,wordnet,noun,существительное,11
devise,devise,dɪˈvaɪz,дивайз,придумать,wordnet,noun,существительное,1
devoid,devoid,dɪˈvɔɪd,дивойд,лишенный,wordnet,adj,прилагательное,1
diab,diab,daɪəb,дайэб,диаб,wordnet,,,1
diagnose,diagnose,ˌdaɪəgˈnoʊs,дайэгноус,диагностировать,wordnet,verb,глагол,3
diagnosing,diagnosing,ˌdaɪəgˈnoʊsɪŋ,дайэгноусин,диагностика,wordnet,noun,существительное,16
diagnosis,diagnosis,ˌdaɪəgˈnoʊsəs,дайэгноусэс,диагноз,wordnet,noun,существительное,1
diagnostic,diagnostic,ˌdaɪəgˈnɑstɪk,дайэгнастик,диагностический,wordnet,adj,прилагательное,2
diagonal,diagonal,daɪˈægənəl,дайэгнл,диагональ,wordnet,noun,существительное,1
diagram,diagram,ˈdaɪəˌgræm,дайэгрэм,диаграмма,wordnet,noun,существительное,3
dial,dial,daɪəl,дайл,набирать номер,wordnet,noun,существительное,1
dialect,dialect,ˈdaɪəˌlɛkt,дайлэкт,диалект,wordnet,noun,существительное,2
dialogue,dialogue,ˈdaɪəˌlɔg,дайлог,диалог,wordnet,noun,существительное,1
dice,dice,daɪs,дайс,кости,wordnet,noun,существительное,2
dicey,dicey,ˈdaɪsi,дайси,рискованный,wordnet,adj,прилагательное,1
dictate,dictate,ˈdɪkˌteɪt,диктэйт,диктовать,wordnet,noun,существительное,1
dictionary,dictionary,ˈdɪkʃəˌnɛri,дикшнэри,словарь,wordnet,noun,существительное,53
differ,differ,ˈdɪfər,дифэр,отличаться,wordnet,verb,глагол,3
difference,difference,ˈdɪfərəns,дифэрнс,разница,wordnet,noun,существительное,39
different,different,ˈdɪfərənt,дифэрнт,другой,wordnet,adj,прилагательное,115
differentiate,differentiate,ˌdɪfərˈɛnʧiˌeɪt,дифэрэнчиэйт,дифференцировать,wordnet,verb,глагол,4
differently,differently,ˈdɪfərˈɛntli,дифэрэнтли,по-другому,wordnet,adv,наречие,6
differs,differs,ˈdɪfərz,дифэрз,отличается,wordnet,verb,глагол,3
difficult,difficult,ˈdɪfəkəlt,дифэклт,трудный,wordnet,adj,прилагательное,4
dig,dig,dɪg,диг,копать,wordnet,noun,существительное,4
digging,digging,ˈdɪgɪŋ,дигин,копать,wordnet,noun,существительное,2
digit,digit,ˈdɪʤɪt,диджит,цифра,wordnet,noun,существительное,1
dimension,dimension,dɪˈmɛnʃən,димэншн,измерение,wordnet,noun,существительное,16
dimensional,dimensional,dɪˈmɛnʃənəl,димэншнл,размерный,wordnet,adj,прилагательное,10
dinner,dinner,ˈdɪnər,динэр,ужин,wordnet,noun,существительное,1
direct,direct,dɪˈrɛkt,дирэкт,прямой,wordnet,verb,глагол,12
direction,direction,dɪˈrɛkʃɪn,дирэкшин,направление,wordnet,noun,существительное,8
directional,directional,dɪˈrɛkʃɪnəl,дирэкшинл,направленный,wordnet,adj,прилагательное,1
directly,directly,dɪˈrɛkli,дирэкли,напрямую,wordnet,adv,наречие,56
director,director,dɪˈrɛktər,дирэктэр,директор,wordnet,noun,существительное,2
directory,directory,dɪˈrɛktəri,дирэктэри,каталог,wordnet,noun,существительное,72
dirty,dirty,ˈdərti,дэрти,грязный,wordnet,verb,глагол,1
disadvantage,disadvantage,ˌdɪsədˈvænɪʤ,дисэдвэнидж,недостаток,wordnet,noun,существительное,1
disappointment,disappointment,ˌdɪsəˈpɔɪntmənt,дисэпойнтмнт,разочарование,wordnet,noun,существительное,1
disaster,disaster,dɪˈzæstər,дизэстэр,катастрофа,wordnet,noun,существительное,2
discipline,discipline,ˈdɪsəplən,дисэплн,дисциплина,wordnet,noun,существительное,1
disclaim,disclaim,dɪˈskleɪm,дисклэйм,отказываться от ответственности,wordnet,verb,глагол,1
disclaimer,disclaimer,dɪˈskleɪmər,дисклэймэр,отказ от ответственности,wordnet,noun,существительное,1
discount,discount,ˈdɪskaʊnt,дискаунт,скидка,wordnet,noun,существительное,1
discover,discover,dɪˈskəvər,дискэвэр,обнаружить,wordnet,verb,глагол,1
discovered,discovered,dɪˈskəvərd,дискэвэрд,обнаруженный,wordnet,verb,глагол,2
discovering,discovering,dɪˈskəvərɪŋ,дискэвэрин,обнаружение,wordnet,verb,глагол,1
discovery,discovery,ˌdɪˈskəvri,дискэври,открытие,wordnet,noun,существительное,5
discrete,discrete,dɪˈskrit,дискрит,дискретный,wordnet,adj,прилагательное,8
discriminate,discriminate,dɪˈskrɪməˌneɪt,дискримнэйт,различать,wordnet,verb,глагол,1
discriminating,discriminating,dɪˈskrɪməˌneɪtɪŋ,дискримнэйтин,различающий,wordnet,verb,глагол,2
discus,discus,ˈdɪskəs,дискэс,дискуссия,wordnet,noun,существительное,10
discussed,discussed,dɪˈskəst,дискэст,обсуждено,wordnet,verb,глагол,2
discusses,discusses,dɪˈskəsɪz,дискэсиз,обсуждает,wordnet,verb,глагол,1
discussing,discussing,dɪˈskəsɪŋ,дискэсин,обсуждение,wordnet,verb,глагол,1
discussion,discussion,dɪˈskəʃən,дискэшн,обсуждение,wordnet,noun,существительное,6
disguise,disguise,dɪsˈgaɪz,дисгайз,маскировка,wordnet,noun,существительное,1
dish,dish,dɪʃ,диш,блюдо,wordnet,noun,существительное,11
disk,disk,dɪsk,диск,диск,wordnet,noun,существительное,27
dispatch,dispatch,dɪˈspæʧ,диспэч,отправлять,wordnet,noun,существительное,2
display,display,dɪˈspleɪ,дисплэй,отображать,wordnet,noun,существительное,49
displayed,displayed,dɪˈspleɪd,дисплэйд,отображается,wordnet,verb,глагол,24
displaying,displaying,dɪˈspleɪɪŋ,дисплэйин,отображение,wordnet,verb,глагол,10
disposal,disposal,dɪˈspoʊzəl,диспоузл,утилизация,wordnet,noun,существительное,1
disruption,disruption,dɪsˈrəpʃən,дисрэпшн,нарушение,wordnet,noun,существительное,1
dissect,dissect,daɪˈsɛkt,дайсэкт,рассечь,wordnet,verb,глагол,1
dissecting,dissecting,daɪˈsɛktɪŋ,дайсэктин,рассекающий,wordnet,verb,глагол,1
distance,distance,ˈdɪstəns,дистнс,расстояние,wordnet,noun,существительное,1
distills,distills,dɪˈstɪlz,дистилз,перегоняет,wordnet,verb,глагол,1
distinct,distinct,dɪˈstɪŋkt,дистинкт,отчетливый,wordnet,adj,прилагательное,51
distinction,distinction,dɪˈstɪŋkʃən,дистинкшн,различие,wordnet,noun,существительное,5
distinguish,distinguish,dɪˈstɪŋgwɪʃ,дистингуиш,различать,wordnet,verb,глагол,2
distribute,distribute,dɪˈstrɪbjut,дистрибйут,распространять,wordnet,verb,глагол,5
distributed,distributed,dɪˈstrɪbjətəd,дистрибйэтэд,распределенный,wordnet,verb,глагол,49
distributes,distributes,dɪˈstrɪbjuts,дистрибйутс,распределяет,wordnet,verb,глагол,6
distributing,distributing,dɪˈstrɪbjutɪŋ,дистрибйутин,распространение,wordnet,verb,глагол,4
distribution,distribution,ˌdɪstrəˈbjuʃən,дистрэбйушн,распределение,wordnet,noun,существительное,14
dive,dive,daɪv,дайв,нырять,wordnet,noun,существительное,4
diversified,diversified,dɪˈvərsəˌfaɪd,дивэрсэфайд,диверсифицированный,wordnet,verb,глагол,1
diversifying,diversifying,dɪˈvərsəˌfaɪɪŋ,дивэрсэфайин,диверсификация,wordnet,verb,глагол,1
diversity,diversity,dɪˈvərsɪti,дивэрсити,разнообразие,wordnet,noun,существительное,1
divide,divide,dɪˈvaɪd,дивайд,разделять,wordnet,noun,существительное,4
divided,divided,dɪˈvaɪdɪd,дивайдид,разделенный,wordnet,verb,глагол,1
dividend,dividend,ˈdɪvɪˌdɛnd,дивидэнд,дивиденды,wordnet,noun,существительное,2
dividing,dividing,dɪˈvaɪdɪŋ,дивайдин,разделяющий,wordnet,verb,глагол,2
diving,diving,ˈdaɪvɪŋ,дайвин,дайвинг,wordnet,noun,существительное,1
division,division,dɪˈvɪʒən,дивижн,разделение,wordnet,noun,существительное,6
doable,doable,ˈduəbəl,дуэбл,осуществимый,wordnet,adj,прилагательное,1
doc,doc,dɑk,дак,док,wordnet,noun,существительное,21
doctor,doctor,ˈdɔktər,доктэр,врач,wordnet,noun,существительное,1
document,document,ˈdɑkjəmɛnt,дакймэнт,документ,wordnet,noun,существительное,62
documentation,documentation,ˌdɑkjəmɛnˈteɪʃən,дакймэнтэйшн,документация,wordnet,noun,существительное,56
documented,documented,ˈdɑkjəˌmɛnəd,дакймэнэд,задокументировано,wordnet,verb,глагол,4
documenting,documenting,ˈdɑkjəmənɪŋ,дакймнин,документирование,wordnet,verb,глагол,3
doe,doe,doʊ,доу,лань,wordnet,noun,существительное,66
doll,doll,dɑl,дал,кукла,wordnet,noun,существительное,1
dollar,dollar,ˈdɔlər,долэр,доллар,wordnet,noun,существительное,4
domain,domain,doʊˈmeɪn,доумэйн,домен,wordnet,noun,существительное,4
dominant,dominant,ˈdɑmənənt,дамннт,доминирующий,wordnet,noun,существительное,3
done,done,dən,дн,сделанный,wordnet,verb,глагол,60
dot,dot,dɑt,дат,точка,wordnet,noun,существительное,15
dotted,dotted,ˈdɑtɪd,датид,пунктирный,wordnet,verb,глагол,2
double,double,ˈdəbəl,дэбл,двойной,wordnet,noun,существительное,36
doubt,doubt,daʊt,даут,сомневаться,wordnet,noun,существительное,2
dough,dough,doʊ,доу,тесто,wordnet,noun,существительное,2
dovetail,dovetail,ˈdəvˌteɪl,дэвтэйл,«ласточкин хвост»,wordnet,noun,существительное,1
download,download,ˈdaʊnˌloʊd,даунлоуд,скачать,wordnet,verb,глагол,37
downloaded,downloaded,ˈdaʊnˌloʊdɪd,даунлоудид,скачал,wordnet,verb,глагол,7
downloading,downloading,ˈdaʊnˌloʊdɪŋ,даунлоудин,загрузка,wordnet,verb,глагол,5
downstream,downstream,ˈdaʊnˈstrim,даунстрим,ниже по течению,wordnet,adj,прилагательное,1
dozen,dozen,ˈdəzən,дэзн,дюжина,wordnet,noun,существительное,3
draft,draft,dræft,дрэфт,черновик,wordnet,noun,существительное,1
drafting,drafting,ˈdræftɪŋ,дрэфтин,составление,wordnet,noun,существительное,1
drag,drag,dræg,дрэг,тащить,wordnet,noun,существительное,1
drama,drama,ˈdrɑmə,драмэ,драма,wordnet,noun,существительное,4
draw,draw,drɔ,дро,рисовать,wordnet,noun,существительное,6
drawing,drawing,drɔɪŋ,дройн,рисунок,wordnet,noun,существительное,4
drawn,drawn,drɔn,дрон,нарисованный,wordnet,verb,глагол,2
dream,dream,drim,дрим,мечтать,wordnet,noun,существительное,1
dress,dress,drɛs,дрэс,одеваться,wordnet,noun,существительное,1
drew,drew,dru,дру,нарисовал,wordnet,noun,существительное,2
drill,drill,drɪl,дрил,сверлить,wordnet,noun,существительное,2
drilling,drilling,ˈdrɪlɪŋ,дрилин,бурение,wordnet,noun,существительное,1
drive,drive,draɪv,драйв,водить машину,wordnet,noun,существительное,99
driven,driven,ˈdrɪvən,дривн,управляемый,wordnet,verb,глагол,6
driver,driver,ˈdraɪvər,драйвэр,водитель,wordnet,noun,существительное,48
drop,drop,drɔp,дроп,уронить,wordnet,noun,существительное,81
dropped,dropped,drɑpt,драпт,упавший,wordnet,verb,глагол,3
dropping,dropping,ˈdrɑpɪŋ,драпин,падение,wordnet,verb,глагол,21
drove,drove,droʊv,дроув,ехал,wordnet,noun,существительное,1
dry,dry,draɪ,драй,сухой,wordnet,noun,существительное,1
duality,duality,duˈæləti,дуэлэти,двойственность,wordnet,noun,существительное,1
dubbed,dubbed,dəbd,дэбд,дублированный,wordnet,verb,глагол,1
due,due,du,ду,должный,wordnet,noun,существительное,2
dummy,dummy,ˈdəmi,дми,дурачок,wordnet,noun,существительное,12
dump,dump,dəmp,дмп,свалка,wordnet,noun,существительное,6
dunn,dunn,dən,дн,Данн,wordnet,,,1
dupe,dupe,dup,дуп,обмануть,wordnet,noun,существительное,2
duplicate,duplicate,ˈdupləˌkeɪt,дуплэкэйт,дубликат,wordnet,noun,существительное,17
duplicated,duplicated,ˈduplɪˌkeɪtɪd,дупликэйтид,дублированный,wordnet,verb,глагол,6
duplicating,duplicating,ˈduplɪˌkeɪtɪŋ,дупликэйтин,дублирование,wordnet,verb,глагол,3
duplication,duplication,ˌdjupləˈkeɪʃən,дйуплэкэйшн,дублирование,wordnet,noun,существительное,8
duration,duration,ˈdʊˈreɪʃən,дурэйшн,продолжительность,wordnet,noun,существительное,122
duty,duty,ˈduti,дути,долг,wordnet,noun,существительное,1
dynamic,dynamic,daɪˈnæmɪk,дайнэмик,динамичный,wordnet,noun,существительное,5
dynamism,dynamism,ˈdaɪnəˌmɪzəm,дайнмизм,динамизм,wordnet,noun,существительное,1
eager,eager,ˈigər,игэр,жаждущий,wordnet,noun,существительное,7
eagerly,eagerly,ˈigərli,игэрли,нетерпеливо,wordnet,adv,наречие,2
earlier,earlier,ˈərliər,эрлиэр,ранее,wordnet,adj,прилагательное,5
early,early,ˈərli,эрли,рано,wordnet,adj,прилагательное,8
earth,earth,ərθ,эрс,земля,wordnet,noun,существительное,1
ease,ease,iz,из,простота,wordnet,noun,существительное,7
easier,easier,ˈiziər,изиэр,Полегче,wordnet,adj,прилагательное,42
easiest,easiest,ˈiziəst,изиэст,самый простой,wordnet,adj,прилагательное,22
easily,easily,ˈizəli,изли,легко,wordnet,adv,наречие,23
east,east,ist,ист,восток,wordnet,noun,существительное,1
easy,easy,ˈizi,изи,легкий,wordnet,adj,прилагательное,65
eats,eats,its,итс,ест,wordnet,noun,существительное,1
echo,echo,ˈɛkoʊ,экоу,эхо,wordnet,noun,существительное,7
echoing,echoing,ˈɛkoʊɪŋ,экоуин,эхом,wordnet,verb,глагол,1
ecosystem,ecosystem,ˈikoʊˌsɪstəm,икоусистм,экосистема,wordnet,noun,существительное,13
eda,eda,ˈidə,идэ,Эда,wordnet,,,6
edge,edge,ɛʤ,эдж,край,wordnet,noun,существительное,2
edit,edit,ˈɛdət,эдэт,редактировать,wordnet,verb,глагол,1
edited,edited,ˈɛdɪtɪd,эдитид,отредактировано,wordnet,verb,глагол,1
editing,editing,ˈɛdɪtɪŋ,эдитин,редактирование,wordnet,noun,существительное,1
edition,edition,ɪˈdɪʃən,идишн,версия,wordnet,noun,существительное,3
editor,editor,ˈɛdɪtər,эдитэр,редактор,wordnet,noun,существительное,12
eerily,eerily,ˈɪrəli,ирли,устрашающе,wordnet,adv,наречие,1
effect,effect,ˈifɛkt,ифэкт,эффект,wordnet,noun,существительное,2
effectively,effectively,ˈifɛktɪvli,ифэктивли,эффективно,wordnet,adv,наречие,10
efficiency,efficiency,ɪˈfɪʃənsi,ифишнси,эффективность,wordnet,noun,существительное,2
efficient,efficient,ɪˈfɪʃənt,ифишнт,эффективный,wordnet,adj,прилагательное,13
efficiently,efficiently,ɪˈfɪʃəntli,ифишнтли,эффективно,wordnet,adv,наречие,9
effort,effort,ˈɛfərt,эфэрт,усилие,wordnet,noun,существительное,5
eight,eight,eɪt,эйт,восемь,wordnet,noun,существительное,2
eighth,eighth,eɪθ,эйс,восьмой,wordnet,noun,существительное,1
either,either,ˈiðər,изэр,или,wordnet,adv,наречие,44
ekaterina,ekaterina,eɪkɑtɛˈrinə,эйкатэринэ,Екатерина,wordnet,,,1
elastic,elastic,ɪˈlæstɪk,илэстик,эластичный,wordnet,noun,существительное,4
electricity,electricity,ɪˌlɛkˈtrɪsəti,илэктрисэти,электричество,wordnet,noun,существительное,2
electronic,electronic,ˌɪˌlɛkˈtrɑnɪk,илэктраник,электронный,wordnet,adj,прилагательное,1
elegant,elegant,ˈɛləgənt,элэгнт,элегантный,wordnet,adj,прилагательное,1
elegantly,elegantly,ˈɛlɪgənˌtli,элигнтли,элегантно,wordnet,adv,наречие,1
element,element,ˈɛləmənt,элмнт,элемент,wordnet,noun,существительное,167
elemental,elemental,ˌɛləˈmɛnəl,элэмэнл,элементарный,wordnet,adj,прилагательное,1
elevate,elevate,ˈɛləˌveɪt,элэвэйт,возвышать,wordnet,verb,глагол,1
elevates,elevates,ˈɛləˌveɪts,элэвэйтс,возвышает,wordnet,verb,глагол,2
eleven,eleven,ˈilɛvən,илэвн,одиннадцать,wordnet,noun,существительное,1
eliminate,eliminate,ɪˈlɪməˌneɪt,илимнэйт,устранять,wordnet,verb,глагол,1
eliminates,eliminates,ɪˈlɪməˌneɪts,илимнэйтс,устраняет,wordnet,verb,глагол,1
eliminating,eliminating,ɪˈlɪməˌneɪtɪŋ,илимнэйтин,устранение,wordnet,verb,глагол,2
else,else,ɛls,элс,еще,wordnet,,,9
email,email,iˈmeɪl,имэйл,электронная почта,wordnet,noun,существительное,1
embed,embed,ɪmˈbɛd,имбэд,вставлять,wordnet,verb,глагол,5
embedded,embedded,ɛmˈbɛdɪd,эмбэдид,встроенный,wordnet,verb,глагол,43
embrace,embrace,ɪmˈbreɪs,имбрэйс,объятие,wordnet,noun,существительное,1
employee,employee,ɪmˈplɔɪi,имплойи,сотрудник,wordnet,noun,существительное,5
empty,empty,ˈɛmti,эмти,пустой,wordnet,noun,существительное,14
emulate,emulate,ˈɛmjəˌleɪt,эмйлэйт,подражать,wordnet,verb,глагол,3
emulates,emulates,ˈɛmjəˌleɪts,эмйлэйтс,подражает,wordnet,verb,глагол,1
enable,enable,ɪˈneɪbəl,инэйбл,давать возможность,wordnet,verb,глагол,4
enabled,enabled,ɪˈneɪbəld,инэйблд,включено,wordnet,verb,глагол,9
enables,enables,ɪˈneɪbəlz,инэйблз,позволяет,wordnet,verb,глагол,6
encapsulate,encapsulate,ɛnˈkæpsəˌleɪt,энкэпслэйт,инкапсулировать,wordnet,verb,глагол,1
enclosing,enclosing,ɛnˈkloʊzɪŋ,энклоузин,вмещающий,wordnet,noun,существительное,1
encode,encode,ɛnˈkoʊd,энкоуд,кодировать,wordnet,verb,глагол,5
encoded,encoded,ɛnˈkoʊdɪd,энкоудид,закодированный,wordnet,verb,глагол,9
encoding,encoding,ɛnˈkoʊdɪŋ,энкоудин,кодирование,wordnet,noun,существительное,1
encounter,encounter,ɪnˈkaʊnər,инкаунэр,сталкиваться,wordnet,noun,существительное,12
encountered,encountered,ɪnˈkaʊnərd,инкаунэрд,столкнулся,wordnet,verb,глагол,14
encourage,encourage,ɪnˈkərəʤ,инкэрэдж,поощрять,wordnet,verb,глагол,7
encouraged,encouraged,ɪnˈkərəʤd,инкэрэджд,поощряется,wordnet,verb,глагол,1
end,end,ɛnd,энд,конец,wordnet,noun,существительное,101
ended,ended,ˈɛndɪd,эндид,закончился,wordnet,verb,глагол,8
ending,ending,ˈɛndɪŋ,эндин,окончание,wordnet,noun,существительное,3
endless,endless,ˈɛndləs,эндлэс,бесконечный,wordnet,adj,прилагательное,1
energy,energy,ˈɛnərʤi,энэрджи,энергия,wordnet,noun,существительное,1
enforce,enforce,ɛnˈfɔrs,энфорс,обеспечивать соблюдение,wordnet,verb,глагол,3
enforced,enforced,ɛnˈfɔrst,энфорст,принудительный,wordnet,verb,глагол,1
enforcing,enforcing,ɛnˈfɔrsɪŋ,энфорсин,обеспечение соблюдения,wordnet,verb,глагол,1
eng,eng,ɛŋ,эн,англ,wordnet,,,1
engelhardt,engelhardt,ˈɛŋgɪlhɑrt,энгилхарт,Энгельгардт,wordnet,,,1
engine,engine,ˈɪnʤən,инджн,двигатель,wordnet,noun,существительное,12
engineer,engineer,ˈɛnʤəˈnɪr,энджэнир,инженер,wordnet,noun,существительное,7
engineering,engineering,ˈɛnʤəˈnɪrɪŋ,энджэнирин,инженерия,wordnet,noun,существительное,8
english,english,ˈɪŋlɪʃ,инлиш,английский,wordnet,noun,существительное,20
enhancement,enhancement,ɛnˈhænsmənt,энхэнсмнт,улучшение,wordnet,noun,существительное,1
enjoyable,enjoyable,ˌɛnˈʤɔɪəbəl,энджойэбл,приятный,wordnet,adj,прилагательное,2
enjoyed,enjoyed,ˌɛnˈʤɔɪd,энджойд,наслаждался,wordnet,verb,глагол,1
enough,enough,ɪˈnəf,инэф,достаточно,wordnet,noun,существительное,29
enriches,enriches,ɛnˈrɪʧɪz,энричиз,обогащает,wordnet,verb,глагол,1
ensure,ensure,ɪnˈʃʊr,иншур,гарантировать,wordnet,verb,глагол,17
ensured,ensured,ɪnˈʃʊrd,иншурд,обеспечено,wordnet,verb,глагол,2
ensures,ensures,ɪnˈʃʊrz,иншурз,обеспечивает,wordnet,verb,глагол,4
ensuring,ensuring,ɪnˈʃʊrɪŋ,иншурин,обеспечение,wordnet,verb,глагол,3
enter,enter,ˈɛnər,энэр,входить,wordnet,verb,глагол,9
enthusiast,enthusiast,ɛnˈθuziˌæst,энсузиэст,энтузиаст,wordnet,noun,существительное,1
entire,entire,ɪnˈtaɪər,интайэр,весь,wordnet,noun,существительное,6
entirely,entirely,ɪnˈtaɪərli,интайэрли,полностью,wordnet,adv,наречие,2
entirety,entirety,ɪnˈtaɪərti,интайэрти,полнота,wordnet,noun,существительное,3
entity,entity,ˈɛntɪti,энтити,сущность,wordnet,noun,существительное,6
entrance,entrance,ˈɛntrəns,энтрнс,вход,wordnet,noun,существительное,1
entry,entry,ˈɛntri,энтри,вход,wordnet,noun,существительное,26
envelope,envelope,ˈɛnvəˌloʊp,энвлоуп,конверт,wordnet,noun,существительное,1
environment,environment,ɪnˈvaɪrənmənt,инвайрнмнт,среда,wordnet,noun,существительное,73
envision,envision,ɛnˈvɪʒən,энвижн,представить себе,wordnet,verb,глагол,2
ephemeral,ephemeral,ɪˈfɛmərəl,ифэмэрл,эфемерный,wordnet,noun,существительное,1
episode,episode,ˈɛpɪˌsoʊd,эписоуд,эпизод,wordnet,noun,существительное,99
epoch,epoch,ˈɛpək,эпэк,эпоха,wordnet,noun,существительное,2
equal,equal,ˈikwəl,икул,равный,wordnet,noun,существительное,20
equaling,equaling,ˈikwəlɪŋ,икулин,равный,wordnet,verb,глагол,1
equality,equality,ɪkˈwɑləti,икуалэти,равенство,wordnet,noun,существительное,4
equally,equally,ˈikwəli,икули,поровну,wordnet,adv,наречие,5
equate,equate,ɪkˈweɪt,икуэйт,приравнивать,wordnet,verb,глагол,1
equated,equated,ɪkˈweɪtɪd,икуэйтид,приравненный,wordnet,verb,глагол,1
equation,equation,ɪkˈweɪʒən,икуэйжн,уравнение,wordnet,noun,существительное,2
equip,equip,ɪkˈwɪp,икуип,оборудовать,wordnet,verb,глагол,1
equipped,equipped,ɪkˈwɪpt,икуипт,оборудованный,wordnet,verb,глагол,3
equips,equips,ɪkˈwɪps,икуипс,оборудует,wordnet,verb,глагол,1
equivalence,equivalence,ɪkˈwɪvələns,икуивлнс,эквивалентность,wordnet,noun,существительное,2
equivalent,equivalent,ɪkˈwɪvələnt,икуивлнт,эквивалент,wordnet,noun,существительное,29
err,err,ɛr,эр,ошибаться,wordnet,verb,глагол,9
erroneous,erroneous,ɛˈroʊniəs,эроуниэс,ошибочный,wordnet,adj,прилагательное,2
error,error,ˈɛrər,эрэр,ошибка,wordnet,noun,существительное,76
escape,escape,ɪˈskeɪp,искэйп,побег,wordnet,noun,существительное,1
eschew,eschew,ɛsˈʧu,эсчу,избегать,wordnet,verb,глагол,1
eschewed,eschewed,ˌɛˈʃud,эшуд,избегал,wordnet,verb,глагол,1
especially,especially,əˈspɛʃəli,эспэшли,особенно,wordnet,adv,наречие,24
esque,esque,ɛsk,эск,эск,wordnet,,,5
essentially,essentially,ɛˈsɛnʃəli,эсэншли,по сути,wordnet,adv,наречие,1
establish,establish,ɪˈstæblɪʃ,истэблиш,учреждать,wordnet,verb,глагол,1
estimator,estimator,ˈɛstɪˌmeɪtər,эстимэйтэр,оценщик,wordnet,noun,существительное,249
etc,etc,ˌɛtˈsɛtərə,этсэтэрэ,и т. д.,wordnet,,,9
ethos,ethos,ˈiθɑs,исас,этос,wordnet,noun,существительное,1
euro,euro,ˈjʊrə,юрэ,евро,wordnet,noun,существительное,1
evaluate,evaluate,ɪˈvæljuˌeɪt,ивэлйуэйт,оценивать,wordnet,verb,глагол,17
evaluated,evaluated,ɪˈvæljuˌeɪtəd,ивэлйуэйтэд,оценивается,wordnet,verb,глагол,5
evaluating,evaluating,ɪˈvæljuˌeɪtɪŋ,ивэлйуэйтин,оценивая,wordnet,verb,глагол,19
evaluation,evaluation,ɪˌvæljuˈeɪʃən,ивэлйуэйшн,оценка,wordnet,noun,существительное,17
even,even,ˈivɪn,ивин,даже,wordnet,noun,существительное,48
evenly,evenly,ˈivənli,ивнли,равномерно,wordnet,adv,наречие,1
event,event,ɪˈvɛnt,ивэнт,событие,wordnet,noun,существительное,3
eventual,eventual,əˈvɛnʧuəl,эвэнчул,возможный,wordnet,adj,прилагательное,1
eventually,eventually,ɪˈvɛnʧəwəli,ивэнчэули,в конце концов,wordnet,adv,наречие,1
ever,ever,ˈɛvər,эвэр,всегда,wordnet,adv,наречие,7
everett,everett,ˈɛvərət,эвэрэт,Эверетт,wordnet,,,1
every,every,ˈɛvəri,эвэри,каждый,wordnet,adj,прилагательное,107
everybody,everybody,ˈɛvriˌbɑdi,эврибади,все,wordnet,,,1
everything,everything,ˈɛvriˌθɪŋ,эврисин,все,wordnet,,,39
everywhere,everywhere,ˈɛvriˌwɛr,эвриуэр,повсюду,wordnet,adv,наречие,4
evicted,evicted,ɪˈvɪktɪd,ивиктид,выселен,wordnet,verb,глагол,1
evident,evident,ˈɛvədənt,эвэднт,очевидный,wordnet,adj,прилагательное,1
evil,evil,ˈivəl,ивл,зло,wordnet,noun,существительное,1
evolution,evolution,ˌɛvəˈluʃən,эвэлушн,эволюция,wordnet,noun,существительное,1
evolve,evolve,ɪˈvɑlv,ивалв,эволюционировать,wordnet,verb,глагол,1
evolves,evolves,ɪˈvɑlvz,ивалвз,развивается,wordnet,verb,глагол,1
evolving,evolving,ɪˈvɑlvɪŋ,ивалвин,развивающийся,wordnet,verb,глагол,1
exact,exact,ɪgˈzækt,игзэкт,точный,wordnet,verb,глагол,8
exactly,exactly,ɪgˈzæktli,игзэктли,точно,wordnet,adv,наречие,9
exam,exam,ɪgˈzæm,игзэм,экзамен,wordnet,noun,существительное,2
examined,examined,ɪgˈzæmənd,игзэмнд,рассмотрен,wordnet,verb,глагол,1
example,example,ɪgˈzæmpəl,игзэмпл,пример,wordnet,noun,существительное,136
exceeds,exceeds,ɪkˈsidz,иксидз,превышает,wordnet,verb,глагол,1
excel,excel,ɪkˈsɛl,иксэл,превосходить,wordnet,verb,глагол,1
excellent,excellent,ˈɛksələnt,экслнт,отличный,wordnet,adj,прилагательное,5
except,except,ɪkˈsɛpt,иксэпт,кроме,wordnet,verb,глагол,13
exception,exception,ɪkˈsɛpʃən,иксэпшн,исключение,wordnet,noun,существительное,14
exchange,exchange,ɪksˈʧeɪnʤ,иксчэйндж,обмен,wordnet,noun,существительное,20
exchanged,exchanged,ɪksˈʧeɪnʤd,иксчэйнджд,обменян,wordnet,verb,глагол,3
exchanging,exchanging,ɪksˈʧeɪnʤɪŋ,иксчэйнджин,обмен,wordnet,verb,глагол,3
excited,excited,ɪkˈsaɪtɪd,иксайтид,взволнованный,wordnet,verb,глагол,2
excluding,excluding,ɪkˈskludɪŋ,иксклудин,исключая,wordnet,verb,глагол,2
exclusive,exclusive,ɪkˈsklusɪv,иксклусив,эксклюзивный,wordnet,noun,существительное,1
exclusively,exclusively,ɪkˈsklusɪvli,иксклусивли,исключительно,wordnet,adv,наречие,1
execute,execute,ˈɛksəˌkjut,эксэкйут,выполнять,wordnet,verb,глагол,1
executed,executed,ˈɛksəˌkjutɪd,эксэкйутид,казнен,wordnet,verb,глагол,1
executing,executing,ˈɛksəˌkjutɪŋ,эксэкйутин,выполнение,wordnet,noun,существительное,2
execution,execution,ˌɛksəˈkjuʃən,эксэкйушн,исполнение,wordnet,noun,существительное,12
executor,executor,ɪgˈzɛkjətər,игзэкйэтэр,исполнитель,wordnet,noun,существительное,45
exercise,exercise,ˈɛksərˌsaɪz,эксэрсайз,упражнение,wordnet,noun,существительное,186
exert,exert,ɪgˈzərt,игзэрт,оказывать,wordnet,verb,глагол,1
exhaustive,exhaustive,ɪgˈzɔstɪv,игзостив,исчерпывающий,wordnet,adj,прилагательное,2
exist,exist,ɪgˈzɪst,игзист,существовать,wordnet,verb,глагол,8
existence,existence,ɪgˈzɪstəns,игзистнс,существование,wordnet,noun,существительное,1
existing,existing,ɪgˈzɪstɪŋ,игзистин,существующий,wordnet,verb,глагол,12
exists,exists,ɪgˈzɪsts,игзистс,существует,wordnet,verb,глагол,4
exit,exit,ˈɛksət,эксэт,Выход,wordnet,noun,существительное,3
exotic,exotic,ɪgˈzɑtɪk,игзатик,экзотика,wordnet,adj,прилагательное,1
expand,expand,ɪkˈspænd,икспэнд,расширять,wordnet,verb,глагол,8
expanded,expanded,ɪkˈspændɪd,икспэндид,расширенный,wordnet,verb,глагол,1
expands,expands,ɪkˈspændz,икспэндз,расширяется,wordnet,verb,глагол,2
expect,expect,ɪkˈspɛkt,икспэкт,ожидать,wordnet,verb,глагол,16
expectation,expectation,ˌɛkspɛkˈteɪʃən,экспэктэйшн,ожидание,wordnet,noun,существительное,1
expected,expected,ɪkˈspɛktɪd,икспэктид,ожидал,wordnet,verb,глагол,25
expecting,expecting,ɪkˈspɛktɪŋ,икспэктин,ожидая,wordnet,verb,глагол,1
expects,expects,ɪkˈspɛkts,икспэктс,ожидает,wordnet,verb,глагол,3
expenditure,expenditure,ɪkˈspɛndɪʧər,икспэндичэр,расходы,wordnet,noun,существительное,1
expense,expense,ɪkˈspɛns,икспэнс,расходы,wordnet,noun,существительное,6
expensive,expensive,ɪkˈspɛnsɪv,икспэнсив,дорогой,wordnet,adj,прилагательное,11
experience,experience,ɪkˈspɪriəns,икспиринс,опыт,wordnet,noun,существительное,8
experienced,experienced,ɪkˈspɪriənst,икспиринст,опытный,wordnet,verb,глагол,1
experiment,experiment,ɪkˈspɛrəmənt,икспэрмнт,эксперимент,wordnet,noun,существительное,16
experimentally,experimentally,ɪkˌspɛrəˈmɛntəli,икспэрэмэнтли,экспериментально,wordnet,adv,наречие,1
experimentation,experimentation,ɪkˌspɛrəmənˈteɪʃən,икспэрмнтэйшн,экспериментирование,wordnet,noun,существительное,3
experimenting,experimenting,ɛkˈspɛrəˌmɛntɪŋ,экспэрмэнтин,экспериментируя,wordnet,verb,глагол,3
expert,expert,ˈɛkspərt,экспэрт,эксперт,wordnet,noun,существительное,3
explain,explain,ɪkˈspleɪn,иксплэйн,объяснять,wordnet,verb,глагол,38
explainable,explainable,ɪkˈspleɪnəbəl,иксплэйнэбл,объяснимый,wordnet,adj,прилагательное,1
explained,explained,ɪkˈspleɪnd,иксплэйнд,объяснил,wordnet,verb,глагол,20
explaining,explaining,ɪkˈspleɪnɪŋ,иксплэйнин,объяснение,wordnet,verb,глагол,8
explains,explains,ɪkˈspleɪnz,иксплэйнз,объясняет,wordnet,verb,глагол,9
explanation,explanation,ˌɛkspləˈneɪʃən,эксплэнэйшн,объяснение,wordnet,noun,существительное,10
explanatory,explanatory,ɪkˈsplænəˌtɔri,иксплэнэтори,пояснительный,wordnet,adj,прилагательное,4
explicit,explicit,ɪkˈsplɪsət,иксплисэт,явный,wordnet,adj,прилагательное,37
explicitly,explicitly,ɪkˈsplɪsətli,иксплисэтли,явно,wordnet,adv,наречие,38
explode,explode,ɪkˈsploʊd,иксплоуд,взорваться,wordnet,verb,глагол,62
exploded,exploded,ɪkˈsploʊdɪd,иксплоудид,взорвался,wordnet,verb,глагол,5
explodes,explodes,ɪkˈsploʊdz,иксплоудз,взрывается,wordnet,verb,глагол,2
exploding,exploding,ɪkˈsploʊdɪŋ,иксплоудин,взрывающийся,wordnet,verb,глагол,13
exploration,exploration,ˌɛksplərˈeɪʃən,эксплэрэйшн,разведка,wordnet,noun,существительное,17
exploratory,exploratory,ɪkˈsplɔrəˌtɔri,иксплорэтори,исследовательский,wordnet,adj,прилагательное,9
explore,explore,ɪkˈsplɔr,иксплор,исследовать,wordnet,verb,глагол,36
explored,explored,ɪkˈsplɔrd,иксплорд,исследовал,wordnet,verb,глагол,5
explorer,explorer,ɪkˈsplɔrər,иксплорэр,исследователь,wordnet,noun,существительное,1
explores,explores,ɪkˈsplɔrz,иксплорз,исследует,wordnet,verb,глагол,1
exploring,exploring,ɪkˈsplɔrɪŋ,иксплорин,исследование,wordnet,verb,глагол,33
explosion,explosion,ɪkˈsploʊʒən,иксплоужн,взрыв,wordnet,noun,существительное,3
exponentially,exponentially,ˌɛkspoʊˈnɛnʃəli,экспоунэншли,экспоненциально,wordnet,adv,наречие,1
export,export,ˈɛkspɔrt,экспорт,экспорт,wordnet,noun,существительное,14
exporting,exporting,ɪkˈspɔrtɪŋ,икспортин,экспорт,wordnet,noun,существительное,2
expose,expose,ɪkˈspoʊz,икспоуз,разоблачать,wordnet,noun,существительное,3
exposing,exposing,ɪkˈspoʊzɪŋ,икспоузин,разоблачение,wordnet,verb,глагол,1
exposure,exposure,ɪkˈspoʊʒər,икспоужэр,контакт,wordnet,noun,существительное,8
express,express,ɪkˈsprɛs,икспрэс,выражать,wordnet,noun,существительное,7
expressed,expressed,ɪkˈsprɛst,икспрэст,выразил,wordnet,verb,глагол,1
expression,expression,ɪkˈsprɛʃən,икспрэшн,выражение,wordnet,noun,существительное,33
expressive,expressive,ɪkˈsprɛsɪv,икспрэсив,выразительный,wordnet,adj,прилагательное,6
extend,extend,ɪkˈstɛnd,икстэнд,продлевать,wordnet,verb,глагол,6
extended,extended,ɪkˈstɛndɪd,икстэндид,расширенный,wordnet,verb,глагол,4
extending,extending,ɪkˈstɛndɪŋ,икстэндин,расширение,wordnet,verb,глагол,14
extends,extends,ɪkˈstɛndz,икстэндз,простирается,wordnet,verb,глагол,3
extension,extension,ɪkˈstɛnʃən,икстэншн,расширение,wordnet,noun,существительное,3
extensive,extensive,ɪkˈstɛnsɪv,икстэнсив,обширный,wordnet,adj,прилагательное,2
extensively,extensively,ɪkˈstɛnsɪvli,икстэнсивли,широко,wordnet,adv,наречие,2
external,external,ɪkˈstərnəl,икстэрнл,внешний,wordnet,noun,существительное,8
extra,extra,ˈɛkstrə,экстрэ,дополнительный,wordnet,noun,существительное,5
extract,extract,ˈɛkˌstrækt,экстрэкт,извлекать,wordnet,noun,существительное,88
extracted,extracted,ɛkˈstræktɪd,экстрэктид,извлеченный,wordnet,verb,глагол,1
extracting,extracting,ɛkˈstræktɪŋ,экстрэктин,извлечение,wordnet,verb,глагол,13
extraction,extraction,ɛkˈstrækʃən,экстрэкшн,добыча,wordnet,noun,существительное,2
extraneous,extraneous,ɛkˈstreɪniəs,экстрэйниэс,посторонний,wordnet,adj,прилагательное,1
extreme,extreme,ɪkˈstrim,икстрим,крайний,wordnet,noun,существительное,15
extremely,extremely,ɪkˈstrimli,икстримли,очень сильно,wordnet,adv,наречие,6
eye,eye,aɪ,ай,глаз,wordnet,noun,существительное,3
face,face,feɪs,фэйс,лицо,wordnet,noun,существительное,4
facebook,facebook,ˈfeɪsˌbʊk,фэйсбук,Фейсбук,wordnet,,,1
faced,faced,feɪst,фэйст,столкнулся,wordnet,verb,глагол,3
facilitate,facilitate,fəˈsɪləˌteɪt,фэсилэтэйт,способствовать,wordnet,verb,глагол,2
facing,facing,ˈfeɪsɪŋ,фэйсин,лицом к лицу,wordnet,noun,существительное,6
fact,fact,fækt,фэкт,факт,wordnet,noun,существительное,15
facto,facto,ˈfæktoʊ,фэктоу,факто,wordnet,,,2
factor,factor,ˈfæktər,фэктэр,фактор,wordnet,noun,существительное,1
factory,factory,ˈfæktəri,фэктэри,фабрика,wordnet,noun,существительное,28
fahrenheit,fahrenheit,ˈfɛrənˌhaɪt,фэрнхайт,Фаренгейт,wordnet,noun,существительное,5
fail,fail,feɪl,фэйл,неудача,wordnet,verb,глагол,9
failed,failed,feɪld,фэйлд,неуспешный,wordnet,verb,глагол,3
failing,failing,ˈfeɪlɪŋ,фэйлин,неудачный,wordnet,noun,существительное,2
fails,fails,feɪlz,фэйлз,терпит неудачу,wordnet,verb,глагол,8
failure,failure,ˈfeɪljər,фэйлйэр,отказ,wordnet,noun,существительное,97
fair,fair,fɛr,фэр,справедливый,wordnet,noun,существительное,4
fairly,fairly,ˈfɛrli,фэрли,весьма,wordnet,adv,наречие,1
falk,falk,fɔk,фок,фальшь,wordnet,,,1
fall,fall,fɔl,фол,падать,wordnet,noun,существительное,4
falling,falling,ˈfɑlɪŋ,фалин,падение,wordnet,verb,глагол,1
false,false,fɔls,фолс,ЛОЖЬ,wordnet,adj,прилагательное,116
familiar,familiar,fəˈmɪljər,фэмилйэр,привычный,wordnet,noun,существительное,17
familiarity,familiarity,fəˌmɪˈljɛrəti,фмилйэрэти,знакомство,wordnet,noun,существительное,1
family,family,ˈfæməli,фэмли,семья,wordnet,noun,существительное,20
famous,famous,ˈfeɪməs,фэймэс,известный,wordnet,adj,прилагательное,2
fan,fan,fæn,фэн,вентилятор,wordnet,noun,существительное,5
fantastic,fantastic,fænˈtæstɪk,фэнтэстик,фантастический,wordnet,adj,прилагательное,2
far,far,fɑr,фар,далеко,wordnet,noun,существительное,37
fascinating,fascinating,ˈfæsəˌneɪtɪŋ,фэснэйтин,очаровательный,wordnet,verb,глагол,1
fashion,fashion,ˈfæʃən,фэшн,мода,wordnet,noun,существительное,11
fast,fast,fæst,фэст,быстрый,wordnet,noun,существительное,9
faster,faster,ˈfæstər,фэстэр,Быстрее,wordnet,adj,прилагательное,41
fastest,fastest,ˈfæstəst,фэстэст,самый быстрый,wordnet,adj,прилагательное,1
fat,fat,fæt,фэт,толстый,wordnet,noun,существительное,45
fatal,fatal,ˈfeɪtəl,фэйтл,смертельный,wordnet,adj,прилагательное,5
fault,fault,fɔlt,фолт,вина,wordnet,noun,существительное,2
faulty,faulty,ˈfɔlti,фолти,неисправный,wordnet,adj,прилагательное,1
favorite,favorite,ˈfeɪvərɪt,фэйвэрит,любимый,wordnet,noun,существительное,11
fear,fear,fɪr,фир,страх,wordnet,noun,существительное,4
feasible,feasible,ˈfizəbəl,физэбл,достижимый,wordnet,adj,прилагательное,1
feat,feat,fit,фит,подвиг,wordnet,noun,существительное,9
feature,feature,ˈfiʧər,фичэр,особенность,wordnet,noun,существительное,291
feb,feb,ˈfɛbjəˌwɛri,фэбйэуэри,февраль,wordnet,noun,существительное,2
fed,fed,fɛd,фэд,накормленный,wordnet,noun,существительное,2
feed,feed,fid,фид,кормить,wordnet,noun,существительное,5
feedback,feedback,ˈfidˌbæk,фидбэк,обратная связь,wordnet,noun,существительное,5
feeding,feeding,ˈfidɪŋ,фидин,кормление,wordnet,noun,существительное,1
feel,feel,fil,фил,чувствовать,wordnet,noun,существительное,14
feeling,feeling,ˈfilɪŋ,филин,чувство,wordnet,noun,существительное,2
fell,fell,fɛl,фэл,упал,wordnet,noun,существительное,18
fellow,fellow,ˈfɛloʊ,фэлоу,парень,wordnet,noun,существительное,1
felt,felt,fɛlt,фэлт,чувствовал себя,wordnet,noun,существительное,2
fetch,fetch,fɛʧ,фэч,принести,wordnet,noun,существительное,3
fetched,fetched,fɛʧt,фэчт,принесенный,wordnet,verb,глагол,3
fetherolf,fetherolf,ˈfɛθəroʊlf,фэсэроулф,фетерольф,wordnet,,,1
fewer,fewer,fjuər,фйуэр,меньше,wordnet,adj,прилагательное,3
fide,fide,faɪd,файд,верный,wordnet,,,3
fiduciary,fiduciary,fəˈduʃiˌɛri,фэдушиэри,фидуциарный,wordnet,noun,существительное,1
field,field,fild,филд,поле,wordnet,noun,существительное,127
fifth,fifth,fɪθ,фис,пятый,wordnet,noun,существительное,1
figure,figure,ˈfɪgjər,фигйэр,фигура,wordnet,noun,существительное,195
figuring,figuring,ˈfɪgjərɪŋ,фигйэрин,расчет,wordnet,noun,существительное,1
file,file,faɪl,файл,файл,wordnet,noun,существительное,190
filing,filing,ˈfaɪlɪŋ,файлин,подача,wordnet,noun,существительное,1
fill,fill,fɪl,фил,наполнять,wordnet,noun,существительное,19
filled,filled,fɪld,филд,заполненный,wordnet,verb,глагол,5
filler,filler,ˈfɪlər,филэр,наполнитель,wordnet,noun,существительное,77
filling,filling,ˈfɪlɪŋ,филин,наполнение,wordnet,noun,существительное,14
filter,filter,ˈfɪltər,филтэр,фильтр,wordnet,noun,существительное,82
filtered,filtered,ˈfɪltərd,филтэрд,фильтрованный,wordnet,verb,глагол,5
filtering,filtering,ˈfɪltərɪŋ,филтэрин,фильтрация,wordnet,verb,глагол,35
filtration,filtration,fɪlˈtreɪʃən,филтрэйшн,фильтрация,wordnet,noun,существительное,1
final,final,ˈfaɪnəl,файнл,финальный,wordnet,noun,существительное,21
finalize,finalize,ˈfaɪnəˌlaɪz,файнлайз,завершить,wordnet,verb,глагол,1
finalized,finalized,ˈfaɪnəˌlaɪzd,файнлайзд,завершенный,wordnet,verb,глагол,1
finally,finally,ˈfaɪnəli,файнли,окончательно,wordnet,adv,наречие,58
find,find,faɪnd,файнд,находить,wordnet,noun,существительное,56
finding,finding,ˈfaɪndɪŋ,файндин,нахождение,wordnet,noun,существительное,9
fine,fine,faɪn,файн,отлично,wordnet,noun,существительное,7
finely,finely,ˈfaɪnli,файнли,мелко,wordnet,adv,наречие,2
finer,finer,ˈfaɪnər,файнэр,тоньше,wordnet,adj,прилагательное,1
finest,finest,ˈfaɪnəst,файнэст,лучший,wordnet,adj,прилагательное,1
fingertip,fingertip,ˈfɪŋgərˌtɪp,фингэртип,кончик пальца,wordnet,noun,существительное,1
finish,finish,ˈfɪnɪʃ,финиш,заканчивать,wordnet,noun,существительное,13
finished,finished,ˈfɪnɪʃt,финишт,законченный,wordnet,verb,глагол,1
finite,finite,ˈfaɪˌnaɪt,файнайт,конечный,wordnet,adj,прилагательное,2
fire,fire,faɪər,файэр,огонь,wordnet,noun,существительное,1
fired,fired,faɪərd,файэрд,уволенный,wordnet,verb,глагол,1
firewall,firewall,ˈfaɪrwɑl,файруал,брандмауэр,wordnet,noun,существительное,1
firmly,firmly,ˈfərmli,фэрмли,твердо,wordnet,adv,наречие,1
first,first,fərst,фэрст,первый,wordnet,noun,существительное,219
fit,fit,fɪt,фит,соответствовать,wordnet,noun,существительное,91
fitted,fitted,ˈfɪtɪd,фитид,встроенный,wordnet,verb,глагол,12
fitting,fitting,ˈfɪtɪŋ,фитин,примерка,wordnet,noun,существительное,9
five,five,faɪv,файв,пять,wordnet,noun,существительное,42
fix,fix,fɪks,фикс,исправить,wordnet,noun,существительное,4
fixed,fixed,fɪkst,фикст,зафиксированный,wordnet,verb,глагол,6
flag,flag,flæg,флэг,флаг,wordnet,noun,существительное,21
flatten,flatten,ˈflætən,флэтн,сгладить,wordnet,verb,глагол,1
flavor,flavor,ˈfleɪvər,флэйвэр,вкус,wordnet,noun,существительное,4
flawed,flawed,flɔd,флод,ошибочный,wordnet,verb,глагол,1
flex,flex,flɛks,флэкс,гибкий,wordnet,noun,существительное,7
flexibility,flexibility,ˌflɛksəˈbɪləti,флэксэбилэти,гибкость,wordnet,noun,существительное,25
flexible,flexible,ˈflɛksəbəl,флэксэбл,гибкий,wordnet,adj,прилагательное,19
flexing,flexing,ˈflɛksɪŋ,флэксин,сгибание,wordnet,verb,глагол,1
flip,flip,flɪp,флип,подбросить,wordnet,noun,существительное,7
flipped,flipped,flɪpt,флипт,перевернутый,wordnet,verb,глагол,1
flipping,flipping,ˈflɪpɪŋ,флипин,переворачивание,wordnet,verb,глагол,2
float,float,floʊt,флоут,плавать,wordnet,noun,существительное,58
floating,floating,ˈfloʊtɪŋ,флоутин,плавающий,wordnet,noun,существительное,8
floor,floor,flɔr,флор,пол,wordnet,noun,существительное,42
floored,floored,flɔrd,флорд,пол,wordnet,verb,глагол,2
flour,flour,flaʊər,флауэр,мука,wordnet,noun,существительное,1
flow,flow,floʊ,флоу,поток,wordnet,noun,существительное,6
flower,flower,flaʊər,флауэр,цветок,wordnet,noun,существительное,2
fluent,fluent,fluənt,флунт,беглый,wordnet,adj,прилагательное,2
fly,fly,flaɪ,флай,летать,wordnet,noun,существительное,3
focus,focus,ˈfoʊkɪs,фоукис,фокус,wordnet,noun,существительное,42
focused,focused,ˈfoʊkɪst,фоукист,сосредоточенный,wordnet,verb,глагол,4
focusing,focusing,ˈfoʊkɪsɪŋ,фоукисин,фокусировка,wordnet,noun,существительное,6
fold,fold,foʊld,фоулд,складывать,wordnet,noun,существительное,9
folk,folk,foʊk,фоук,народный,wordnet,noun,существительное,7
follow,follow,ˈfɑloʊ,фалоу,следовать,wordnet,verb,глагол,44
followed,followed,ˈfɑloʊd,фалоуд,подписан,wordnet,verb,глагол,5
following,following,ˈfɑloʊɪŋ,фалоуин,следующий,wordnet,noun,существительное,106
follows,follows,ˈfɑloʊz,фалоуз,следует,wordnet,verb,глагол,22
fond,fond,fɑnd,фанд,любящий,wordnet,adj,прилагательное,1
font,font,fɑnt,фант,шрифт,wordnet,noun,существительное,2
food,food,fud,фуд,еда,wordnet,noun,существительное,120
foot,foot,fʊt,фут,ступня,wordnet,noun,существительное,2
footprint,footprint,ˈfʊtˌprɪnt,футпринт,след,wordnet,noun,существительное,1
force,force,fɔrs,форс,сила,wordnet,noun,существительное,4
forced,forced,fɔrst,форст,принужденный,wordnet,verb,глагол,2
forcing,forcing,ˈfɔrsɪŋ,форсин,принуждение,wordnet,verb,глагол,1
foreign,foreign,ˈfɔrən,форн,иностранный,wordnet,adj,прилагательное,2
foremost,foremost,ˈfɔrˌmoʊst,формоуст,прежде всего,wordnet,adj,прилагательное,1
forensic,forensic,ˌfɔˈrɛnsɪk,форэнсик,судебно-медицинский,wordnet,adj,прилагательное,2
forever,forever,fərˈɛvər,фэрэвэр,навсегда,wordnet,adv,наречие,1
forge,forge,fɔrʤ,фордж,ковать,wordnet,noun,существительное,3
forget,forget,fərˈgɛt,фэргэт,забывать,wordnet,verb,глагол,3
forgetting,forgetting,fərˈgɛtɪŋ,фэргэтин,забывая,wordnet,verb,глагол,1
form,form,fɔrm,форм,форма,wordnet,noun,существительное,18
formal,formal,ˈfɔrməl,формл,формальный,wordnet,noun,существительное,3
formally,formally,ˈfɔrməli,формли,формально,wordnet,adv,наречие,2
format,format,ˈfɔrˌmæt,формэт,формат,wordnet,noun,существительное,67
formative,formative,ˈfɔrmətɪv,формэтив,формирующий,wordnet,noun,существительное,1
formed,formed,fɔrmd,формд,сформированный,wordnet,verb,глагол,4
former,former,ˈfɔrmər,формэр,бывший,wordnet,noun,существительное,2
formerly,formerly,ˈfɔrmərli,формэрли,раньше,wordnet,adv,наречие,2
forming,forming,ˈfɔrmɪŋ,формин,формирование,wordnet,verb,глагол,1
formula,formula,ˈfɔrmjələ,формйлэ,формула,wordnet,noun,существительное,15
forth,forth,fɔrθ,форс,вперед,wordnet,noun,существительное,2
fortunate,fortunate,ˈfɔrʧənət,форчнэт,удачливый,wordnet,adj,прилагательное,2
fortunately,fortunately,ˈfɔrʧənətli,форчнэтли,к счастью,wordnet,adv,наречие,14
forum,forum,ˈfɔrəm,форм,форум,wordnet,noun,существительное,5
forward,forward,ˈfɔrwərd,форуэрд,вперед,wordnet,noun,существительное,4
found,found,faʊnd,фаунд,найденный,wordnet,noun,существительное,12
foundation,foundation,faʊnˈdeɪʃən,фаундэйшн,фундамент,wordnet,noun,существительное,10
founded,founded,ˈfaʊndɪd,фаундид,основан,wordnet,verb,глагол,1
four,four,fɔr,фор,четыре,wordnet,noun,существительное,50
fourth,fourth,fɔrθ,форс,четвертый,wordnet,noun,существительное,3
fraction,fraction,ˈfrækʃən,фрэкшн,дробь,wordnet,noun,существительное,75
fragile,fragile,ˈfræʤəl,фрэджл,хрупкий,wordnet,adj,прилагательное,1
frame,frame,freɪm,фрэйм,рамка,wordnet,noun,существительное,925
framework,framework,ˈfreɪmˌwərk,фрэймуэрк,рамки,wordnet,noun,существительное,16
frantic,frantic,ˈfræntɪk,фрэнтик,безумный,wordnet,adj,прилагательное,1
free,free,fri,фри,бесплатно,wordnet,noun,существительное,11
freely,freely,ˈfrili,фрили,свободно,wordnet,adv,наречие,2
freestanding,freestanding,ˈfriˌstændɪŋ,фристэндин,отдельно стоящий,wordnet,adj,прилагательное,1
freestyle,freestyle,ˈfriˌstaɪl,фристайл,фристайл,wordnet,noun,существительное,7
french,french,frɛnʧ,фрэнч,французский,wordnet,noun,существительное,5
frequency,frequency,ˈfrikwənsi,фрикунси,частота,wordnet,noun,существительное,24
frequent,frequent,ˈfrikˌwɛnt,фрикуэнт,частый,wordnet,verb,глагол,12
frequently,frequently,ˈfrikwɛntli,фрикуэнтли,часто,wordnet,adv,наречие,6
fresh,fresh,frɛʃ,фрэш,свежий,wordnet,adj,прилагательное,1
friend,friend,frɛnd,фрэнд,друг,wordnet,noun,существительное,3
friendlier,friendlier,ˈfrɛndliər,фрэндлиэр,более дружелюбный,wordnet,adj,прилагательное,7
friendly,friendly,ˈfrɛndli,фрэндли,дружелюбно,wordnet,noun,существительное,5
front,front,frənt,фрнт,передний,wordnet,noun,существительное,3
frustrating,frustrating,ˈfrəˌstreɪtɪŋ,фрэстрэйтин,раздражающий,wordnet,verb,глагол,1
fulfill,fulfill,fʊlˈfɪl,фулфил,выполнить,wordnet,verb,глагол,2
fulfilling,fulfilling,fʊlˈfɪlɪŋ,фулфилин,выполнение,wordnet,verb,глагол,1
full,full,fʊl,фул,полный,wordnet,noun,существительное,76
fully,fully,ˈfʊli,фули,полностью,wordnet,adv,наречие,14
fun,fun,fən,фн,веселье,wordnet,noun,существительное,9
function,function,ˈfəŋkʃən,фэнкшн,функция,wordnet,noun,существительное,865
functional,functional,ˈfəŋkʃənəl,фэнкшнл,функциональный,wordnet,adj,прилагательное,4
functionality,functionality,ˌfəŋkʃəˈnælɪti,фэнкшэнэлити,функциональность,wordnet,noun,существительное,65
functionally,functionally,ˈfəŋkʃənəli,фэнкшнли,функционально,wordnet,adv,наречие,1
functioning,functioning,ˈfəŋkʃənɪŋ,фэнкшнин,функционирование,wordnet,noun,существительное,1
fundamental,fundamental,ˌfəndəˈmɛnəl,фндэмэнл,фундаментальный,wordnet,noun,существительное,11
fundamentally,fundamentally,ˌfəndəˈmɛnəli,фндэмэнли,принципиально,wordnet,adv,наречие,1
funny,funny,ˈfəni,фни,забавный,wordnet,noun,существительное,1
furthermore,furthermore,ˈfərðərˌmɔr,фэрзэрмор,более того,wordnet,adv,наречие,15
fuse,fuse,fjuz,фйуз,предохранитель,wordnet,noun,существительное,2
fusion,fusion,fˈjuʒən,фйужн,слияние,wordnet,noun,существительное,1
fuss,fuss,fəs,фэс,суматоха,wordnet,noun,существительное,4
future,future,fˈjuʧər,фйучэр,будущее,wordnet,noun,существительное,7
gain,gain,geɪn,гэйн,прирост,wordnet,noun,существительное,8
gained,gained,geɪnd,гэйнд,получил,wordnet,verb,глагол,3
gaining,gaining,ˈgeɪnɪŋ,гэйнин,получение,wordnet,verb,глагол,2
galore,galore,gəˈlɔr,гэлор,изобилие,wordnet,adj,прилагательное,1
game,game,geɪm,гэйм,игра,wordnet,noun,существительное,3
gamut,gamut,ˈgæmət,гэмэт,гамма,wordnet,noun,существительное,1
gap,gap,gæp,гэп,зазор,wordnet,noun,существительное,7
garbage,garbage,ˈgɑrbɪʤ,гарбидж,мусор,wordnet,noun,существительное,5
garbled,garbled,ˈgɑrbəld,гарблд,искаженный,wordnet,verb,глагол,1
gareth,gareth,ˈgɛrɪθ,гэрис,Гарет,wordnet,,,2
gary,gary,ˈgɛri,гэри,Гэри,wordnet,noun,существительное,2
gather,gather,ˈgæðər,гэзэр,собирать,wordnet,noun,существительное,1
gathered,gathered,ˈgæðərd,гэзэрд,собрались,wordnet,verb,глагол,1
gave,gave,geɪv,гэйв,отдал,wordnet,verb,глагол,2
geek,geek,gik,гик,компьютерщик,wordnet,noun,существительное,1
gen,gen,ʤɛn,джэн,ген,wordnet,noun,существительное,1
general,general,ˈʤɛnərəl,джэнэрл,общий,wordnet,noun,существительное,20
generalize,generalize,ˈʤɛnərəˌlaɪz,джэнэрлайз,обобщать,wordnet,verb,глагол,2
generalized,generalized,ˈʤɛnərəˌlaɪzd,джэнэрлайзд,обобщенный,wordnet,verb,глагол,2
generalizing,generalizing,ˈʤɛnərəˌlaɪzɪŋ,джэнэрлайзин,обобщающий,wordnet,verb,глагол,1
generally,generally,ˈʤɛnərəli,джэнэрли,в целом,wordnet,adv,наречие,3
generate,generate,ˈʤɛnərˌeɪt,джэнэрэйт,генерировать,wordnet,verb,глагол,20
generated,generated,ˈʤɛnərˌeɪtɪd,джэнэрэйтид,созданный,wordnet,verb,глагол,3
generates,generates,ˈʤɛnərˌeɪts,джэнэрэйтс,генерирует,wordnet,verb,глагол,6
generating,generating,ˈʤɛnərˌeɪtɪŋ,джэнэрэйтин,создание,wordnet,verb,глагол,3
generation,generation,ˌʤɛnərˈeɪʃən,джэнэрэйшн,поколение,wordnet,noun,существительное,1
generator,generator,ˈʤɛnərˌeɪtər,джэнэрэйтэр,генератор,wordnet,noun,существительное,2
generic,generic,ʤəˈnɛrɪk,джэнэрик,универсальный,wordnet,noun,существительное,7
genre,genre,ˈʒɑnrə,жанрэ,жанр,wordnet,noun,существительное,56
geoff,geoff,ʤɛf,джэф,Джефф,wordnet,,,1
get,get,gɪt,гит,получать,wordnet,noun,существительное,227
getter,getter,ˈgɛtər,гэтэр,добытчик,wordnet,,,18
getters,getters,ˈgɛtərz,гэтэрз,добытчики,wordnet,,,20
getting,getting,ˈgɪtɪŋ,гитин,получающий,wordnet,noun,существительное,51
giant,giant,ʤaɪənt,джайнт,гигант,wordnet,noun,существительное,1
gib,gib,gɪb,гиб,шутка,wordnet,noun,существительное,7
gift,gift,gɪft,гифт,подарок,wordnet,noun,существительное,1
gigabyte,gigabyte,ˈgɪgəˌbaɪt,гигэбайт,гигабайт,wordnet,noun,существительное,3
gingerly,gingerly,ˈʤɪnʤərli,джинджэрли,осторожно,wordnet,adj,прилагательное,1
girl,girl,gərl,гэрл,девочка,wordnet,noun,существительное,1
gist,gist,ʤɪst,джист,суть,wordnet,noun,существительное,1
give,give,gɪv,гив,давать,wordnet,noun,существительное,82
giveaway,giveaway,ˈgɪvəˌweɪ,гивэуэй,отдавать,wordnet,noun,существительное,1
given,given,ˈgɪvɪn,гивин,данный,wordnet,noun,существительное,32
giving,giving,ˈgɪvɪŋ,гивин,предоставление,wordnet,noun,существительное,11
glad,glad,glæd,глэд,радостный,wordnet,noun,существительное,1
gladly,gladly,ˈglædli,глэдли,с радостью,wordnet,adv,наречие,1
glance,glance,glæns,глэнс,взглянуть мельком,wordnet,noun,существительное,4
glob,glob,glɑb,глаб,шарик,wordnet,noun,существительное,7
global,global,ˈgloʊbəl,глоубл,глобальный,wordnet,adj,прилагательное,7
globally,globally,ˈgloʊbəli,глоубли,глобально,wordnet,adv,наречие,2
globe,globe,gloʊb,глоуб,глобус,wordnet,noun,существительное,1
gloria,gloria,ˈglɔriə,глориэ,Глория,wordnet,,,1
glory,glory,ˈglɔri,глори,слава,wordnet,noun,существительное,2
glossary,glossary,ˈglɔsəri,глосэри,глоссарий,wordnet,noun,существительное,1
glue,glue,glu,глу,клей,wordnet,noun,существительное,6
gnu,gnu,nu,ну,ГНУ,wordnet,noun,существительное,11
goal,goal,goʊl,гоул,цель,wordnet,noun,существительное,11
godsend,godsend,ˈgɑdˌsɛnd,гадсэнд,находка,wordnet,noun,существительное,1
going,going,goʊɪŋ,гоуин,идущий,wordnet,noun,существительное,28
gold,gold,goʊld,гоулд,золото,wordnet,noun,существительное,3
golden,golden,ˈgoʊldən,гоулдн,золотой,wordnet,adj,прилагательное,1
goldilocks,goldilocks,ˈgoʊldiˌlɔks,гоулдилокс,Златовласка,wordnet,noun,существительное,1
golf,golf,gɔlf,голф,гольф,wordnet,noun,существительное,1
golfer,golfer,ˈgɑlfər,галфэр,игрок в гольф,wordnet,noun,существительное,1
gone,gone,gɔn,гон,ушел,wordnet,verb,глагол,2
good,good,gʊd,гуд,хороший,wordnet,noun,существительное,57
google,google,ˈgugəl,гугл,Google,wordnet,noun,существительное,32
gopinath,gopinath,ˈgoʊpɪnəθ,гоупинэс,гопинатх,wordnet,,,1
goran,goran,ˈgɔrən,горн,Горан,wordnet,,,1
got,got,gɑt,гат,получил,wordnet,verb,глагол,5
gotten,gotten,ˈgɔtən,готн,получил,wordnet,verb,глагол,1
govern,govern,ˈgəvərn,гэвэрн,управлять,wordnet,verb,глагол,1
government,government,ˈgəvərnmənt,гэвэрнмнт,правительство,wordnet,noun,существительное,3
governs,governs,ˈgəvərnz,гэвэрнз,управляет,wordnet,verb,глагол,1
govoni,govoni,goʊˈvoʊni,гоувоуни,говони,wordnet,,,1
grab,grab,græb,грэб,схватить,wordnet,noun,существительное,1
grade,grade,greɪd,грэйд,оценка,wordnet,noun,существительное,1
gradient,gradient,ˈgreɪdiənt,грэйдинт,градиент,wordnet,noun,существительное,1
graduate,graduate,ˈgræʤəˌweɪt,грэджэуэйт,выпускник,wordnet,noun,существительное,1
graduating,graduating,ˈgræʤəˌweɪtɪŋ,грэджэуэйтин,окончание,wordnet,verb,глагол,1
gram,gram,græm,грэм,грамм,wordnet,noun,существительное,4
grammar,grammar,ˈgræmər,грэмэр,грамматика,wordnet,noun,существительное,1
granular,granular,ˈgrænjələr,грэнйлэр,зернистый,wordnet,adj,прилагательное,1
graphic,graphic,ˈgræfɪk,грэфик,графика,wordnet,noun,существительное,1
graphical,graphical,ˈgræfɪkəl,грэфикл,графический,wordnet,adj,прилагательное,5
grasp,grasp,græsp,грэсп,понять,wordnet,noun,существительное,1
grateful,grateful,ˈgreɪtfəl,грэйтфл,благодарный,wordnet,adj,прилагательное,2
gratification,gratification,ˌgrætəfəˈkeɪʃən,грэтэфэкэйшн,удовлетворение,wordnet,noun,существительное,1
great,great,greɪt,грэйт,большой,wordnet,noun,существительное,21
greater,greater,ˈgreɪtər,грэйтэр,больший,wordnet,adj,прилагательное,16
greatest,greatest,ˈgreɪtəst,грэйтэст,величайший,wordnet,adj,прилагательное,7
greatly,greatly,ˈgreɪtli,грэйтли,значительно,wordnet,adv,наречие,4
grew,grew,gru,гру,вырос,wordnet,verb,глагол,1
grid,grid,grɪd,грид,сетка,wordnet,noun,существительное,8
grind,grind,graɪnd,грайнд,молоть,wordnet,noun,существительное,1
grocery,grocery,ˈgroʊsəri,гроусэри,бакалея,wordnet,noun,существительное,17
ground,ground,graʊnd,граунд,земля,wordnet,noun,существительное,4
group,group,grup,груп,группа,wordnet,noun,существительное,137
grouped,grouped,grupt,групт,сгруппированы,wordnet,verb,глагол,38
grouping,grouping,ˈgrupɪŋ,групин,группировка,wordnet,noun,существительное,60
grow,grow,groʊ,гроу,расти,wordnet,verb,глагол,7
growing,growing,groʊɪŋ,гроуин,растет,wordnet,noun,существительное,23
grown,grown,groʊn,гроун,вырос,wordnet,verb,глагол,1
grows,grows,groʊz,гроуз,растет,wordnet,verb,глагол,5
guarantee,guarantee,ˌgɛrənˈti,гэрнти,гарантия,wordnet,noun,существительное,5
guaranteed,guaranteed,ˌgɛrənˈtid,гэрнтид,гарантированный,wordnet,verb,глагол,1
guard,guard,gɑrd,гард,сторожить,wordnet,noun,существительное,1
guess,guess,gɛs,гэс,предполагать,wordnet,noun,существительное,2
guessed,guessed,gɛst,гэст,догадался,wordnet,verb,глагол,1
guesswork,guesswork,ˈgɛsˌwərk,гэсуэрк,догадки,wordnet,noun,существительное,2
guidance,guidance,ˈgaɪdəns,гайднс,руководство,wordnet,noun,существительное,2
guide,guide,gaɪd,гайд,гид,wordnet,noun,существительное,4
gustavo,gustavo,gəˈstɑvoʊ,гэставоу,Густаво,wordnet,,,2
gutenberg,gutenberg,ˈgutənbərg,гутнбэрг,Гутенберг,wordnet,noun,существительное,39
guy,guy,gaɪ,гай,парень,wordnet,noun,существительное,2
gymnastics,gymnastics,ʤɪmˈnæstɪks,джимнэстикс,гимнастика,wordnet,noun,существительное,18
habit,habit,ˈhæbət,хэбэт,привычка,wordnet,noun,существительное,1
hair,hair,hɛr,хэр,волосы,wordnet,noun,существительное,2
hale,hale,heɪl,хэйл,здоровый,wordnet,noun,существительное,2
half,half,hæf,хэф,половина,wordnet,noun,существительное,7
halfway,halfway,ˈhæfˈweɪ,хэфуэй,наполовину,wordnet,adj,прилагательное,1
hammer,hammer,ˈhæmər,хэмэр,молоток,wordnet,noun,существительное,1
hammering,hammering,ˈhæmərɪŋ,хэмэрин,забивание молотком,wordnet,noun,существительное,1
hampton,hampton,ˈhæmptən,хэмптн,Хэмптон,wordnet,noun,существительное,1
hand,hand,hænd,хэнд,рука,wordnet,noun,существительное,35
handed,handed,ˈhændɪd,хэндид,вручил,wordnet,verb,глагол,1
handful,handful,ˈhændˌfʊl,хэндфул,горстка,wordnet,noun,существительное,5
handle,handle,ˈhændəl,хэндл,ручка,wordnet,noun,существительное,2
handy,handy,ˈhændi,хэнди,удобный,wordnet,noun,существительное,12
hang,hang,hæŋ,хэн,вешать,wordnet,noun,существительное,2
happen,happen,ˈhæpən,хэпн,случаться,wordnet,verb,глагол,12
happened,happened,ˈhæpənd,хэпнд,случилось,wordnet,verb,глагол,5
happening,happening,ˈhæpənɪŋ,хэпнин,происходит,wordnet,noun,существительное,8
happens,happens,ˈhæpənz,хэпнз,случается,wordnet,verb,глагол,29
happier,happier,ˈhæpiər,хэпиэр,счастливее,wordnet,adj,прилагательное,2
happiest,happiest,ˈhæpiəst,хэпиэст,самый счастливый,wordnet,adj,прилагательное,1
happily,happily,ˈhæpəli,хэпли,счастливо,wordnet,adv,наречие,2
happy,happy,ˈhæpi,хэпи,счастливый,wordnet,adj,прилагательное,8
hard,hard,hɑrd,хард,жесткий,wordnet,adj,прилагательное,26
harder,harder,ˈhɑrdər,хардэр,Сильнее,wordnet,adj,прилагательное,6
hardest,hardest,ˈhɑrdəst,хардэст,самый трудный,wordnet,adj,прилагательное,1
hardware,hardware,ˈhɑrdˌwɛr,хардуэр,аппаратное обеспечение,wordnet,noun,существительное,7
harm,harm,hɑrm,харм,вред,wordnet,noun,существительное,2
harmless,harmless,ˈhɑrmləs,хармлэс,безвредный,wordnet,adj,прилагательное,1
haskell,haskell,ˈhæskəl,хэскл,хаскелл,wordnet,,,1
hastie,hastie,ˈheɪsti,хэйсти,поспешность,wordnet,,,3
hat,hat,hæt,хэт,шляпа,wordnet,noun,существительное,1
havoc,havoc,ˈhævək,хэвэк,хаос,wordnet,noun,существительное,2
hbo,hbo,ˈeɪʧbiˈoʊ,эйчбиоу,ГБО,wordnet,,,4
head,head,hɛd,хэд,голова,wordnet,noun,существительное,17
headache,headache,ˈhɛˌdeɪk,хэдэйк,головная боль,wordnet,noun,существительное,2
header,header,ˈhɛdər,хэдэр,заголовок,wordnet,noun,существительное,28
headfirst,headfirst,ˈhɛdˈfərst,хэдфэрст,головой вперед,wordnet,adj,прилагательное,1
health,health,hɛlθ,хэлс,здоровье,wordnet,noun,существительное,3
healthy,healthy,ˈhɛlθi,хэлси,здоровый,wordnet,adj,прилагательное,4
hear,hear,hir,хир,слышать,wordnet,verb,глагол,3
heard,heard,hərd,хэрд,слышал,wordnet,verb,глагол,2
hearing,hearing,ˈhirɪŋ,хирин,слушание,wordnet,noun,существительное,1
heart,heart,hɑrt,харт,сердце,wordnet,noun,существительное,4
heavily,heavily,ˈhɛvəli,хэвли,тяжело,wordnet,adv,наречие,8
heavy,heavy,ˈhɛvi,хэви,тяжелый,wordnet,noun,существительное,3
held,held,hɛld,хэлд,держал,wordnet,verb,глагол,1
help,help,hɛlp,хэлп,помощь,wordnet,noun,существительное,42
helped,helped,hɛlpt,хэлпт,помог,wordnet,verb,глагол,2
helper,helper,ˈhɛlpər,хэлпэр,помощник,wordnet,noun,существительное,6
helpful,helpful,ˈhɛlpfəl,хэлпфл,полезный,wordnet,adj,прилагательное,7
hen,hen,hɛn,хэн,курица,wordnet,noun,существительное,1
hence,hence,hɛns,хэнс,следовательно,wordnet,adv,наречие,2
henrik,henrik,ˈhɛnrɪk,хэнрик,Хенрик,wordnet,,,1
hereby,hereby,hɪrˈbaɪ,хирбай,настоящим,wordnet,adv,наречие,1
herein,herein,hɪˈrɪn,хирин,здесь,wordnet,adv,наречие,1
heritage,heritage,ˈhɛrɪtɪʤ,хэритидж,наследство,wordnet,noun,существительное,5
hesitate,hesitate,ˈhɛzəˌteɪt,хэзэтэйт,сомневаться,wordnet,verb,глагол,2
hesitation,hesitation,ˌhɛzəˈteɪʃən,хэзэтэйшн,колебание,wordnet,noun,существительное,1
heuristic,heuristic,hjʊˈrɪstɪk,хюристик,эвристика,wordnet,noun,существительное,2
hick,hick,hɪk,хик,Хик,wordnet,noun,существительное,1
hide,hide,haɪd,хайд,скрывать,wordnet,noun,существительное,3
hiding,hiding,ˈhaɪdɪŋ,хайдин,прячется,wordnet,noun,существительное,1
hierarchical,hierarchical,ˌhaɪˈrɑrkəkəl,хайраркэкл,иерархический,wordnet,adj,прилагательное,31
hierarchy,hierarchy,ˈhaɪˌrɑrki,хайрарки,иерархия,wordnet,noun,существительное,6
high,high,haɪ,хай,высокий,wordnet,noun,существительное,21
higher,higher,haɪər,хайэр,выше,wordnet,adj,прилагательное,19
highest,highest,haɪəst,хайэст,самый высокий,wordnet,adj,прилагательное,6
highlight,highlight,ˈhaɪˌlaɪt,хайлайт,выделять,wordnet,noun,существительное,7
highlighting,highlighting,ˈhaɪˌlaɪtɪŋ,хайлайтин,выделение,wordnet,noun,существительное,2
highly,highly,ˈhaɪli,хайли,высоко,wordnet,adv,наречие,13
hijack,hijack,ˈhaɪˌʤæk,хайджэк,угнать,wordnet,noun,существительное,1
hinder,hinder,ˈhɪndər,хиндэр,мешать,wordnet,verb,глагол,3
hint,hint,hɪnt,хинт,намекать,wordnet,noun,существительное,21
hinted,hinted,ˈhɪnɪd,хинид,намекнул,wordnet,verb,глагол,1
hinting,hinting,ˈhɪntɪŋ,хинтин,намек,wordnet,verb,глагол,1
hiring,hiring,ˈhaɪrɪŋ,хайрин,найм,wordnet,verb,глагол,1
historical,historical,hɪˈstɔrɪkəl,хисторикл,исторический,wordnet,adj,прилагательное,3
history,history,ˈhɪstəri,хистэри,история,wordnet,noun,существительное,3
hit,hit,hɪt,хит,ударять,wordnet,noun,существительное,5
hold,hold,hoʊld,хоулд,держать,wordnet,noun,существительное,3
holmes,holmes,hoʊmz,хоумз,Холмс,wordnet,noun,существительное,2
home,home,hoʊm,хоум,дом,wordnet,noun,существительное,22
honest,honest,ˈɑnəst,анэст,честный,wordnet,adj,прилагательное,2
honesty,honesty,ˈɑnəsti,анэсти,честность,wordnet,noun,существительное,1
honey,honey,ˈhəni,хни,мед,wordnet,noun,существительное,1
honing,honing,ˈhoʊnɪŋ,хоунин,хонингование,wordnet,verb,глагол,1
hood,hood,hʊd,худ,капюшон,wordnet,noun,существительное,14
hoop,hoop,hup,хуп,обруч,wordnet,noun,существительное,1
hope,hope,hoʊp,хоуп,надеяться,wordnet,noun,существительное,6
hopefully,hopefully,ˈhoʊpfəli,хоупфли,с надеждой,wordnet,adv,наречие,1
horizon,horizon,hərˈaɪzən,хэрайзн,горизонт,wordnet,noun,существительное,2
horizontally,horizontally,ˌhɔrɪˈzɑntəli,хоризантли,горизонтально,wordnet,adv,наречие,2
horror,horror,ˈhɔrər,хорэр,ужас,wordnet,noun,существительное,3
horsepower,horsepower,ˈhɔrˌspaʊər,хорспауэр,лошадиные силы,wordnet,noun,существительное,2
horseradish,horseradish,ˈhɔrsˌrædɪʃ,хорсрэдиш,хрен,wordnet,noun,существительное,3
host,host,hoʊst,хоуст,хозяин,wordnet,noun,существительное,4
hosted,hosted,ˈhoʊstɪd,хоустид,размещенный,wordnet,verb,глагол,1
hosting,hosting,ˈhoʊstɪŋ,хоустин,хостинг,wordnet,verb,глагол,2
hot,hot,hɑt,хат,горячий,wordnet,adj,прилагательное,3
hottest,hottest,ˈhɑtəst,хатэст,самый горячий,wordnet,adj,прилагательное,2
hour,hour,aʊər,ауэр,час,wordnet,noun,существительное,14
hourly,hourly,ˈaʊrli,аурли,ежечасно,wordnet,adj,прилагательное,2
housekeeping,housekeeping,ˈhaʊˌskipɪŋ,хаускипин,ведение домашнего хозяйства,wordnet,noun,существительное,1
houser,houser,ˈhaʊzər,хаузэр,Хаузер,wordnet,,,1
hover,hover,ˈhəvər,хэвэр,зависать,wordnet,verb,глагол,2
hovering,hovering,ˈhəvərɪŋ,хэвэрин,зависание,wordnet,verb,глагол,3
however,however,ˌhaʊˈɛvər,хауэвэр,однако,wordnet,adv,наречие,2
huge,huge,juʤ,йудж,огромный,wordnet,adj,прилагательное,8
huh,huh,hə,хэ,хм,wordnet,,,9
human,human,ˈjumən,йумн,человек,wordnet,noun,существительное,4
humble,humble,ˈhəmbəl,хмбл,скромный,wordnet,verb,глагол,2
humbled,humbled,ˈhəmbəld,хмблд,смиренный,wordnet,verb,глагол,1
hundred,hundred,ˈhənərd,хнэрд,сто,wordnet,noun,существительное,5
hygiene,hygiene,ˈhaɪˌʤin,хайджин,гигиена,wordnet,noun,существительное,1
hyper,hyper,ˈhaɪpər,хайпэр,гипер,wordnet,,,1
hypothesis,hypothesis,haɪˈpɑθəsəs,хайпасэсэс,гипотеза,wordnet,noun,существительное,1
idea,idea,aɪˈdiə,айдиэ,идея,wordnet,noun,существительное,15
ideally,ideally,aɪˈdili,айдили,в идеале,wordnet,adv,наречие,1
identical,identical,aɪˈdɛntɪkəl,айдэнтикл,идентичный,wordnet,adj,прилагательное,17
identification,identification,aɪˌdɛntəfəˈkeɪʃən,айдэнтэфэкэйшн,идентификация,wordnet,noun,существительное,1
identified,identified,aɪˈdɛntəˌfaɪd,айдэнтэфайд,идентифицированный,wordnet,verb,глагол,9
identifier,identifier,aɪˈdɛntəˌfaɪər,айдэнтэфайэр,идентификатор,wordnet,noun,существительное,65
identify,identify,aɪˈdɛntəˌfaɪ,айдэнтэфай,идентифицировать,wordnet,verb,глагол,14
identifying,identifying,aɪˈdɛntəˌfaɪɪŋ,айдэнтэфайин,выявление,wordnet,verb,глагол,9
identity,identity,aɪˈdɛntəˌti,айдэнтэти,личность,wordnet,noun,существительное,1
idiomatic,idiomatic,ˌɪdiəˈmætɪk,идиэмэтик,идиоматический,wordnet,adj,прилагательное,1
idiosyncrasy,idiosyncrasy,ˌɪdioʊˈsɪnkrəˌsi,идиоусинкрэси,идиосинкразия,wordnet,noun,существительное,5
idle,idle,ˈaɪdəl,айдл,праздный,wordnet,noun,существительное,1
ignore,ignore,ˌɪgˈnɔr,игнор,игнорировать,wordnet,verb,глагол,6
igor,igor,ˌɪˈgɔr,игор,Игорь,wordnet,,,1
illogical,illogical,ˌɪˈlɑʤɪkəl,иладжикл,нелогичный,wordnet,adj,прилагательное,2
illustrate,illustrate,ˈɪləˌstreɪt,илэстрэйт,иллюстрировать,wordnet,verb,глагол,14
illustrated,illustrated,ˈɪləˌstreɪtɪd,илэстрэйтид,иллюстрированный,wordnet,verb,глагол,15
illustrates,illustrates,ˈɪləˌstreɪts,илэстрэйтс,иллюстрирует,wordnet,verb,глагол,1
illustrating,illustrating,ˈɪləˌstreɪtɪŋ,илэстрэйтин,иллюстрирующий,wordnet,verb,глагол,4
illustration,illustration,ˌɪləˈstreɪʃən,илэстрэйшн,иллюстрация,wordnet,noun,существительное,3
image,image,ˈɪmɪʤ,имидж,изображение,wordnet,noun,существительное,15
imagine,imagine,ˌɪˈmæʤən,имэджн,представлять себе,wordnet,verb,глагол,9
imbalance,imbalance,ɪmˈbæləns,имбэлнс,дисбаланс,wordnet,noun,существительное,1
imitation,imitation,ˌɪməˈteɪʃən,имэтэйшн,имитация,wordnet,noun,существительное,1
immediately,immediately,ˌɪˈmiˌdiətli,имидиэтли,немедленно,wordnet,adv,наречие,8
immune,immune,ˌɪmˈjun,имйун,иммунитет,wordnet,noun,существительное,1
immutable,immutable,ˌɪmˈjutəbəl,имйутэбл,неизменный,wordnet,adj,прилагательное,1
impact,impact,ˌɪmˈpækt,импэкт,влияние,wordnet,noun,существительное,9
impacted,impacted,ˌɪmˈpæktɪd,импэктид,затронутый,wordnet,verb,глагол,2
impacting,impacting,ˌɪmˈpæktɪŋ,импэктин,воздействие,wordnet,verb,глагол,1
implement,implement,ˈɪmpləmənt,имплмнт,осуществлять,wordnet,noun,существительное,22
implementation,implementation,ˌɪmpləmɛnˈteɪʃən,имплмэнтэйшн,выполнение,wordnet,noun,существительное,14
implemented,implemented,ˈɪmpləˌmɛnəd,имплмэнэд,реализован,wordnet,verb,глагол,5
implementing,implementing,ˈɪmpləˌmɛnɪŋ,имплмэнин,внедрение,wordnet,verb,глагол,7
implication,implication,ˌɪmpləˈkeɪʃən,имплэкэйшн,импликация,wordnet,noun,существительное,3
implicit,implicit,ˌɪmˈplɪsət,имплисэт,скрытый,wordnet,adj,прилагательное,13
implicitly,implicitly,ˌɪmˈplɪsətli,имплисэтли,неявно,wordnet,adv,наречие,1
implies,implies,ˌɪmˈplaɪz,имплайз,подразумевает,wordnet,verb,глагол,1
imply,imply,ˌɪmˈplaɪ,имплай,подразумевать,wordnet,verb,глагол,1
import,import,ˌɪmˈpɔrt,импорт,импортировать,wordnet,noun,существительное,161
importance,importance,ˌɪmˈpɔrtəns,импортнс,важность,wordnet,noun,существительное,1
important,important,ˌɪmˈpɔrtənt,импортнт,важный,wordnet,adj,прилагательное,52
importantly,importantly,ˌɪmˈpɔrtəntli,импортнтли,главное,wordnet,adv,наречие,5
imported,imported,ˌɪmˈpɔrtɪd,импортид,импортированный,wordnet,verb,глагол,9
importing,importing,ˌɪmˈpɔrtɪŋ,импортин,импорт,wordnet,noun,существительное,7
imposed,imposed,ˌɪmˈpoʊzd,импоузд,навязанный,wordnet,verb,глагол,1
impossible,impossible,ˌɪmˈpɑsəbəl,импасэбл,невозможный,wordnet,noun,существительное,1
improper,improper,ˌɪmˈprɑpər,импрапэр,неправильный,wordnet,adj,прилагательное,2
improve,improve,ˌɪmˈpruv,импрув,улучшать,wordnet,verb,глагол,14
improved,improved,ˌɪmˈpruvd,импрувд,улучшенный,wordnet,verb,глагол,3
improvement,improvement,ˌɪmˈpruvmənt,импрувмнт,улучшение,wordnet,noun,существительное,6
improves,improves,ˌɪmˈpruvz,импрувз,улучшается,wordnet,verb,глагол,1
improving,improving,ˌɪmˈpruvɪŋ,импрувин,улучшение,wordnet,verb,глагол,2
improvise,improvise,ˌɪmprəˈvaɪz,импрэвайз,импровизировать,wordnet,verb,глагол,1
imputation,imputation,ˌɪmpjəˈteɪʃən,импйэтэйшн,вменение,wordnet,noun,существительное,5
impute,impute,ˌɪmˈpjut,импйут,вменять,wordnet,verb,глагол,5
imputed,imputed,ˌɪmˈpjutɪd,импйутид,вмененный,wordnet,verb,глагол,8
inadvertently,inadvertently,ˌɪnədˈvərtəntli,инэдвэртнтли,случайно,wordnet,adv,наречие,1
inc,inc,ɪŋk,инк,Inc.,wordnet,noun,существительное,3
inclined,inclined,ˌɪnˈklaɪnd,инклайнд,наклоненный,wordnet,verb,глагол,3
include,include,ˌɪnˈklud,инклуд,включать,wordnet,verb,глагол,11
included,included,ˌɪnˈkludɪd,инклудид,включено,wordnet,verb,глагол,11
includes,includes,ˌɪnˈkludz,инклудз,включает в себя,wordnet,verb,глагол,5
including,including,ˌɪnˈkludɪŋ,инклудин,включая,wordnet,verb,глагол,14
inclusion,inclusion,ˌɪnˈkluʒən,инклужн,включение,wordnet,noun,существительное,4
incoherence,incoherence,ˌɪnkoʊˈhɪrəns,инкоухирнс,бессвязность,wordnet,noun,существительное,2
incoherent,incoherent,ˌɪnkoʊˈhɪrənt,инкоухирнт,бессвязный,wordnet,adj,прилагательное,1
incompatible,incompatible,ˌɪnkəmˈpætəbəl,инкмпэтэбл,несовместимый,wordnet,adj,прилагательное,13
incomplete,incomplete,ˌɪnkəmˈplit,инкмплит,неполный,wordnet,adj,прилагательное,2
inconsistency,inconsistency,ˌɪnkənˈsɪstənsi,инкнсистнси,непоследовательность,wordnet,noun,существительное,4
incorporate,incorporate,ˌɪnˈkɔrpərˌeɪt,инкорпэрэйт,включать,wordnet,verb,глагол,2
incorporates,incorporates,ˌɪnˈkɔrpərˌeɪts,инкорпэрэйтс,включает в себя,wordnet,verb,глагол,1
incorporation,incorporation,ˌɪnˌkɔrpərˈeɪʃən,инкорпэрэйшн,регистрация,wordnet,noun,существительное,2
increase,increase,ˌɪnˈkris,инкрис,увеличивать,wordnet,noun,существительное,9
increased,increased,ˌɪnˈkrist,инкрист,повысился,wordnet,verb,глагол,2
increasing,increasing,ˌɪnˈkrisɪŋ,инкрисин,увеличение,wordnet,verb,глагол,7
increasingly,increasingly,ˌɪnˈkrisɪŋgli,инкрисингли,все больше,wordnet,adv,наречие,3
incredible,incredible,ˌɪnˈkrɛdəbəl,инкрэдэбл,невероятный,wordnet,adj,прилагательное,5
incredibly,incredibly,ˌɪnˈkrɛdəbli,инкрэдэбли,невероятно,wordnet,adv,наречие,4
incremented,incremented,ˈɪnkrəˌmɛntɪd,инкрмэнтид,увеличился,wordnet,,,1
incur,incur,ˌɪnˈkər,инкэр,понести,wordnet,verb,глагол,1
indeed,indeed,ˌɪnˈdid,индид,действительно,wordnet,adv,наречие,1
indentation,indentation,ˌɪnˌdɛnˈteɪʃən,индэнтэйшн,отступ,wordnet,noun,существительное,2
independent,independent,ˌɪndɪˈpɛndənt,индипэнднт,независимый,wordnet,noun,существительное,8
independently,independently,ˌɪndɪˈpɛndəntli,индипэнднтли,независимо,wordnet,adv,наречие,11
index,index,ˈɪndɛks,индэкс,индекс,wordnet,noun,существительное,37
indexed,indexed,ˈɪndɛkst,индэкст,индексируется,wordnet,verb,глагол,1
indexing,indexing,ˈɪndɛksɪŋ,индэксин,индексирование,wordnet,noun,существительное,3
indicate,indicate,ˈɪndəˌkeɪt,индэкэйт,указывать,wordnet,verb,глагол,5
indicates,indicates,ˈɪndɪˌkeɪts,индикэйтс,указывает,wordnet,verb,глагол,4
indicating,indicating,ˈɪndəˌkeɪtɪŋ,индэкэйтин,указывая,wordnet,verb,глагол,3
indication,indication,ˌɪndəˈkeɪʃən,индэкэйшн,указание,wordnet,noun,существительное,2
indifferent,indifferent,ˌɪnˈdɪfərənt,индифэрнт,безразличный,wordnet,adj,прилагательное,1
indistinguishable,indistinguishable,ˌɪndɪˈstɪŋgwɪʃəbəl,индистингуишэбл,неотличимый,wordnet,adj,прилагательное,1
individual,individual,ˌɪndəˈvɪʤəwəl,индэвиджэул,индивидуальный,wordnet,noun,существительное,15
individually,individually,ˌɪndɪˈvɪʤəli,индивиджли,индивидуально,wordnet,adv,наречие,1
industry,industry,ˈɪndəstri,индэстри,промышленность,wordnet,noun,существительное,2
inefficient,inefficient,ˌɪnɪˈfɪʃənt,инифишнт,неэффективный,wordnet,adj,прилагательное,1
inevitable,inevitable,ˌɪˈnɛvətəbəl,инэвэтэбл,неизбежный,wordnet,noun,существительное,1
infer,infer,ˌɪnˈfər,инфэр,сделать вывод,wordnet,verb,глагол,9
inference,inference,ˈɪnfərəns,инфэрнс,вывод,wordnet,noun,существительное,1
inferred,inferred,ˌɪnˈfərd,инфэрд,предполагаемый,wordnet,verb,глагол,9
inferring,inferring,ˌɪnˈfərɪŋ,инфэрин,вывод,wordnet,verb,глагол,7
infers,infers,ˌɪnˈfərz,инфэрз,делает вывод,wordnet,verb,глагол,1
infinite,infinite,ˈɪnfənət,инфнэт,бесконечный,wordnet,noun,существительное,3
infinitely,infinitely,ˈɪnfənətli,инфнэтли,бесконечно,wordnet,adv,наречие,1
infinity,infinity,ˌɪnˈfɪnɪti,инфинити,бесконечность,wordnet,noun,существительное,2
influence,influence,ˈɪnfluəns,инфлунс,влияние,wordnet,noun,существительное,3
influential,influential,ˌɪnfluˈɛnʃəl,инфлуэншл,влиятельный,wordnet,adj,прилагательное,1
info,info,ˈɪnfoʊ,инфоу,информация,wordnet,noun,существительное,26
infomercial,infomercial,ˈɪnfoʊˌmərʃəl,инфоумэршл,рекламный ролик,wordnet,noun,существительное,2
inform,inform,ˌɪnˈfɔrm,информ,информировать,wordnet,verb,глагол,1
information,information,ˌɪnˌfɔrˈmeɪʃən,информэйшн,информация,wordnet,noun,существительное,138
informative,informative,ˌɪnˈfɔrmətɪv,информэтив,информативный,wordnet,adj,прилагательное,3
informs,informs,ˌɪnˈfɔrmz,информз,информирует,wordnet,verb,глагол,2
infrequent,infrequent,ˌɪnˈfrikwənt,инфрикунт,нечастый,wordnet,adj,прилагательное,1
ing,ing,ɪŋ,ин,инг,wordnet,,,8
ingest,ingest,ˌɪnˈʤɛst,инджэст,проглотить,wordnet,verb,глагол,28
ingested,ingested,ˌɪnˈʤɛstəd,инджэстэд,проглоченный,wordnet,verb,глагол,11
ingesting,ingesting,ˌɪnˈʤɛstɪŋ,инджэстин,проглатывание,wordnet,verb,глагол,22
ingestion,ingestion,ˌɪnˈʤɛsʧən,инджэсчн,проглатывание,wordnet,noun,существительное,13
ingredient,ingredient,ˌɪnˈgridiənt,ингридинт,ингредиент,wordnet,noun,существительное,10
inherit,inherit,ˌɪnˈhɛrət,инхэрэт,наследовать,wordnet,verb,глагол,12
inheritance,inheritance,ˌɪnˈhɛrətəns,инхэрэтнс,наследование,wordnet,noun,существительное,2
inherited,inherited,ˌɪnˈhɛrətɪd,инхэрэтид,унаследованный,wordnet,verb,глагол,1
inheriting,inheriting,ˌɪnˈhɛrətɪŋ,инхэрэтин,наследование,wordnet,verb,глагол,6
inherits,inherits,ˌɪnˈhɛrəts,инхэрэтс,наследует,wordnet,verb,глагол,5
initial,initial,ˌɪˈnɪʃəl,инишл,исходный,wordnet,noun,существительное,6
initialize,initialize,ˌɪˈnɪʃəˌlaɪz,инишлайз,инициализировать,wordnet,verb,глагол,2
initiative,initiative,ˌɪˈnɪʃətɪv,инишэтив,инициатива,wordnet,noun,существительное,1
injection,injection,ˌɪnˈʤɛkʃən,инджэкшн,инъекция,wordnet,noun,существительное,3
inner,inner,ˈɪnər,инэр,внутренний,wordnet,adj,прилагательное,30
innocuous,innocuous,ˌɪˈnɑkjuəs,инакйуэс,безобидный,wordnet,adj,прилагательное,1
inoffensive,inoffensive,ˌɪnəˈfɛnsɪv,инэфэнсив,безобидный,wordnet,adj,прилагательное,1
input,input,ˈɪnˌpʊt,инпут,вход,wordnet,noun,существительное,149
insert,insert,ˌɪnˈsərt,инсэрт,вставлять,wordnet,noun,существительное,2
inserted,inserted,ˌɪnˈsərtɪd,инсэртид,вставлен,wordnet,verb,глагол,1
inserting,inserting,ˌɪnˈsərtɪŋ,инсэртин,вставка,wordnet,verb,глагол,2
insertion,insertion,ˌɪnˈsərʃən,инсэршн,вставка,wordnet,noun,существительное,1
inside,inside,ˌɪnˈsaɪd,инсайд,внутри,wordnet,noun,существительное,29
insight,insight,ˈɪnˌsaɪt,инсайт,понимание,wordnet,noun,существительное,9
inspect,inspect,ˌɪnˈspɛkt,инспэкт,проверять,wordnet,verb,глагол,3
inspiration,inspiration,ˌɪnspərˈeɪʃən,инспэрэйшн,вдохновение,wordnet,noun,существительное,4
inspired,inspired,ˌɪnˈspaɪərd,инспайэрд,вдохновленный,wordnet,verb,глагол,2
instability,instability,ˌɪnstəˈbɪlɪti,инстэбилити,нестабильность,wordnet,noun,существительное,1
install,install,ˌɪnˈstɔl,инстол,установить,wordnet,verb,глагол,53
installation,installation,ˌɪnstəˈleɪʃən,инстэлэйшн,установка,wordnet,noun,существительное,30
installed,installed,ˌɪnˈstɔld,инстолд,установлен,wordnet,verb,глагол,10
installer,installer,ˌɪnˈstɔlər,инстолэр,установщик,wordnet,,,2
installing,installing,ˌɪnˈstɔlɪŋ,инстолин,установка,wordnet,noun,существительное,50
installs,installs,ˌɪnˈstɔlz,инстолз,устанавливает,wordnet,verb,глагол,1
instance,instance,ˈɪnstəns,инстнс,пример,wordnet,noun,существительное,72
instantaneous,instantaneous,ˌɪnstənˈtæniəs,инстнтэниэс,мгновенный,wordnet,adj,прилагательное,1
instantiate,instantiate,ˌɪnˈstænʃiˌeɪt,инстэншиэйт,создавать экземпляр,wordnet,verb,глагол,12
instantiated,instantiated,ˌɪnˈstænʃiˌeɪtəd,инстэншиэйтэд,создан экземпляр,wordnet,verb,глагол,11
instantiating,instantiating,ˌɪnˈstænʃiˌeɪtɪŋ,инстэншиэйтин,создание экземпляра,wordnet,verb,глагол,7
instantiation,instantiation,ˌɪnˌstænʃiˈeɪʃən,инстэншиэйшн,создание экземпляра,wordnet,noun,существительное,4
instantly,instantly,ˈɪnstəntli,инстнтли,немедленно,wordnet,adv,наречие,1
instead,instead,ˌɪnˈstɛd,инстэд,вместо,wordnet,adv,наречие,67
instinctively,instinctively,ˌɪnˈstɪŋktɪvˌli,инстинктивли,инстинктивно,wordnet,adv,наречие,1
instruct,instruct,ˌɪnˈstrəkt,инстрэкт,инструктировать,wordnet,verb,глагол,1
instruction,instruction,ˌɪnˈstrəkʃən,инстрэкшн,инструкция,wordnet,noun,существительное,80
instructs,instructs,ˌɪnˈstrəkts,инстрэктс,поручает,wordnet,verb,глагол,3
insurance,insurance,ˌɪnˈʃʊrəns,иншурнс,страхование,wordnet,noun,существительное,3
insured,insured,ˌɪnˈʃʊrd,иншурд,застрахованный,wordnet,noun,существительное,1
intact,intact,ˌɪnˈtækt,интэкт,нетронутый,wordnet,adj,прилагательное,1
intangible,intangible,ˌɪnˈtænʤəbəl,интэнджэбл,нематериальный,wordnet,noun,существительное,1
integer,integer,ˈɪntəʤər,интэджэр,целое число,wordnet,noun,существительное,95
integral,integral,ˈɪnəgrəl,инэгрл,интеграл,wordnet,noun,существительное,3
integrate,integrate,ˈɪnəˌgreɪt,инэгрэйт,интегрировать,wordnet,verb,глагол,4
integrated,integrated,ˈɪnəˌgreɪtɪd,инэгрэйтид,интегрированный,wordnet,verb,глагол,1
integrating,integrating,ˈɪnəˌgreɪtɪŋ,инэгрэйтин,интеграция,wordnet,noun,существительное,4
integration,integration,ˌɪnəˈgreɪʃən,инэгрэйшн,интеграция,wordnet,noun,существительное,4
integrity,integrity,ˌɪnˈtɛgrəti,интэгрэти,честность,wordnet,noun,существительное,2
intel,intel,ˌɪnˈtɛl,интэл,информация,wordnet,,,1
intelligence,intelligence,ˌɪnˈtɛləʤəns,интэлэджнс,интеллект,wordnet,noun,существительное,1
intelligent,intelligent,ˌɪnˈtɛləʤənt,интэлэджнт,разумный,wordnet,adj,прилагательное,1
intelligently,intelligently,ˌɪnˈtɛlɪʤəntli,интэлиджнтли,разумно,wordnet,adv,наречие,1
intended,intended,ˌɪnˈtɛndɪd,интэндид,намеревался,wordnet,verb,глагол,4
intense,intense,ˌɪnˈtɛns,интэнс,интенсивный,wordnet,adj,прилагательное,1
intensive,intensive,ˌɪnˈtɛnsɪv,интэнсив,интенсивный,wordnet,noun,существительное,3
intent,intent,ˌɪnˈtɛnt,интэнт,намерение,wordnet,noun,существительное,4
intention,intention,ˌɪnˈtɛnʧən,интэнчн,намерение,wordnet,noun,существительное,2
interact,interact,ˌɪnərˈækt,инэрэкт,взаимодействовать,wordnet,verb,глагол,10
interacting,interacting,ˌɪnərˈæktɪŋ,инэрэктин,взаимодействующий,wordnet,verb,глагол,1
interaction,interaction,ˌɪnərˈækʃən,инэрэкшн,взаимодействие,wordnet,noun,существительное,2
interactive,interactive,ˌɪnərˈæktɪv,инэрэктив,интерактивный,wordnet,adj,прилагательное,14
intercept,intercept,ˌɪnərˈsɛpt,инэрсэпт,перехватывать,wordnet,noun,существительное,15
interchange,interchange,ˌɪnərˈʧeɪnʤ,инэрчэйндж,обмен,wordnet,noun,существительное,3
interchangeable,interchangeable,ˌɪnərˈʧeɪnʤəbəl,инэрчэйнджэбл,взаимозаменяемый,wordnet,adj,прилагательное,1
interchangeably,interchangeably,ˌɪnərˈʧeɪnʤəbli,инэрчэйнджэбли,взаимозаменяемо,wordnet,adv,наречие,2
interest,interest,ˈɪntəˌrɛst,интэрэст,интерес,wordnet,noun,существительное,3
interested,interested,ˈɪntəˌrɛstɪd,интэрэстид,заинтересованный,wordnet,verb,глагол,5
interesting,interesting,ˈɪntəˌrɛstɪŋ,интэрэстин,интересный,wordnet,verb,глагол,5
interestingly,interestingly,ˈɪntəˌrɛstɪŋli,интэрэстинли,интересно,wordnet,adv,наречие,1
interface,interface,ˈɪnərˌfeɪs,инэрфэйс,интерфейс,wordnet,noun,существительное,12
interferes,interferes,ˌɪnərˈfɪrz,инэрфирз,мешает,wordnet,verb,глагол,1
intermediate,intermediate,ˌɪnərˈmidiɪt,инэрмидиит,средний,wordnet,noun,существительное,29
internal,internal,ˌɪnˈtərnəl,интэрнл,внутренний,wordnet,adj,прилагательное,4
internalize,internalize,ˌɪnˈtərnəˌlaɪz,интэрнлайз,усваивать,wordnet,verb,глагол,1
internalized,internalized,ˌɪnˈtərnəˌlaɪzd,интэрнлайзд,интернализованный,wordnet,verb,глагол,1
internally,internally,ˌɪnˈtərnəli,интэрнли,внутренне,wordnet,adv,наречие,6
interpret,interpret,ˌɪnˈtərprət,интэрпрэт,интерпретировать,wordnet,verb,глагол,5
interpreted,interpreted,ˌɪnˈtərprətəd,интэрпрэтэд,интерпретированный,wordnet,verb,глагол,1
interpreting,interpreting,ˈɪntərˌprɛtɪŋ,интэрпрэтин,интерпретация,wordnet,noun,существительное,2
interrelated,interrelated,ˌɪntərrɪˈleɪtɪd,интэррилэйтид,взаимосвязанный,wordnet,verb,глагол,1
intersect,intersect,ˌɪntərˈsɛkt,интэрсэкт,пересекаться,wordnet,verb,глагол,3
intersecting,intersecting,ˌɪntərˈsɛktɪŋ,интэрсэктин,пересекающийся,wordnet,verb,глагол,1
intersection,intersection,ˌɪntərˈsɛkʃən,интэрсэкшн,пересечение,wordnet,noun,существительное,8
interspersed,interspersed,ˌɪntərˈspərst,интэрспэрст,вкрапленный,wordnet,verb,глагол,1
interval,interval,ˈɪntərvəl,интэрвл,интервал,wordnet,noun,существительное,5
interview,interview,ˈɪntərvˌju,интэрвйу,интервью,wordnet,noun,существительное,1
intimate,intimate,ˈɪnɪmət,инимэт,интимный,wordnet,noun,существительное,1
intimidating,intimidating,ˌɪnˈtɪmɪˌdeɪtɪŋ,интимидэйтин,пугающий,wordnet,verb,глагол,1
introduce,introduce,ˌɪntrəˈdus,интрэдус,представлять,wordnet,verb,глагол,57
introduced,introduced,ˌɪntrəˈdust,интрэдуст,представил,wordnet,verb,глагол,27
introduces,introduces,ˌɪntrəˈdusɪz,интрэдусиз,представляет,wordnet,verb,глагол,15
introducing,introducing,ˌɪntrəˈdusɪŋ,интрэдусин,введение,wordnet,verb,глагол,5
introduction,introduction,ˌɪntrəˈdəkʃən,интрэдэкшн,введение,wordnet,noun,существительное,26
introductory,introductory,ˌɪntrəˈdəktəri,интрэдэктэри,вводный,wordnet,adj,прилагательное,1
intuition,intuition,ˌɪntuˈɪʃən,интуишн,интуиция,wordnet,noun,существительное,8
intuitive,intuitive,ˌɪnˈtuətɪv,интуэтив,интуитивный,wordnet,adj,прилагательное,5
intuitively,intuitively,ˌɪnˈtuɪtɪvli,интуитивли,интуитивно,wordnet,adv,наречие,2
invalid,invalid,ˌɪnˈvæləd,инвэлэд,неверный,wordnet,noun,существительное,2
invaluable,invaluable,ˌɪnˈvæljəbəl,инвэлйэбл,бесценный,wordnet,adj,прилагательное,4
invented,invented,ˌɪnˈvɛntɪd,инвэнтид,изобретенный,wordnet,verb,глагол,1
inventiveness,inventiveness,ˌɪnˈvɛntɪvnəs,инвэнтивнэс,изобретательность,wordnet,noun,существительное,1
inversely,inversely,ˌɪnˈvərsli,инвэрсли,обратно,wordnet,adv,наречие,2
inverted,inverted,ˌɪnˈvərtɪd,инвэртид,перевернутый,wordnet,verb,глагол,1
investigate,investigate,ˌɪnˈvɛstəˌgeɪt,инвэстэгэйт,расследовать,wordnet,verb,глагол,2
investing,investing,ˌɪnˈvɛstɪŋ,инвэстин,инвестирование,wordnet,noun,существительное,1
invisible,invisible,ˌɪnˈvɪzəbəl,инвизэбл,невидимый,wordnet,adj,прилагательное,2
invited,invited,ˌɪnˈvaɪtɪd,инвайтид,приглашенный,wordnet,verb,глагол,1
invocation,invocation,ˌɪnvəˈkeɪʃən,инвэкэйшн,призыв,wordnet,noun,существительное,1
invoking,invoking,ˌɪnˈvoʊkɪŋ,инвоукин,призывая,wordnet,verb,глагол,1
involved,involved,ˌɪnˈvɑlvd,инвалвд,вовлеченный,wordnet,verb,глагол,3
irrelevant,irrelevant,ˌɪˈrɛləvənt,ирэлэвнт,не имеющий отношения,wordnet,adj,прилагательное,1
ish,ish,ɪʃ,иш,выход,wordnet,,,13
island,island,ˈaɪlənd,айлнд,остров,wordnet,noun,существительное,3
issue,issue,ˈɪʃu,ишу,проблема,wordnet,noun,существительное,8
item,item,ˈaɪtəm,айтм,элемент,wordnet,noun,существительное,27
iteration,iteration,ˌɪtəˈreɪʃən,итэрэйшн,итерация,wordnet,noun,существительное,5
ivory,ivory,ˈaɪvəri,айвэри,слоновая кость,wordnet,noun,существительное,1
jack,jack,ʤæk,джэк,Джек,wordnet,noun,существительное,1
jacques,jacques,ʤæk,джэк,Жак,wordnet,,,1
jam,jam,ʤæm,джэм,варенье,wordnet,noun,существительное,1
james,james,ʤeɪmz,джэймз,Джеймс,wordnet,noun,существительное,3
jan,jan,ʤæn,джэн,январь,wordnet,noun,существительное,1
jane,jane,ʤeɪn,джэйн,Джейн,wordnet,,,11
january,january,ˈʤænjuˌɛri,джэнйуэри,январь,wordnet,noun,существительное,1
jar,jar,ʤɑr,джар,банка,wordnet,noun,существительное,16
jarring,jarring,ˈʤɑrɪŋ,джарин,резкий,wordnet,verb,глагол,1
java,java,ˈʤɑvə,джавэ,Ява,wordnet,noun,существительное,70
javascript,javascript,ˈʤɑvəˌskrɪpt,джавэскрипт,javascript,wordnet,,,8
javier,javier,ˌhɑviˈɛr,хавиэр,Хавьер,wordnet,,,1
jean,jean,ʤin,джин,Жан,wordnet,noun,существительное,1
jeff,jeff,ʤɛf,джэф,Джефф,wordnet,,,1
jeffery,jeffery,ˈʤɛfəri,джэфэри,Джеффри,wordnet,,,1
jelly,jelly,ˈʤɛli,джэли,желе,wordnet,noun,существительное,1
jensen,jensen,ˈʤɛnsən,джэнсн,Дженсен,wordnet,noun,существительное,1
jeremy,jeremy,ˈʤɛrəˌmi,джэрми,Джереми,wordnet,,,1
jha,jha,ʤɑ,джа,джа,wordnet,,,2
job,job,ʤɑb,джаб,работа,wordnet,noun,существительное,104
joe,joe,ʤoʊ,джоу,Джо,wordnet,,,1
join,join,ʤɔɪn,джойн,присоединиться,wordnet,noun,существительное,223
joined,joined,ʤɔɪnd,джойнд,присоединился,wordnet,verb,глагол,17
joining,joining,ˈʤɔɪnɪŋ,джойнин,присоединение,wordnet,noun,существительное,44
jonathan,jonathan,ˈʤɑnəθən,джанэсн,Джонатан,wordnet,noun,существительное,7
jones,jones,ʤoʊnz,джоунз,Джонс,wordnet,noun,существительное,1
jordan,jordan,ˈʤɔrdən,джордн,Иордания,wordnet,noun,существительное,1
joseph,joseph,ˈʤoʊzəf,джоузэф,Джозеф,wordnet,noun,существительное,1
josh,josh,ʤɑʃ,джаш,Джош,wordnet,verb,глагол,1
journey,journey,ˈʤərni,джэрни,путешествие,wordnet,noun,существительное,8
joy,joy,ʤɔɪ,джой,радость,wordnet,noun,существительное,5
judgment,judgment,ˈʤəʤmənt,джэджмнт,суждение,wordnet,noun,существительное,3
judicious,judicious,ʤuˈdɪʃəs,джудишэс,рассудительный,wordnet,adj,прилагательное,4
judiciously,judiciously,ʤuˈdɪʃɪsli,джудишисли,разумно,wordnet,adv,наречие,1
juggling,juggling,ˈʤəgəlɪŋ,джэглин,жонглирование,wordnet,noun,существительное,2
jump,jump,ʤəmp,джмп,прыгать,wordnet,noun,существительное,3
jumped,jumped,ʤəmpt,джмпт,прыгнул,wordnet,verb,глагол,1
jumping,jumping,ˈʤəmpɪŋ,джмпин,прыжки,wordnet,noun,существительное,3
kauffman,kauffman,ˈkɔfmən,кофмн,Кауфман,wordnet,,,1
kaufmann,kaufmann,ˈkɔfmən,кофмн,Кауфманн,wordnet,,,1
kay,kay,keɪ,кэй,окей,wordnet,,,1
kcal,kcal,ˈkeɪkɑl,кэйкал,ккал,wordnet,,,2
keep,keep,kip,кип,держать,wordnet,noun,существительное,101
keeping,keeping,ˈkipɪŋ,кипин,сохранение,wordnet,noun,существительное,20
kelvin,kelvin,ˈkɛlvɪn,кэлвин,Кельвин,wordnet,noun,существительное,2
kept,kept,kɛpt,кэпт,хранится,wordnet,verb,глагол,12
kera,kera,ˈkɛrə,кэрэ,кера,wordnet,noun,существительное,1
kernel,kernel,ˈkərnəl,кэрнл,ядро,wordnet,noun,существительное,10
key,key,ki,ки,ключ,wordnet,noun,существительное,112
keyboard,keyboard,ˈkiˌbɔrd,киборд,клавиатура,wordnet,noun,существительное,4
keystroke,keystroke,ˈkiˌstroʊk,кистроук,нажатие клавиши,wordnet,noun,существительное,3
keyword,keyword,ˈkiˌwərd,киуэрд,ключевое слово,wordnet,,,60
keywords,keywords,ˈkiˌwərdz,киуэрдз,ключевые слова,wordnet,,,21
kill,kill,kɪl,кил,убийство,wordnet,noun,существительное,1
kilobyte,kilobyte,ˈkɪloʊˌbaɪt,килоубайт,килобайт,wordnet,noun,существительное,1
kim,kim,kɪm,ким,Ким,wordnet,,,1
kind,kind,kaɪnd,кайнд,добрый,wordnet,noun,существительное,12
king,king,kɪŋ,кин,король,wordnet,noun,существительное,1
kirsch,kirsch,kərʃ,кэрш,Кирш,wordnet,noun,существительное,2
kit,kit,kɪt,кит,набор,wordnet,noun,существительное,4
knew,knew,nu,ну,знал,wordnet,verb,глагол,1
know,know,noʊ,ноу,знать,wordnet,noun,существительное,72
knowing,knowing,noʊɪŋ,ноуин,зная,wordnet,noun,существительное,25
knowledge,knowledge,ˈnɑlɪʤ,налидж,знание,wordnet,noun,существительное,24
known,known,noʊn,ноун,известный,wordnet,verb,глагол,8
koala,koala,koʊˈɑlə,коуалэ,коала,wordnet,noun,существительное,3
krawczyk,krawczyk,ˈkrɑvʧɪk,кравчик,Кравчик,wordnet,,,1
kumar,kumar,kuˈmɑr,кумар,Кумар,wordnet,,,1
lab,lab,læb,лэб,лаборатория,wordnet,noun,существительное,4
label,label,ˈleɪbəl,лэйбл,этикетка,wordnet,noun,существительное,21
labeled,labeled,ˈleɪbəld,лэйблд,помеченный,wordnet,verb,глагол,1
labeling,labeling,ˈleɪbəlɪŋ,лэйблин,маркировка,wordnet,verb,глагол,3
labor,labor,ˈleɪbər,лэйбэр,труд,wordnet,noun,существительное,1
lag,lag,læg,лэг,отставать,wordnet,noun,существительное,12
laid,laid,leɪd,лэйд,проложенный,wordnet,verb,глагол,4
lake,lake,leɪk,лэйк,озеро,wordnet,noun,существительное,1
lambda,lambda,ˈlæmdə,лэмдэ,лямбда,wordnet,noun,существительное,38
landing,landing,ˈlændɪŋ,лэндин,приземление,wordnet,noun,существительное,10
lang,lang,læŋ,лэн,язык,wordnet,,,5
language,language,ˈlæŋgwɪʤ,лэнгуидж,язык,wordnet,noun,существительное,88
laptop,laptop,ˈlæpˌtɑp,лэптап,ноутбук,wordnet,noun,существительное,2
large,large,lɑrʤ,лардж,большой,wordnet,noun,существительное,36
larger,larger,ˈlɑrʤər,ларджэр,больше,wordnet,adj,прилагательное,16
largest,largest,ˈlɑrʤəst,ларджэст,крупнейший,wordnet,adj,прилагательное,1
last,last,læst,лэст,последний,wordnet,noun,существительное,48
late,late,leɪt,лэйт,поздно,wordnet,adj,прилагательное,1
later,later,ˈleɪtər,лэйтэр,позже,wordnet,adj,прилагательное,11
latest,latest,ˈleɪtəst,лэйтэст,последний,wordnet,noun,существительное,8
latter,latter,ˈlætər,лэтэр,последний,wordnet,noun,существительное,2
launch,launch,lɔnʧ,лонч,запуск,wordnet,noun,существительное,17
launched,launched,lɔnʧt,лончт,запущен,wordnet,verb,глагол,5
launcher,launcher,ˈlɔnʧər,лончэр,пусковая установка,wordnet,noun,существительное,3
launching,launching,ˈlɔnʧɪŋ,лончин,запуск,wordnet,noun,существительное,18
layer,layer,leɪər,лэйэр,слой,wordnet,noun,существительное,5
layout,layout,leɪaʊt,лэйаут,макет,wordnet,noun,существительное,8
lazily,lazily,ˈlæzəli,лэзли,лениво,wordnet,adv,наречие,5
laziness,laziness,ˈleɪzinəs,лэйзинэс,лень,wordnet,noun,существительное,8
lazy,lazy,ˈleɪzi,лэйзи,ленивый,wordnet,adj,прилагательное,23
lead,lead,lɛd,лэд,вести,wordnet,noun,существительное,14
leader,leader,ˈlidər,лидэр,лидер,wordnet,noun,существительное,3
leadership,leadership,ˈlidərˌʃɪp,лидэршип,лидерство,wordnet,noun,существительное,1
leading,leading,ˈlidɪŋ,лидин,ведущий,wordnet,noun,существительное,6
leakage,leakage,ˈlikɪʤ,ликидж,утечка,wordnet,noun,существительное,3
learn,learn,lərn,лэрн,учиться,wordnet,verb,глагол,40
learned,learned,ˈlərnɪd,лэрнид,узнал,wordnet,verb,глагол,27
learning,learning,ˈlərnɪŋ,лэрнин,обучение,wordnet,noun,существительное,132
least,least,list,лист,наименее,wordnet,noun,существительное,15
leave,leave,liv,лив,оставлять,wordnet,noun,существительное,3
leaving,leaving,ˈlivɪŋ,ливин,уход,wordnet,noun,существительное,4
left,left,lɛft,лэфт,левый,wordnet,noun,существительное,152
leftover,leftover,ˈlɛfˌtoʊvər,лэфтоувэр,остатки,wordnet,noun,существительное,1
legacy,legacy,ˈlɛgəsi,лэгэси,наследие,wordnet,noun,существительное,4
legal,legal,ˈligəl,лигл,юридический,wordnet,adj,прилагательное,1
legend,legend,ˈlɛʤənd,лэджнд,легенда,wordnet,noun,существительное,2
legion,legion,ˈliʤən,лиджн,легион,wordnet,noun,существительное,1
legit,legit,ˈlɛʤɪt,лэджит,законный,wordnet,,,1
legitimate,legitimate,ləˈʤɪtəmət,лэджитмэт,законный,wordnet,verb,глагол,3
lemon,lemon,ˈlɛmən,лэмн,лимон,wordnet,noun,существительное,3
len,len,lɛn,лэн,Лен,wordnet,,,10
length,length,lɛŋθ,лэнс,длина,wordnet,noun,существительное,53
lenient,lenient,ˈlinjənt,линйнт,снисходительный,wordnet,adj,прилагательное,1
lens,lens,lɛnz,лэнз,линза,wordnet,noun,существительное,17
lerner,lerner,ˈlərnər,лэрнэр,лернер,wordnet,noun,существительное,1
less,less,lɛs,лэс,меньше,wordnet,adj,прилагательное,41
lesson,lesson,ˈlɛsən,лэсн,урок,wordnet,noun,существительное,2
lest,lest,lɛst,лэст,чтобы,wordnet,adj,прилагательное,1
let,let,lɛt,лэт,позволять,wordnet,noun,существительное,86
letter,letter,ˈlɛtər,лэтэр,письмо,wordnet,noun,существительное,31
letting,letting,ˈlɛtɪŋ,лэтин,сдача в аренду,wordnet,noun,существительное,1
level,level,ˈlɛvəl,лэвл,уровень,wordnet,noun,существительное,66
leverage,leverage,ˈlɛvərɪʤ,лэвэридж,использовать,wordnet,noun,существительное,20
leveraged,leveraged,ˈlɛvərɪʤd,лэвэриджд,с использованием заемных средств,wordnet,verb,глагол,1
leveraging,leveraging,ˈlɛvərɪʤɪŋ,лэвэриджин,использование,wordnet,noun,существительное,4
liability,liability,ˌlaɪəˈbɪlɪti,лайэбилити,обязанность,wordnet,noun,существительное,1
liaison,liaison,liˈeɪˌzɑn,лиэйзан,связь,wordnet,noun,существительное,1
lib,lib,lɪb,либ,библиотека,wordnet,,,1
library,library,ˈlaɪbrɛˌri,лайбрэри,библиотека,wordnet,noun,существительное,65
license,license,ˈlaɪsəns,лайснс,лицензия,wordnet,noun,существительное,1
lieu,lieu,lu,лу,заместитель,wordnet,noun,существительное,2
life,life,laɪf,лайф,жизнь,wordnet,noun,существительное,9
light,light,laɪt,лайт,свет,wordnet,noun,существительное,34
lightweight,lightweight,ˈlaɪtˈweɪt,лайтуэйт,легкий,wordnet,noun,существительное,2
like,like,laɪk,лайк,нравиться,wordnet,noun,существительное,307
likewise,likewise,ˈlaɪkˌwaɪz,лайкуайз,так же,wordnet,adv,наречие,2
liking,liking,ˈlaɪkɪŋ,лайкин,симпатия,wordnet,noun,существительное,3
limit,limit,ˈlɪmət,лимэт,предел,wordnet,noun,существительное,12
limitation,limitation,ˌlɪmɪˈteɪʃən,лимитэйшн,ограничение,wordnet,noun,существительное,4
limited,limited,ˈlɪmɪtɪd,лимитид,ограниченный,wordnet,noun,существительное,7
limiting,limiting,ˈlɪmətɪŋ,лимэтин,ограничивающий,wordnet,noun,существительное,2
line,line,laɪn,лайн,линия,wordnet,noun,существительное,143
lineage,lineage,ˈlɪniəʤ,линиэдж,родословная,wordnet,noun,существительное,1
linear,linear,ˈlɪniər,линиэр,линейный,wordnet,adj,прилагательное,29
liner,liner,ˈlaɪnər,лайнэр,лайнер,wordnet,noun,существительное,1
link,link,lɪŋk,линк,связь,wordnet,noun,существительное,41
linked,linked,lɪŋkt,линкт,связанный,wordnet,verb,глагол,2
linking,linking,ˈlɪŋkɪŋ,линкин,связывание,wordnet,verb,глагол,4
linux,linux,ˈlɪnəks,линэкс,Linux,wordnet,noun,существительное,20
liquid,liquid,ˈlɪkwɪd,ликуид,жидкость,wordnet,noun,существительное,4
lisa,lisa,ˈlisə,лисэ,Лиза,wordnet,,,1
list,list,lɪst,лист,список,wordnet,noun,существительное,238
listed,listed,ˈlɪstɪd,листид,внесен в список,wordnet,verb,глагол,15
listing,listing,ˈlɪstɪŋ,листин,листинг,wordnet,noun,существительное,518
lit,lit,lɪt,лит,горит,wordnet,noun,существительное,25
literal,literal,ˈlɪtərəl,литэрл,буквальный,wordnet,noun,существительное,3
literally,literally,ˈlɪtərəli,литэрли,буквально,wordnet,adv,наречие,2
literature,literature,ˈlɪtərəʧər,литэрэчэр,литература,wordnet,noun,существительное,2
little,little,ˈlɪtəl,литл,маленький,wordnet,noun,существительное,71
live,live,lɪv,лив,жить,wordnet,verb,глагол,1
lived,lived,lɪvd,ливд,жил,wordnet,verb,глагол,1
liver,liver,ˈlɪvər,ливэр,печень,wordnet,noun,существительное,1
living,living,ˈlɪvɪŋ,ливин,жизнь,wordnet,noun,существительное,1
load,load,loʊd,лоуд,нагрузка,wordnet,noun,существительное,18
loaded,loaded,ˈloʊdɪd,лоудид,загружен,wordnet,verb,глагол,7
loading,loading,ˈloʊdɪŋ,лоудин,загрузка,wordnet,noun,существительное,5
local,local,ˈloʊkəl,лоукл,местный,wordnet,noun,существительное,50
locality,locality,loʊˈkæləti,лоукэлэти,местность,wordnet,noun,существительное,1
locally,locally,ˈloʊkəli,лоукли,локально,wordnet,adv,наречие,22
located,located,ˈloʊˌkeɪtəd,лоукэйтэд,расположен,wordnet,verb,глагол,10
location,location,loʊˈkeɪʃən,лоукэйшн,расположение,wordnet,noun,существительное,11
lock,lock,lɑk,лак,замок,wordnet,noun,существительное,1
lofty,lofty,ˈlɔfti,лофти,высокий,wordnet,adj,прилагательное,1
log,log,lɔg,лог,бревно,wordnet,noun,существительное,241
logging,logging,ˈlɔgɪŋ,логин,регистрация,wordnet,noun,существительное,4
logic,logic,ˈlɑʤɪk,ладжик,логика,wordnet,noun,существительное,8
logical,logical,ˈlɑʤɪkəl,ладжикл,логичный,wordnet,adj,прилагательное,38
logically,logically,ˈlɑʤɪkli,ладжикли,логически,wordnet,adv,наречие,4
logistic,logistic,ləˈʤɪstɪk,лэджистик,логистический,wordnet,adj,прилагательное,18
logo,logo,ˈloʊgoʊ,лоугоу,логотип,wordnet,noun,существительное,1
long,long,lɔŋ,лон,длинный,wordnet,verb,глагол,87
longer,longer,ˈlɔŋgər,лонгэр,дольше,wordnet,noun,существительное,12
longest,longest,ˈlɔŋgɪst,лонгист,самый длинный,wordnet,adj,прилагательное,1
longevity,longevity,lɔnˈʤɛvəti,лонджэвэти,долголетие,wordnet,noun,существительное,2
longs,longs,lɔŋz,лонз,жаждет,wordnet,verb,глагол,1
look,look,lʊk,лук,смотреть,wordnet,noun,существительное,152
looked,looked,lʊkt,лукт,посмотрел,wordnet,verb,глагол,4
looking,looking,ˈlʊkɪŋ,лукин,смотрящий,wordnet,noun,существительное,43
loop,loop,lup,луп,петля,wordnet,noun,существительное,24
looping,looping,ˈlupɪŋ,лупин,зацикливание,wordnet,noun,существительное,3
loose,loose,lus,лус,свободный,wordnet,verb,глагол,1
loosely,loosely,ˈlusli,лусли,свободно,wordnet,adv,наречие,2
lose,lose,luz,луз,терять,wordnet,verb,глагол,8
loser,loser,ˈluzər,лузэр,неудачник,wordnet,noun,существительное,1
loss,loss,lɔs,лос,потеря,wordnet,noun,существительное,4
lost,lost,lɔst,лост,потерянный,wordnet,noun,существительное,7
lot,lot,lɔt,лот,много,wordnet,noun,существительное,82
love,love,ləv,лэв,любовь,wordnet,noun,существительное,4
low,low,loʊ,лоу,низкий,wordnet,noun,существительное,10
lower,lower,loʊər,лоуар,ниже,wordnet,noun,существительное,77
lowered,lowered,loʊərd,лоуард,опущен,wordnet,verb,глагол,1
lowering,lowering,loʊərɪŋ,лоуарин,понижение,wordnet,noun,существительное,2
lowest,lowest,loʊəst,лоуаст,самый низкий,wordnet,adj,прилагательное,8
lucas,lucas,ˈlukəs,лукэс,Лукас,wordnet,noun,существительное,2
luck,luck,lək,лэк,удача,wordnet,noun,существительное,1
luckily,luckily,ˈləkəli,лэкли,к счастью,wordnet,adv,наречие,1
lucky,lucky,ˈləki,лэки,удачливый,wordnet,adj,прилагательное,3
lump,lump,ləmp,лмп,кусок,wordnet,noun,существительное,1
lumped,lumped,ləmpt,лмпт,сосредоточенный,wordnet,verb,глагол,4
lumping,lumping,ˈləmpɪŋ,лмпин,комковать,wordnet,verb,глагол,1
lunch,lunch,lənʧ,лнч,обед,wordnet,noun,существительное,1
luxury,luxury,ˈləgʒəri,лэгжэри,роскошь,wordnet,noun,существительное,1
mac,mac,mæk,мэк,Мак,wordnet,noun,существительное,2
machine,machine,məˈʃin,мэшин,машина,wordnet,noun,существительное,160
macro,macro,ˈmækroʊ,мэкроу,макрос,wordnet,noun,существительное,3
made,made,meɪd,мэйд,сделал,wordnet,verb,глагол,28
mag,mag,mæg,мэг,журнал,wordnet,noun,существительное,1
magic,magic,ˈmæʤɪk,мэджик,магия,wordnet,noun,существительное,8
magical,magical,ˈmæʤɪkəl,мэджикл,волшебный,wordnet,adj,прилагательное,2
magnitude,magnitude,ˈmægnəˌtud,мэгнэтуд,величина,wordnet,noun,существительное,1
main,main,meɪn,мэйн,основной,wordnet,noun,существительное,42
mainly,mainly,ˈmeɪnli,мэйнли,главным образом,wordnet,adv,наречие,1
maintain,maintain,meɪnˈteɪn,мэйнтэйн,поддерживать,wordnet,verb,глагол,5
maintains,maintains,meɪnˈteɪnz,мэйнтэйнз,поддерживает,wordnet,verb,глагол,1
maintenance,maintenance,ˈmeɪntənəns,мэйнтннс,обслуживание,wordnet,noun,существительное,2
major,major,ˈmeɪʤər,мэйджэр,главный,wordnet,noun,существительное,15
majority,majority,məˈʤɔrəti,мэджорэти,большинство,wordnet,noun,существительное,6
make,make,meɪk,мэйк,делать,wordnet,noun,существительное,179
makeshift,makeshift,ˈmeɪkˌʃɪft,мэйкшифт,импровизированный,wordnet,noun,существительное,2
making,making,ˈmeɪkɪŋ,мэйкин,изготовление,wordnet,noun,существительное,49
malformed,malformed,ˌmælˈfɔrmd,мэлформд,уродливый,wordnet,adj,прилагательное,4
malicious,malicious,məˈlɪʃəs,мэлишэс,злонамеренный,wordnet,adj,прилагательное,1
man,man,mæn,мэн,мужчина,wordnet,noun,существительное,2
manage,manage,ˈmænɪʤ,мэнидж,управлять,wordnet,verb,глагол,10
manageable,manageable,ˈmænɪʤəbəl,мэниджэбл,управляемый,wordnet,adj,прилагательное,8
managed,managed,ˈmænɪʤd,мэниджд,удалось,wordnet,verb,глагол,11
management,management,ˈmænɪʤmənt,мэниджмнт,управление,wordnet,noun,существительное,8
manager,manager,ˈmænɪʤər,мэниджэр,менеджер,wordnet,noun,существительное,21
manages,manages,ˈmænɪʤɪz,мэниджиз,управляет,wordnet,verb,глагол,6
managing,managing,ˈmænəʤɪŋ,мэнэджин,управление,wordnet,verb,глагол,10
mandate,mandate,ˈmænˌdeɪt,мэндэйт,мандат,wordnet,noun,существительное,1
mandated,mandated,ˈmænˌdeɪtɪd,мэндэйтид,мандатный,wordnet,verb,глагол,1
mandatory,mandatory,ˈmændəˌtɔri,мэндэтори,обязательный,wordnet,noun,существительное,6
mangled,mangled,ˈmæŋgəld,мэнглд,искалеченный,wordnet,verb,глагол,1
manipulate,manipulate,məˈnɪpjəˌleɪt,мэнипйлэйт,манипулировать,wordnet,verb,глагол,10
manipulates,manipulates,məˈnɪpjəˌleɪts,мэнипйлэйтс,манипулирует,wordnet,verb,глагол,1
manipulating,manipulating,məˈnɪpjəˌleɪtɪŋ,мэнипйлэйтин,манипулирование,wordnet,verb,глагол,14
manipulation,manipulation,məˌnɪpjəˈleɪʃən,мнипйэлэйшн,манипуляция,wordnet,noun,существительное,58
manner,manner,ˈmænər,мэнэр,манера,wordnet,noun,существительное,1
manning,manning,ˈmænɪŋ,мэнин,укомплектование персоналом,wordnet,verb,глагол,37
mantra,mantra,ˈmæntrə,мэнтрэ,мантра,wordnet,noun,существительное,3
manual,manual,ˈmænjuəl,мэнйул,руководство,wordnet,noun,существительное,7
manually,manually,ˈmænjuəli,мэнйули,вручную,wordnet,adv,наречие,8
manufacturer,manufacturer,ˌmænjəˈfækʧərər,мэнйэфэкчэрэр,производитель,wordnet,noun,существительное,1
manuscript,manuscript,ˈmænjəˌskrɪpt,мэнйэскрипт,рукопись,wordnet,noun,существительное,1
many,many,ˈmɛni,мэни,много,wordnet,adj,прилагательное,94
map,map,mæp,мэп,карта,wordnet,noun,существительное,194
mapped,mapped,mæpt,мэпт,нанесен на карту,wordnet,verb,глагол,12
mapping,mapping,ˈmæpɪŋ,мэпин,картографирование,wordnet,noun,существительное,16
march,march,mɑrʧ,марч,маршировать,wordnet,noun,существительное,1
margin,margin,ˈmɑrʤən,марджн,допуск,wordnet,noun,существительное,2
marginally,marginally,ˈmɑrʤənəli,марджнли,незначительно,wordnet,adv,наречие,1
marina,marina,mərˈinə,мэринэ,пристань для яхт,wordnet,noun,существительное,2
mark,mark,mɑrk,марк,отметка,wordnet,noun,существительное,6
markdown,markdown,ˈmɑrkˌdaʊn,маркдаун,уценка,wordnet,,,1
marker,marker,ˈmɑrkər,маркэр,маркер,wordnet,noun,существительное,1
marry,marry,ˈmɛri,мэри,жениться,wordnet,verb,глагол,1
mass,mass,mæs,мэс,масса,wordnet,noun,существительное,1
massive,massive,ˈmæsɪv,мэсив,массивный,wordnet,adj,прилагательное,5
massively,massively,ˈmæsɪvli,мэсивли,массово,wordnet,adv,наречие,1
master,master,ˈmæstər,мэстэр,владелец,wordnet,noun,существительное,29
match,match,mæʧ,мэч,соответствовать,wordnet,noun,существительное,28
matched,matched,mæʧt,мэчт,соответствует,wordnet,verb,глагол,3
matching,matching,ˈmæʧɪŋ,мэчин,соответствие,wordnet,verb,глагол,1
material,material,məˈtɪriəl,мэтирил,материал,wordnet,noun,существительное,12
materialize,materialize,məˈtɪriəˌlaɪz,мэтирилайз,материализоваться,wordnet,verb,глагол,5
materialized,materialized,məˈtɪriəˌlaɪzd,мэтирилайзд,материализованный,wordnet,verb,глагол,1
materializes,materializes,məˈtɪriəˌlaɪzɪz,мэтирилайзиз,материализуется,wordnet,verb,глагол,1
materializing,materializing,məˈtɪriəˌlaɪzɪŋ,мэтирилайзин,материализация,wordnet,verb,глагол,1
math,math,mæθ,мэс,математика,wordnet,noun,существительное,4
mathematical,mathematical,ˌmæθəˈmætɪkəl,мэсэмэтикл,математический,wordnet,adj,прилагательное,1
mathematically,mathematically,ˌmæθəˈmætɪkəli,мэсэмэтикли,математически,wordnet,adv,наречие,1
matrix,matrix,ˈmeɪtrɪks,мэйтрикс,матрица,wordnet,noun,существительное,44
matter,matter,ˈmætər,мэтэр,иметь значение,wordnet,noun,существительное,24
matured,matured,məˈtjʊrd,мэтюрд,повзрослевший,wordnet,verb,глагол,1
maven,maven,ˈmeɪvən,мэйвн,знаток,wordnet,noun,существительное,4
max,max,mæks,мэкс,Макс,wordnet,noun,существительное,104
maximize,maximize,ˈmæksəˌmaɪz,мэксмайз,максимизировать,wordnet,verb,глагол,1
maximizing,maximizing,ˈmæksəˌmaɪzɪŋ,мэксмайзин,максимизация,wordnet,verb,глагол,1
maximum,maximum,ˈmæksəməm,мэксмм,максимум,wordnet,noun,существительное,20
may,may,meɪ,мэй,может,wordnet,noun,существительное,17
maybe,maybe,ˈmeɪbi,мэйби,может быть,wordnet,adv,наречие,1
maze,maze,meɪz,мэйз,лабиринт,wordnet,noun,существительное,2
meal,meal,mil,мил,еда,wordnet,noun,существительное,2
mean,mean,min,мин,иметь в виду,wordnet,noun,существительное,125
meaning,meaning,ˈminɪŋ,минин,значение,wordnet,noun,существительное,26
meaningful,meaningful,ˈminɪŋfəl,мининфл,значимый,wordnet,adj,прилагательное,2
meant,meant,mɛnt,мэнт,имел в виду,wordnet,verb,глагол,3
meantime,meantime,ˈminˌtaɪm,минтайм,тем временем,wordnet,noun,существительное,3
measure,measure,ˈmɛʒər,мэжэр,мера,wordnet,noun,существительное,13
measurement,measurement,ˈmɛʒərmənt,мэжэрмнт,измерение,wordnet,noun,существительное,3
measuring,measuring,ˈmɛʒərɪŋ,мэжэрин,измерение,wordnet,noun,существительное,2
mechanic,mechanic,mɪˈkænɪk,микэник,механик,wordnet,noun,существительное,1
mechanical,mechanical,məˈkænɪkəl,мэкэникл,механический,wordnet,adj,прилагательное,1
mechanism,mechanism,ˈmɛkəˌnɪzəm,мэкнизм,механизм,wordnet,noun,существительное,5
medalist,medalist,ˈmɛdəlɪst,мэдлист,медалист,wordnet,noun,существительное,1
meddle,meddle,ˈmɛdəl,мэдл,вмешиваться,wordnet,verb,глагол,1
median,median,ˈmidiən,мидин,медиана,wordnet,noun,существительное,17
medicine,medicine,ˈmɛdəsən,мэдэсн,лекарство,wordnet,noun,существительное,1
medium,medium,ˈmidiəm,мидим,середина,wordnet,noun,существительное,10
meet,meet,mit,мит,встретиться,wordnet,noun,существительное,1
megabyte,megabyte,ˈmɛgəˌbaɪt,мэгэбайт,мегабайт,wordnet,noun,существительное,1
megan,megan,ˈmeɪgən,мэйгн,Меган,wordnet,,,1
melody,melody,ˈmɛlədi,мэлэди,мелодия,wordnet,noun,существительное,2
member,member,ˈmɛmbər,мэмбэр,член,wordnet,noun,существительное,3
memory,memory,ˈmɛməri,мэмэри,память,wordnet,noun,существительное,130
mental,mental,ˈmɛntəl,мэнтл,умственный,wordnet,adj,прилагательное,3
mentally,mentally,ˈmɛnəli,мэнли,умственно,wordnet,adv,наречие,2
mention,mention,ˈmɛnʃən,мэншн,упомянуть,wordnet,noun,существительное,3
mentioned,mentioned,ˈmɛnʃənd,мэншнд,упомянул,wordnet,verb,глагол,4
mentioning,mentioning,ˈmɛnʃənɪŋ,мэншнин,упоминание,wordnet,verb,глагол,3
menu,menu,ˈmɛnju,мэнйу,меню,wordnet,noun,существительное,10
mer,mer,mɛr,мэр,мер,wordnet,adj,прилагательное,5
merchandising,merchandising,ˈmərʧənˌdaɪzɪŋ,мэрчндайзин,мерчендайзинг,wordnet,noun,существительное,1
merci,merci,mərˈsi,мэрси,мерси,wordnet,,,1
mercury,mercury,ˈmərkjəri,мэркйэри,Меркурий,wordnet,noun,существительное,1
mere,mere,mɪr,мир,просто,wordnet,noun,существительное,2
merely,merely,ˈmɪrli,мирли,просто,wordnet,adv,наречие,2
merge,merge,mərʤ,мэрдж,слить,wordnet,verb,глагол,2
merged,merged,mərʤd,мэрджд,объединенный,wordnet,verb,глагол,1
merges,merges,ˈmərʤɪz,мэрджиз,сливается,wordnet,verb,глагол,2
meshed,meshed,mɛʃt,мэшт,сетчатый,wordnet,noun,существительное,1
mess,mess,mɛs,мэс,беспорядок,wordnet,noun,существительное,2
message,message,ˈmɛsɪʤ,мэсидж,сообщение,wordnet,noun,существительное,17
messier,messier,ˈmɛsiər,мэсиэр,более беспорядочный,wordnet,adj,прилагательное,1
messy,messy,ˈmɛsi,мэси,неряшливый,wordnet,adj,прилагательное,3
met,met,mɛt,мэт,встретился,wordnet,verb,глагол,1
meta,meta,ˈmitə,митэ,мета,wordnet,,,1
method,method,ˈmɛθəd,мэсэд,метод,wordnet,noun,существительное,551
metric,metric,ˈmɛtrɪk,мэтрик,метрика,wordnet,noun,существительное,40
mib,mib,mɪb,миб,миб,wordnet,noun,существительное,18
michael,michael,ˈmaɪkəl,майкл,Майкл,wordnet,noun,существительное,6
michele,michele,mɪˈʃɛl,мишэл,Мишель,wordnet,,,2
microsoft,microsoft,ˈmaɪˌkroʊˈsɔft,майкроусофт,Майкрософт,wordnet,,,5
midway,midway,ˈmɪdˌweɪ,мидуэй,на полпути,wordnet,noun,существительное,1
might,might,maɪt,майт,мощь,wordnet,noun,существительное,52
migrate,migrate,ˈmaɪˌgreɪt,майгрэйт,мигрировать,wordnet,verb,глагол,1
migrating,migrating,ˈmaɪˌgreɪtɪŋ,майгрэйтин,мигрирующий,wordnet,verb,глагол,1
mike,mike,maɪk,майк,Майк,wordnet,noun,существительное,1
mileage,mileage,ˈmaɪlɪʤ,майлидж,пробег,wordnet,noun,существительное,1
million,million,ˈmɪljən,милйн,миллион,wordnet,noun,существительное,2
mimic,mimic,ˈmɪmɪk,мимик,имитировать,wordnet,noun,существительное,1
mimicking,mimicking,ˈmɪmɪkɪŋ,мимикин,подражание,wordnet,verb,глагол,1
min,min,mɪn,мин,мин,wordnet,noun,существительное,110
mind,mind,maɪnd,майнд,разум,wordnet,noun,существительное,6
mindful,mindful,ˈmaɪndfəl,майндфл,внимательный,wordnet,adj,прилагательное,2
mindless,mindless,ˈmaɪndləs,майндлэс,бессмысленный,wordnet,adj,прилагательное,1
mine,mine,maɪn,майн,мой,wordnet,noun,существительное,1
mini,mini,ˈmɪni,мини,мини,wordnet,noun,существительное,3
minimal,minimal,ˈmɪnəməl,минмл,минимальный,wordnet,adj,прилагательное,4
minimize,minimize,ˈmɪnəˌmaɪz,минмайз,минимизировать,wordnet,verb,глагол,1
minimum,minimum,ˈmɪnəməm,минмм,минимум,wordnet,noun,существительное,28
minor,minor,ˈmaɪnər,майнэр,незначительный,wordnet,noun,существительное,1
minus,minus,ˈmaɪnəs,майнэс,минус,wordnet,noun,существительное,4
minute,minute,ˈmɪnət,минэт,минута,wordnet,noun,существительное,15
mirror,mirror,ˈmɪrər,мирэр,зеркало,wordnet,noun,существительное,1
mishap,mishap,ˈmɪsˌhæp,мисхэп,несчастный случай,wordnet,noun,существительное,3
mismatch,mismatch,ˈmɪsˌmæʧ,мисмэч,несоответствие,wordnet,noun,существительное,1
missing,missing,ˈmɪsɪŋ,мисин,отсутствующий,wordnet,verb,глагол,10
mission,mission,ˈmɪʃən,мишн,миссия,wordnet,noun,существительное,1
mistake,mistake,mɪˈsteɪk,мистэйк,ошибка,wordnet,noun,существительное,3
mistaken,mistaken,mɪˈsteɪkən,мистэйкн,ошибочный,wordnet,verb,глагол,1
mistaking,mistaking,mɪˈsteɪkɪŋ,мистэйкин,ошибаясь,wordnet,noun,существительное,3
misunderstood,misunderstood,ˌmɪsəndərˈstʊd,мисндэрстуд,неправильно понятый,wordnet,verb,глагол,2
mitchell,mitchell,ˈmɪʧəl,мичл,Митчелл,wordnet,noun,существительное,2
mix,mix,mɪks,микс,смешивание,wordnet,noun,существительное,4
mixing,mixing,ˈmɪksɪŋ,миксин,смешивание,wordnet,noun,существительное,1
mobile,mobile,ˈmoʊbəl,моубл,мобильный,wordnet,noun,существительное,1
mock,mock,mɑk,мак,насмехаться,wordnet,noun,существительное,1
mod,mod,mɔd,мод,мод,wordnet,noun,существительное,13
mode,mode,moʊd,моуд,режим,wordnet,noun,существительное,30
model,model,ˈmɑdəl,мадл,модель,wordnet,noun,существительное,477
modeling,modeling,ˈmɑdəlɪŋ,мадлин,моделирование,wordnet,noun,существительное,15
modern,modern,ˈmɑdərn,мадэрн,современный,wordnet,noun,существительное,6
modernizes,modernizes,ˈmɑdərˌnaɪzɪz,мадэрнайзиз,модернизирует,wordnet,verb,глагол,1
modest,modest,ˈmɑdəst,мадэст,скромный,wordnet,adj,прилагательное,2
modification,modification,ˌmɑdəfəˈkeɪʃən,мадэфэкэйшн,модификация,wordnet,noun,существительное,7
modified,modified,ˈmɑdəˌfaɪd,мадэфайд,модифицированный,wordnet,verb,глагол,6
modifies,modifies,ˈmɑdəˌfaɪz,мадэфайз,изменяет,wordnet,verb,глагол,1
modify,modify,ˈmɑdəˌfaɪ,мадэфай,изменить,wordnet,verb,глагол,25
modifying,modifying,ˈmɑdəˌfaɪɪŋ,мадэфайин,модификация,wordnet,verb,глагол,3
modular,modular,ˈmɑʤələr,маджлэр,модульный,wordnet,adj,прилагательное,2
module,module,ˈmɑʤul,маджул,модуль,wordnet,noun,существительное,55
modus,modus,ˈmoʊdəs,моудэс,модус,wordnet,,,1
mol,mol,mɔl,мол,моль,wordnet,noun,существительное,1
mold,mold,moʊld,моулд,форма,wordnet,noun,существительное,4
molded,molded,ˈmoʊldɪd,моулдид,формованный,wordnet,verb,глагол,1
moment,moment,ˈmoʊmənt,моумнт,момент,wordnet,noun,существительное,12
monarch,monarch,ˈmɑˌnɑrk,манарк,монарх,wordnet,noun,существительное,1
money,money,ˈməni,мни,деньги,wordnet,noun,существительное,4
moniker,moniker,ˈmɑnɪkər,маникэр,прозвище,wordnet,noun,существительное,1
monitor,monitor,ˈmɑnətər,манэтэр,монитор,wordnet,noun,существительное,3
monitoring,monitoring,ˈmɑnətərɪŋ,манэтэрин,мониторинг,wordnet,noun,существительное,6
monolithic,monolithic,ˌmɑnəˈlɪθɪk,манэлисик,монолитный,wordnet,adj,прилагательное,1
monster,monster,ˈmɑnstər,манстэр,монстр,wordnet,noun,существительное,1
month,month,mənθ,мнс,месяц,wordnet,noun,существительное,59
morgan,morgan,ˈmɔrgən,моргн,Морган,wordnet,noun,существительное,1
mortgage,mortgage,ˈmɔrgɪʤ,моргидж,ипотека,wordnet,noun,существительное,1
mostly,mostly,ˈmoʊstli,моустли,по большей части,wordnet,adv,наречие,15
motion,motion,ˈmoʊʃən,моушн,движение,wordnet,noun,существительное,1
mousse,mousse,mus,мус,мусс,wordnet,noun,существительное,1
move,move,muv,мув,двигаться,wordnet,noun,существительное,28
moved,moved,muvd,мувд,взолнованный,wordnet,verb,глагол,3
movement,movement,ˈmuvmənt,мувмнт,движение,wordnet,noun,существительное,1
moving,moving,ˈmuvɪŋ,мувин,движущийся,wordnet,verb,глагол,25
much,much,məʧ,мэч,много,wordnet,noun,существительное,85
multiline,multiline,ˈməltiˌlaɪn,млтилайн,многострочный,wordnet,,,5
multiple,multiple,ˈməltəpəl,млтэпл,несколько,wordnet,noun,существительное,136
multiplication,multiplication,ˌməltəpləˈkeɪʃən,млтэплэкэйшн,умножение,wordnet,noun,существительное,2
multiplied,multiplied,ˈməltəˌplaɪd,млтэплайд,умноженный,wordnet,verb,глагол,1
multiply,multiply,ˈməltəˌplaɪ,млтэплай,умножать,wordnet,verb,глагол,3
multitude,multitude,ˈməltəˌtud,млтэтуд,множество,wordnet,noun,существительное,2
munro,munro,mənˈroʊ,мнроу,Манро,wordnet,noun,существительное,1
must,must,məst,мэст,должен,wordnet,noun,существительное,11
myriad,myriad,ˈmɪriəd,мириэд,мириады,wordnet,noun,существительное,1
mysterious,mysterious,mɪˈstɪriəs,мистириэс,загадочный,wordnet,adj,прилагательное,1
mystique,mystique,mɪˈstik,мистик,мистика,wordnet,noun,существительное,1
nail,nail,neɪl,нэйл,ноготь,wordnet,noun,существительное,1
naive,naive,naɪiv,найив,наивный,wordnet,adj,прилагательное,3
name,name,neɪm,нэйм,имя,wordnet,noun,существительное,354
named,named,neɪmd,нэймд,названный,wordnet,verb,глагол,40
namely,namely,ˈneɪmli,нэймли,а именно,wordnet,adv,наречие,3
namesake,namesake,ˈneɪmˌseɪk,нэймсэйк,тезка,wordnet,noun,существительное,2
naming,naming,ˈneɪmɪŋ,нэймин,именование,wordnet,noun,существительное,14
nan,nan,næn,нэн,Нэн,wordnet,noun,существительное,1
naomi,naomi,neɪˈoʊmi,нэйоуми,Наоми,wordnet,noun,существительное,1
narrow,narrow,ˈnɛroʊ,нэроу,узкий,wordnet,noun,существительное,30
narrowed,narrowed,ˈnɛroʊd,нэроуд,суженный,wordnet,verb,глагол,1
narrower,narrower,ˈnɛroʊər,нэроуар,уже,wordnet,adj,прилагательное,2
narrowing,narrowing,ˈnɛroʊɪŋ,нэроуин,сужение,wordnet,noun,существительное,4
nasty,nasty,ˈnæsti,нэсти,противный,wordnet,adj,прилагательное,1
national,national,ˈnæʃənəl,нэшнл,национальный,wordnet,noun,существительное,1
native,native,ˈneɪtɪv,нэйтив,родной,wordnet,noun,существительное,3
natural,natural,ˈnæʧərəl,нэчэрл,естественный,wordnet,noun,существительное,4
naturally,naturally,ˈnæʧərəli,нэчэрли,естественно,wordnet,adv,наречие,4
nature,nature,ˈneɪʧər,нэйчэр,природа,wordnet,noun,существительное,11
navigate,navigate,ˈnævəˌgeɪt,нэвэгэйт,перемещаться,wordnet,verb,глагол,5
navigated,navigated,ˈnævəˌgeɪtɪd,нэвэгэйтид,перемещался,wordnet,verb,глагол,1
navigating,navigating,ˈnævəˌgeɪtɪŋ,нэвэгэйтин,навигация,wordnet,verb,глагол,17
nearest,nearest,ˈnɪrəst,нирэст,ближайший,wordnet,adj,прилагательное,1
neat,neat,nit,нит,аккуратный,wordnet,adj,прилагательное,4
neater,neater,ˈnitər,нитэр,аккуратнее,wordnet,adj,прилагательное,1
neatly,neatly,ˈnitli,нитли,аккуратно,wordnet,adv,наречие,1
neatness,neatness,ˈnitnəs,нитнэс,аккуратность,wordnet,noun,существительное,1
necessarily,necessarily,ˌnɛsəˈsɛrəli,нэсэсэрли,обязательно,wordnet,adv,наречие,3
necessary,necessary,ˈnɛsəˌsɛri,нэсэсэри,необходимый,wordnet,noun,существительное,28
need,need,nid,нид,нуждаться,wordnet,noun,существительное,293
needed,needed,ˈnidɪd,нидид,нужный,wordnet,verb,глагол,25
needing,needing,ˈnidɪŋ,нидин,нуждающийся,wordnet,verb,глагол,1
negate,negate,nɪˈgeɪt,нигэйт,отрицать,wordnet,verb,глагол,1
negating,negating,nɪˈgeɪtɪŋ,нигэйтин,отрицание,wordnet,verb,глагол,1
negation,negation,nəˈgeɪʃən,нэгэйшн,отрицание,wordnet,noun,существительное,1
negative,negative,ˈnɛgətɪv,нэгэтив,отрицательный,wordnet,noun,существительное,12
negligence,negligence,ˈnɛglɪʤəns,нэглиджнс,небрежность,wordnet,noun,существительное,1
neither,neither,ˈniðər,низэр,ни один,wordnet,adj,прилагательное,1
ness,ness,nɛs,нэс,ность,wordnet,noun,существительное,1
nest,nest,nɛst,нэст,гнездо,wordnet,noun,существительное,1
nested,nested,ˈnɛstɪd,нэстид,вложенный,wordnet,verb,глагол,23
nesting,nesting,ˈnɛstɪŋ,нэстин,гнездование,wordnet,verb,глагол,15
net,net,nɛt,нэт,сеть,wordnet,noun,существительное,4
netty,netty,ˈnɛti,нэти,нетти,wordnet,,,6
network,network,ˈnɛtˌwərk,нэтуэрк,сеть,wordnet,noun,существительное,10
neural,neural,ˈnʊrəl,нурл,нейронный,wordnet,adj,прилагательное,2
never,never,ˈnɛvər,нэвэр,никогда,wordnet,adv,наречие,7
new,new,nu,ну,новый,wordnet,adj,прилагательное,198
newer,newer,nuər,нуэр,новее,wordnet,adj,прилагательное,1
newly,newly,ˈnuli,нули,недавно,wordnet,adv,наречие,10
news,news,nuz,нуз,новости,wordnet,noun,существительное,1
next,next,nɛkst,нэкст,следующий,wordnet,adj,прилагательное,211
nice,nice,nis,нис,хороший,wordnet,noun,существительное,11
nicely,nicely,ˈnaɪsli,найсли,приятно,wordnet,adv,наречие,1
nicety,nicety,ˈnaɪsɪti,найсити,вежливость,wordnet,noun,существительное,1
niche,niche,nɪʧ,нич,ниша,wordnet,noun,существительное,2
nifty,nifty,ˈnɪfti,нифти,изящный,wordnet,adj,прилагательное,2
night,night,naɪt,найт,ночь,wordnet,noun,существительное,2
nine,nine,naɪn,найн,девять,wordnet,noun,существительное,1
ninety,ninety,ˈnaɪnti,найнти,девяносто,wordnet,noun,существительное,1
ninja,ninja,ˈnɪnʤə,нинджэ,ниндзя,wordnet,noun,существительное,1
ninos,ninos,ˈninoʊz,ниноуз,нинос,wordnet,,,1
nix,nix,nɪks,никс,Никс,wordnet,noun,существительное,1
noaa,noaa,ˈɛˈnoʊˈeɪˈeɪ,эноуэйэй,ноаа,wordnet,noun,существительное,5
node,node,noʊd,ноуд,узел,wordnet,noun,существительное,76
noel,noel,noʊɛl,ноуэл,Ноэль,wordnet,noun,существительное,1
noise,noise,nɔɪz,нойз,шум,wordnet,noun,существительное,2
nomenclature,nomenclature,ˈnoʊmənˌkleɪʧər,ноумнклэйчэр,номенклатура,wordnet,noun,существительное,5
nominal,nominal,ˈnɑmənəl,намнл,номинальный,wordnet,noun,существительное,2
non,non,nɑn,нан,нет,wordnet,adv,наречие,16
none,none,nən,нн,никто,wordnet,noun,существительное,79
nonetheless,nonetheless,ˌnənðəˈlɛs,ннзэлэс,тем не менее,wordnet,adv,наречие,3
nonexistent,nonexistent,ˌnɑnəgˈzɪstənt,нанэгзистнт,несуществующий,wordnet,adj,прилагательное,2
nonstandard,nonstandard,nɑnˈstændərd,нанстэндэрд,нестандартный,wordnet,adj,прилагательное,1
norm,norm,nɔrm,норм,норма,wordnet,noun,существительное,20
normal,normal,ˈnɔrməl,нормл,нормальный,wordnet,noun,существительное,3
normalization,normalization,ˌnɔrməlɪˈzeɪʃən,нормлизэйшн,нормализация,wordnet,noun,существительное,10
normalize,normalize,ˈnɔrməˌlaɪz,нормлайз,нормализовать,wordnet,verb,глагол,2
normalized,normalized,ˈnɔrməˌlaɪzd,нормлайзд,нормализованный,wordnet,verb,глагол,3
normalizes,normalizes,ˈnɔrməˌlaɪzɪz,нормлайзиз,нормализует,wordnet,verb,глагол,1
notable,notable,ˈnoʊtəbəl,ноутэбл,заметный,wordnet,noun,существительное,2
notation,notation,noʊˈteɪʃən,ноутэйшн,обозначение,wordnet,noun,существительное,21
notch,notch,nɑʧ,нач,выемка,wordnet,noun,существительное,1
note,note,noʊt,ноут,примечание,wordnet,noun,существительное,75
notebook,notebook,ˈnoʊtˌbʊk,ноутбук,блокнот,wordnet,noun,существительное,35
noted,noted,ˈnoʊtɪd,ноутид,отмеченный,wordnet,verb,глагол,1
notetaker,notetaker,ˈnoʊtˌteɪkər,ноуттэйкэр,записыватель,wordnet,,,1
nothing,nothing,ˈnəθɪŋ,нэсин,ничего,wordnet,noun,существительное,22
notice,notice,ˈnoʊtɪs,ноутис,уведомление,wordnet,noun,существительное,5
noticeable,noticeable,ˈnoʊtəsəbəl,ноутэсэбл,заметный,wordnet,adj,прилагательное,1
noticeably,noticeably,ˈnoʊtɪsəbli,ноутисэбли,заметно,wordnet,adv,наречие,2
noticed,noticed,ˈnoʊtɪst,ноутист,заметил,wordnet,verb,глагол,1
noting,noting,ˈnoʊtɪŋ,ноутин,отмечая,wordnet,verb,глагол,1
notion,notion,ˈnoʊʃən,ноушн,понятие,wordnet,noun,существительное,4
novel,novel,ˈnɑvəl,навл,роман,wordnet,noun,существительное,1
nowhere,nowhere,ˈnoʊˌwɛr,ноууэр,нигде,wordnet,noun,существительное,1
nuclear,nuclear,ˈnukliər,нуклиэр,ядерный,wordnet,adj,прилагательное,2
nuisance,nuisance,ˈnusəns,нуснс,неприятность,wordnet,noun,существительное,2
null,null,nəl,нл,нулевой,wordnet,noun,существительное,156
nullifies,nullifies,ˈnələˌfaɪz,нлэфайз,сводит на нет,wordnet,verb,глагол,1
number,number,ˈnəmbər,нмбэр,число,wordnet,noun,существительное,211
numbered,numbered,ˈnəmbərd,нмбэрд,пронумерован,wordnet,verb,глагол,1
numbering,numbering,ˈnəmbərɪŋ,нмбэрин,нумерация,wordnet,noun,существительное,1
numeric,numeric,nuˈmɛrɪk,нумэрик,числовой,wordnet,adj,прилагательное,6
numerical,numerical,nuˈmɛrɪkəl,нумэрикл,числовой,wordnet,adj,прилагательное,35
numerically,numerically,nuˈmɛrɪkli,нумэрикли,численно,wordnet,adv,наречие,1
nutritional,nutritional,nuˈtrɪʃənəl,нутришнл,питательный,wordnet,adj,прилагательное,1
nutshell,nutshell,ˈnətˌʃɛl,нэчэл,в двух словах,wordnet,noun,существительное,7
oakland,oakland,ˈoʊklənd,оуклнд,Окленд,wordnet,noun,существительное,1
oates,oates,oʊts,оутс,овес,wordnet,noun,существительное,1
obedience,obedience,oʊˈbidiəns,оубидинс,послушание,wordnet,noun,существительное,1
object,object,ˈɑbʤɛkt,абджэкт,объект,wordnet,noun,существительное,317
oblivious,oblivious,əˈblɪviəs,эбливиэс,не обращающий внимания,wordnet,adj,прилагательное,1
obscure,obscure,əbˈskjʊr,эбскюр,затемнять,wordnet,verb,глагол,1
observation,observation,ˌɑbzərˈveɪʃən,абзэрвэйшн,наблюдение,wordnet,noun,существительное,14
obsess,obsess,əbˈsɛs,эбсэс,одержим,wordnet,verb,глагол,1
obsessed,obsessed,əbˈsɛst,эбсэст,одержимый,wordnet,verb,глагол,1
obsessing,obsessing,əbˈsɛsɪŋ,эбсэсин,одержимый,wordnet,verb,глагол,1
obtain,obtain,əbˈteɪn,эбтэйн,получать,wordnet,verb,глагол,1
obtained,obtained,əbˈteɪnd,эбтэйнд,полученный,wordnet,verb,глагол,1
obvious,obvious,ˈɑbviəs,абвиэс,очевидный,wordnet,adj,прилагательное,8
obviously,obviously,ˈɑbviəsli,абвиэсли,очевидно,wordnet,adv,наречие,3
occasion,occasion,əˈkeɪʒən,экэйжн,повод,wordnet,noun,существительное,1
occasional,occasional,ɔˈkeɪʒənəl,окэйжнл,случайный,wordnet,adj,прилагательное,1
occurrence,occurrence,əˈkərəns,экэрнс,возникновение,wordnet,noun,существительное,18
occurring,occurring,əˈkərɪŋ,экэрин,происходящий,wordnet,verb,глагол,2
oceanic,oceanic,ˌoʊʃiˈænɪk,оушиэник,океанический,wordnet,noun,существительное,1
odd,odd,ɑd,ад,странный,wordnet,adj,прилагательное,8
oddly,oddly,ˈɑdli,адли,как ни странно,wordnet,adv,наречие,1
odds,odds,ɑdz,адз,шансы,wordnet,noun,существительное,1
offending,offending,əˈfɛndɪŋ,эфэндин,оскорбительный,wordnet,verb,глагол,1
offer,offer,ˈɔfər,офэр,предложение,wordnet,noun,существительное,8
offered,offered,ˈɔfərd,офэрд,предложенный,wordnet,verb,глагол,2
offering,offering,ˈɔfərɪŋ,офэрин,предложение,wordnet,noun,существительное,5
official,official,əˈfɪʃəl,эфишл,чиновник,wordnet,noun,существительное,5
offs,offs,ɔfs,офс,выходные,wordnet,verb,глагол,6
offset,offset,ˈɔfˌsɛt,офсэт,компенсировать,wordnet,noun,существительное,2
often,often,ˈɔfən,офн,часто,wordnet,adv,наречие,53
oil,oil,ɔɪl,ойл,масло,wordnet,noun,существительное,2
okay,okay,ˌoʊˈkeɪ,оукэй,хорошо,wordnet,noun,существительное,5
old,old,oʊld,оулд,старый,wordnet,noun,существительное,29
older,older,ˈoʊldər,оулдэр,старше,wordnet,adj,прилагательное,3
olympic,olympic,oʊˈlɪmpɪk,оулимпик,олимпийский,wordnet,adj,прилагательное,1
olympics,olympics,oʊˈlɪmpɪks,оулимпикс,Олимпийские игры,wordnet,noun,существительное,1
omission,omission,oʊˈmɪʃən,оумишн,упущение,wordnet,noun,существительное,2
omit,omit,oʊˈmɪt,оумит,пропускать,wordnet,verb,глагол,1
omitted,omitted,oʊˈmɪtɪd,оумитид,опущен,wordnet,verb,глагол,2
omnipresent,omnipresent,ˌɑmnɪˈprɛzənt,амнипрэзнт,вездесущий,wordnet,adj,прилагательное,1
one,one,wən,ун,один,wordnet,noun,существительное,558
online,online,ˈɔnˌlaɪn,онлайн,онлайн,wordnet,adj,прилагательное,18
onscreen,onscreen,ˌɑnˈskrin,анскрин,на экране,wordnet,,,2
onto,onto,ˈɔntu,онту,на,wordnet,,,1
onward,onward,ˈɔnwərd,онуэрд,вперед,wordnet,adv,наречие,4
opaque,opaque,oʊˈpeɪk,оупэйк,непрозрачный,wordnet,adj,прилагательное,1
open,open,ˈoʊpən,оупн,открыть,wordnet,noun,существительное,21
opening,opening,ˈoʊpənɪŋ,оупнин,открытие,wordnet,noun,существительное,4
operandi,operandi,ˌɑpərˈɛndaɪ,апэрэндай,операнди,wordnet,,,1
operate,operate,ˈɔpərˌeɪt,опэрэйт,действовать,wordnet,verb,глагол,12
operates,operates,ˈɑpərˌeɪts,апэрэйтс,действует,wordnet,verb,глагол,4
operating,operating,ˈɔpərˌeɪtɪŋ,опэрэйтин,действующий,wordnet,verb,глагол,8
operation,operation,ˌɑpərˈeɪʃən,апэрэйшн,операция,wordnet,noun,существительное,211
operational,operational,ˌɑpərˈeɪʃənəl,апэрэйшнл,оперативный,wordnet,adj,прилагательное,18
operator,operator,ˈɑpərˌeɪtər,апэрэйтэр,оператор,wordnet,noun,существительное,23
opinion,opinion,əˈpɪnjən,эпинйн,мнение,wordnet,noun,существительное,2
opportunity,opportunity,ˌɑpərˈtunəti,апэртунэти,возможность,wordnet,noun,существительное,9
opposite,opposite,ˈɑpəzɪt,апэзит,противоположный,wordnet,noun,существительное,5
opt,opt,ɑpt,апт,выбрать,wordnet,verb,глагол,1
optimal,optimal,ˈɑptɪməl,аптимл,оптимальный,wordnet,adj,прилагательное,2
optimization,optimization,ɑptɪmɪˈzeɪʃən,аптимизэйшн,оптимизация,wordnet,noun,существительное,5
optimize,optimize,ˈɑptɪˌmaɪz,аптимайз,оптимизировать,wordnet,verb,глагол,17
option,option,ˈɔpʃən,опшн,вариант,wordnet,noun,существительное,90
optional,optional,ˈɔpʃənəl,опшнл,необязательный,wordnet,adj,прилагательное,64
orchestrates,orchestrates,ˈɔrkəˌstreɪts,оркэстрэйтс,организует,wordnet,verb,глагол,1
ord,ord,ɔrd,орд,заказ,wordnet,,,12
order,order,ˈɔrdər,ордэр,заказ,wordnet,noun,существительное,100
ordered,ordered,ˈɔrdərd,ордэрд,заказал,wordnet,verb,глагол,42
ordering,ordering,ˈɔrdərɪŋ,ордэрин,заказ,wordnet,noun,существительное,40
ordinary,ordinary,ˈɔrdəˌnɛri,орднэри,обычный,wordnet,noun,существительное,1
ore,ore,ɔr,ор,руда,wordnet,noun,существительное,1
organic,organic,ɔrˈgænɪk,оргэник,органический,wordnet,noun,существительное,1
organization,organization,ˌɔrgənəˈzeɪʃən,оргнэзэйшн,организация,wordnet,noun,существительное,8
organized,organized,ˈɔrgəˌnaɪzd,оргнайзд,организованный,wordnet,verb,глагол,6
organizes,organizes,ˈɔrgəˌnaɪzɪz,оргнайзиз,организует,wordnet,verb,глагол,4
organizing,organizing,ˈɔrgəˌnaɪzɪŋ,оргнайзин,организация,wordnet,verb,глагол,8
oriented,oriented,ˈɔriˌɛntɪd,ориэнтид,ориентированный,wordnet,verb,глагол,5
origin,origin,ˈɔrəʤən,орэджн,источник,wordnet,noun,существительное,4
original,original,ərˈɪʤənəl,эриджнл,оригинальный,wordnet,noun,существительное,40
originally,originally,ərˈɪʤənəli,эриджнли,изначально,wordnet,adv,наречие,1
originate,originate,ərˈɪʤəˌneɪt,эриджнэйт,возникать,wordnet,verb,глагол,1
others,others,ˈəðərz,эзэрз,другие,wordnet,,,11
otherwise,otherwise,ˈəðərˌwaɪz,эзэруайз,в противном случае,wordnet,adj,прилагательное,20
ott,ott,ɑt,ат,отт,wordnet,,,2
outcome,outcome,ˈaʊtˌkəm,ауткм,исход,wordnet,noun,существительное,1
outer,outer,ˈaʊtər,аутэр,внешний,wordnet,adj,прилагательное,17
outgrow,outgrow,ˌaʊtˈgroʊ,аутгроу,перерасти,wordnet,verb,глагол,2
outlet,outlet,ˈaʊˌtlɛt,аутлэт,выход,wordnet,noun,существительное,1
outlier,outlier,ˈaʊtlaɪər,аутлайэр,выброс,wordnet,noun,существительное,2
outline,outline,ˈaʊˌtlaɪn,аутлайн,контур,wordnet,noun,существительное,3
outlined,outlined,ˈaʊˌtlaɪnd,аутлайнд,изложенный,wordnet,verb,глагол,5
outlining,outlining,ˈaʊˌtlaɪnɪŋ,аутлайнин,изложение,wordnet,verb,глагол,1
output,output,ˈaʊtˌpʊt,аутпут,выход,wordnet,noun,существительное,95
outrageous,outrageous,aʊˈtreɪʤəs,аутрэйджэс,возмутительный,wordnet,adj,прилагательное,1
outright,outright,ˈaʊˈtraɪt,аутрайт,прямо,wordnet,adj,прилагательное,5
outside,outside,ˈaʊtˈsaɪd,аутсайд,снаружи,wordnet,noun,существительное,4
overall,overall,ˈoʊvərˌɔl,оувэрол,общий,wordnet,noun,существительное,2
overdue,overdue,ˈoʊvərˈdu,оувэрду,просроченный,wordnet,adj,прилагательное,1
overflow,overflow,ˌoʊvərˈfloʊ,оувэрфлоу,переполнение,wordnet,noun,существительное,1
overhead,overhead,ˈoʊvərˈhɛd,оувэрхэд,накладные расходы,wordnet,noun,существительное,1
overkill,overkill,ˈoʊvərˌkɪl,оувэркил,излишнее убийство,wordnet,noun,существительное,1
overlap,overlap,ˈoʊvərˌlæp,оувэрлэп,перекрывать,wordnet,noun,существительное,2
overlapping,overlapping,ˈoʊvərˌlæpɪŋ,оувэрлэпин,перекрытие,wordnet,noun,существительное,1
overlay,overlay,ˈoʊvərˌleɪ,оувэрлэй,наложение,wordnet,noun,существительное,1
overlooked,overlooked,ˈoʊvərˌlʊkt,оувэрлукт,упущенный из виду,wordnet,verb,глагол,1
override,override,ˈoʊvərˌraɪd,оувэррайд,переопределить,wordnet,noun,существительное,4
overriding,overriding,ˈoʊvərˌraɪdɪŋ,оувэррайдин,переопределяющий,wordnet,verb,глагол,1
overview,overview,ˈoʊvərvˌju,оувэрвйу,обзор,wordnet,noun,существительное,21
overwhelmingly,overwhelmingly,ˌoʊvərˈwɛlmɪŋli,оувэруэлминли,в подавляющем большинстве случаев,wordnet,adv,наречие,1
overwrite,overwrite,ˌoʊvərˈraɪt,оувэррайт,перезаписать,wordnet,verb,глагол,9
owes,owes,oʊz,оуз,должен,wordnet,verb,глагол,2
owner,owner,ˈoʊnər,оунэр,владелец,wordnet,noun,существительное,1
oxymoron,oxymoron,ˌɑkˈsiˈmɔrɑn,аксиморан,оксюморон,wordnet,noun,существительное,1
pace,pace,peɪs,пэйс,шаг,wordnet,noun,существительное,1
pack,pack,pæk,пэк,пакет,wordnet,noun,существительное,8
package,package,ˈpækɪʤ,пэкидж,упаковка,wordnet,noun,существительное,20
packaged,packaged,ˈpækɪʤd,пэкиджд,упакованный,wordnet,verb,глагол,1
packaging,packaging,ˈpækɪʤɪŋ,пэкиджин,упаковка,wordnet,noun,существительное,1
packed,packed,pækt,пэкт,упакованный,wordnet,verb,глагол,3
packing,packing,ˈpækɪŋ,пэкин,упаковка,wordnet,noun,существительное,16
padding,padding,ˈpædɪŋ,пэдин,прокладка,wordnet,noun,существительное,1
page,page,peɪʤ,пэйдж,страница,wordnet,noun,существительное,26
paid,paid,peɪd,пэйд,оплаченный,wordnet,verb,глагол,3
pain,pain,peɪn,пэйн,боль,wordnet,noun,существительное,1
painful,painful,ˈpeɪnfəl,пэйнфл,болезненный,wordnet,adj,прилагательное,1
paint,paint,peɪnt,пэйнт,краска,wordnet,noun,существительное,1
pair,pair,pɛr,пэр,пара,wordnet,noun,существительное,12
pale,pale,peɪl,пэйл,бледный,wordnet,noun,существительное,2
palette,palette,ˈpælət,пэлэт,палитра,wordnet,noun,существительное,1
panda,panda,ˈpændə,пэндэ,панда,wordnet,noun,существительное,209
paper,paper,ˈpeɪpər,пэйпэр,бумага,wordnet,noun,существительное,6
paradigm,paradigm,ˈpɛrəˌdaɪm,пэрэдайм,парадигма,wordnet,noun,существительное,2
paragraph,paragraph,ˈpɛrəˌgræf,пэрэгрэф,абзац,wordnet,noun,существительное,3
parallel,parallel,ˈpɛrəˌlɛl,пэрлэл,параллельный,wordnet,noun,существительное,7
parameter,parameter,pərˈæmətər,пэрэмэтэр,параметр,wordnet,noun,существительное,171
paramount,paramount,ˈpɛrəˌmaʊnt,пэрмаунт,первостепенный,wordnet,adj,прилагательное,2
paranoid,paranoid,ˈpɛrəˌnɔɪd,пэрнойд,параноик,wordnet,noun,существительное,1
pardon,pardon,ˈpɑrdən,пардн,прощение,wordnet,noun,существительное,1
parent,parent,ˈpɛrənt,пэрнт,родитель,wordnet,noun,существительное,9
parenthesis,parenthesis,pərˈɛnθəsɪs,пэрэнсэсис,скобка,wordnet,noun,существительное,11
park,park,pɑrk,парк,парк,wordnet,noun,существительное,1
parlor,parlor,ˈpɑrlər,парлэр,гостиная,wordnet,noun,существительное,1
parse,parse,pɑrs,парс,анализировать,wordnet,verb,глагол,6
parsed,parsed,pɑrst,парст,разобранный,wordnet,verb,глагол,14
parser,parser,ˈpɑrsər,парсэр,парсер,wordnet,noun,существительное,2
parsing,parsing,ˈpɑrsɪŋ,парсин,анализ,wordnet,verb,глагол,1
part,part,pɑrt,парт,часть,wordnet,noun,существительное,86
partial,partial,ˈpɑrʃəl,паршл,частичный,wordnet,noun,существительное,4
partially,partially,ˈpɑrʃəli,паршли,частично,wordnet,adv,наречие,2
participated,participated,pɑrˈtɪsəˌpeɪtɪd,партисэпэйтид,участвовал,wordnet,verb,глагол,1
participation,participation,pɑrˌtɪsəˈpeɪʃən,партисэпэйшн,участие,wordnet,noun,существительное,1
particularly,particularly,ˌpɑrˈtɪkjələrli,партикйлэрли,особенно,wordnet,adv,наречие,1
parting,parting,ˈpɑrtɪŋ,партин,расставание,wordnet,noun,существительное,1
partition,partition,pɑrˈtɪʃən,партишн,раздел,wordnet,noun,существительное,70
partitioned,partitioned,pɑrˈtɪʃənd,партишнд,разделенный,wordnet,verb,глагол,5
partitioning,partitioning,pɑrˈtɪʃənɪŋ,партишнин,разделение,wordnet,noun,существительное,4
party,party,ˈpɑrti,парти,вечеринка,wordnet,noun,существительное,4
pas,pa,pɑ,па,год,wordnet,noun,существительное,83
pass,pas,pɑz,паз,пас,wordnet,noun,существительное,1
passed,passed,pæst,пэст,прошедший,wordnet,verb,глагол,54
passing,passing,ˈpæsɪŋ,пэсин,прохождение,wordnet,noun,существительное,30
password,password,ˈpæsˌwərd,пэсуэрд,пароль,wordnet,noun,существительное,1
past,past,pæst,пэст,прошлое,wordnet,noun,существительное,8
paste,paste,peɪst,пэйст,вставить,wordnet,noun,существительное,3
pasted,pasted,ˈpeɪstɪd,пэйстид,вставленный,wordnet,verb,глагол,1
pastry,pastry,ˈpeɪstri,пэйстри,выпечка,wordnet,noun,существительное,1
path,path,pæθ,пэс,путь,wordnet,noun,существительное,36
patino,patino,pɑˈtinoʊ,патиноу,патино,wordnet,,,2
patrick,patrick,ˈpætrɪk,пэтрик,Патрик,wordnet,noun,существительное,2
pattern,pattern,ˈpætərn,пэтэрн,шаблон,wordnet,noun,существительное,59
paul,paul,pɔl,пол,Пол,wordnet,noun,существительное,1
pay,pay,peɪ,пэй,платить,wordnet,noun,существительное,9
paying,paying,peɪɪŋ,пэйин,платить,wordnet,verb,глагол,3
pear,pear,pɛr,пэр,груша,wordnet,noun,существительное,1
pearson,pearson,ˈpɪrsən,пирсн,Пирсон,wordnet,,,1
peculiarity,peculiarity,pɪˌkjuliˈɛrəti,пикйулиэрэти,особенность,wordnet,noun,существительное,1
pedantic,pedantic,pəˈdæntɪk,пэдэнтик,педантичный,wordnet,adj,прилагательное,1
peek,peek,pik,пик,заглянуть,wordnet,noun,существительное,6
peeking,peeking,ˈpikɪŋ,пикин,подглядывание,wordnet,verb,глагол,6
peer,peer,pɪr,пир,вглядеться,wordnet,noun,существительное,2
pen,pen,pɛn,пэн,ручка,wordnet,noun,существительное,2
pencil,pencil,ˈpɛnsəl,пэнсл,карандаш,wordnet,noun,существительное,1
pent,pent,pɛnt,пэнт,скрытый,wordnet,verb,глагол,3
people,people,ˈpipəl,пипл,люди,wordnet,noun,существительное,7
pep,pep,pɛp,пэп,бодрость духа,wordnet,noun,существительное,8
per,per,pər,пэр,за,wordnet,,,43
percent,percent,pərˈsɛnt,пэрсэнт,процент,wordnet,noun,существительное,19
percentage,percentage,pərˈsɛnɪʤ,пэрсэнидж,процент,wordnet,noun,существительное,4
percentile,percentile,pərˈsɛnˌtaɪl,пэрсэнтайл,процентиль,wordnet,noun,существительное,8
perfect,perfect,ˈpərˌfɪkt,пэрфикт,идеальный,wordnet,noun,существительное,11
perfectly,perfectly,ˈpərfəktli,пэрфэктли,идеально,wordnet,adv,наречие,8
perform,perform,pərˈfɔrm,пэрформ,выполнять,wordnet,verb,глагол,78
performance,performance,pərˈfɔrməns,пэрформнс,производительность,wordnet,noun,существительное,69
performed,performed,pərˈfɔrmd,пэрформд,выполненный,wordnet,verb,глагол,24
performing,performing,pərˈfɔrmɪŋ,пэрформин,выполнение,wordnet,noun,существительное,53
performs,performs,pərˈfɔrmz,пэрформз,выполняет,wordnet,verb,глагол,15
perhaps,perhaps,pərˈhæps,пэрхэпс,возможно,wordnet,adv,наречие,1
period,period,ˈpɪriəd,пириэд,период,wordnet,noun,существительное,23
periodic,periodic,ˌpɪriˈɑdɪk,пириадик,периодический,wordnet,adj,прилагательное,2
permanently,permanently,ˈpərmɑˌnɛnˌtli,пэрманэнтли,навсегда,wordnet,adv,наречие,1
permission,permission,pərˈmɪʃən,пэрмишн,разрешение,wordnet,noun,существительное,3
permissive,permissive,pərˈmɪsɪv,пэрмисив,вседозволительный,wordnet,adj,прилагательное,1
persist,persist,pərˈsɪst,пэрсист,сопротивляться,wordnet,verb,глагол,2
persistence,persistence,pərˈsɪstəns,пэрсистнс,упорство,wordnet,noun,существительное,1
persisting,persisting,pərˈsɪstɪŋ,пэрсистин,настойчивый,wordnet,verb,глагол,1
person,person,ˈpərsən,пэрсн,человек,wordnet,noun,существительное,1
personal,personal,ˈpərsɪnəl,пэрсинл,личный,wordnet,noun,существительное,7
personally,personally,ˈpərsənəli,пэрснли,лично,wordnet,adv,наречие,4
perspective,perspective,pərˈspɛktɪv,пэрспэктив,перспектива,wordnet,noun,существительное,8
pervasive,pervasive,pərˈveɪsɪv,пэрвэйсив,всепроникающий,wordnet,adj,прилагательное,1
pesky,pesky,ˈpɛski,пэски,противный,wordnet,adj,прилагательное,4
peter,peter,ˈpitər,питэр,Питер,wordnet,noun,существительное,1
phase,phase,feɪz,фэйз,фаза,wordnet,noun,существительное,6
phased,phased,feɪzd,фэйзд,поэтапный,wordnet,verb,глагол,1
philippe,philippe,fɪˈlipeɪ,филипэй,Филипп,wordnet,,,2
philosophy,philosophy,fəˈlɑsəfi,фэласэфи,философия,wordnet,noun,существительное,1
photocopying,photocopying,ˈfoʊtoʊˌkɑpiɪŋ,фоутоукапиин,фотокопирование,wordnet,verb,глагол,1
photon,photon,ˈfoʊˌtɑn,фоутан,фотон,wordnet,noun,существительное,3
physical,physical,ˈfɪzɪkəl,физикл,физический,wordnet,adj,прилагательное,37
pick,pick,pɪk,пик,выбирать,wordnet,noun,существительное,10
picked,picked,pɪkt,пикт,выбрал,wordnet,verb,глагол,1
picking,picking,ˈpɪkɪŋ,пикин,сбор,wordnet,noun,существительное,3
pickle,pickle,ˈpɪkəl,пикл,мариновать,wordnet,noun,существительное,1
pickled,pickled,ˈpɪkəld,пиклд,маринованный,wordnet,verb,глагол,1
picky,picky,ˈpɪki,пики,придирчивый,wordnet,adj,прилагательное,1
picture,picture,ˈpɪkʧər,пикчэр,картина,wordnet,noun,существительное,2
pie,pie,paɪ,пай,пирог,wordnet,noun,существительное,1
piece,piece,pis,пис,кусок,wordnet,noun,существительное,15
pillar,pillar,ˈpɪlər,пилэр,столб,wordnet,noun,существительное,1
piloted,piloted,ˈpaɪlətɪd,пайлэтид,пилотируемый,wordnet,verb,глагол,1
pinpoint,pinpoint,ˈpɪnˌpɔɪnt,пинпойнт,точно определить,wordnet,noun,существительное,4
pioneered,pioneered,ˌpaɪəˈnɪrd,пайэнирд,первооткрыватель,wordnet,verb,глагол,1
pip,pip,pɪp,пип,пункт,wordnet,noun,существительное,10
pipe,pipe,paɪp,пайп,трубка,wordnet,noun,существительное,2
pipeline,pipeline,ˈpaɪˌplaɪn,пайплайн,трубопровод,wordnet,noun,существительное,216
pitfall,pitfall,ˈpɪtˌfɔl,питфол,ловушка,wordnet,noun,существительное,2
pivot,pivot,ˈpɪvət,пивэт,вращаться,wordnet,noun,существительное,7
place,place,pleɪs,плэйс,место,wordnet,noun,существительное,27
placed,placed,pleɪst,плэйст,размещен,wordnet,verb,глагол,1
plain,plain,pleɪn,плэйн,простой,wordnet,noun,существительное,33
plainly,plainly,ˈpleɪnli,плэйнли,явно,wordnet,adv,наречие,1
plan,plan,plæn,плэн,план,wordnet,noun,существительное,87
planet,planet,ˈplænət,плэнэт,планета,wordnet,noun,существительное,2
planned,planned,plænd,плэнд,запланировано,wordnet,verb,глагол,1
planner,planner,ˈplænər,плэнэр,планировщик,wordnet,noun,существительное,1
planning,planning,ˈplænɪŋ,плэнин,планирование,wordnet,noun,существительное,25
plantain,plantain,ˈplæntən,плэнтн,подорожник,wordnet,noun,существительное,1
platform,platform,ˈplætˌfɔrm,плэтформ,платформа,wordnet,noun,существительное,11
play,play,pleɪ,плэй,играть,wordnet,noun,существительное,15
playbook,playbook,ˈpleɪbʊk,плэйбук,сборник пьес,wordnet,noun,существительное,1
player,player,pleɪər,плэйэр,игрок,wordnet,noun,существительное,2
playing,playing,pleɪɪŋ,плэйин,играя,wordnet,noun,существительное,2
please,please,pliz,плиз,пожалуйста,wordnet,verb,глагол,5
pleased,pleased,plizd,плизд,довольный,wordnet,verb,глагол,1
pleasing,pleasing,ˈplizɪŋ,плизин,приятный,wordnet,noun,существительное,2
plenty,plenty,ˈplɛnti,плэнти,множество,wordnet,noun,существительное,1
plot,plot,plɑt,плат,сюжет,wordnet,noun,существительное,3
plumbing,plumbing,ˈpləmɪŋ,плмин,сантехника,wordnet,noun,существительное,8
plunge,plunge,plənʤ,плндж,погружаться,wordnet,noun,существительное,1
plunging,plunging,ˈplənʤɪŋ,плнджин,погружение,wordnet,verb,глагол,1
plural,plural,ˈplʊrəl,плурл,множественное число,wordnet,noun,существительное,4
pluralized,pluralized,ˈplʊrəlaɪzd,плурлайзд,множественный,wordnet,verb,глагол,1
plus,plus,pləs,плэс,плюс,wordnet,noun,существительное,14
plutonium,plutonium,pluˈtoʊniəm,плутоуним,плутоний,wordnet,noun,существительное,2
pocket,pocket,ˈpɑkət,пакэт,карман,wordnet,noun,существительное,2
podcast,podcast,ˈpɔdˌkæst,подкэст,подкаст,wordnet,verb,глагол,2
point,point,pɔɪnt,пойнт,точка,wordnet,noun,существительное,47
pointed,pointed,ˈpɔɪntɪd,пойнтид,заостренный,wordnet,verb,глагол,1
pointer,pointer,ˈpɔɪntər,пойнтэр,указатель,wordnet,noun,существительное,1
pointing,pointing,ˈpɔɪntɪŋ,пойнтин,указывая,wordnet,verb,глагол,1
policy,policy,ˈpɑləsi,палэси,политика,wordnet,noun,существительное,7
polished,polished,ˈpɑlɪʃt,палишт,полированный,wordnet,verb,глагол,1
pollute,pollute,pəˈlut,пэлут,загрязнять,wordnet,verb,глагол,1
polyglot,polyglot,ˌpɑlɪˈglɑt,палиглат,полиглот,wordnet,noun,существительное,1
poorly,poorly,ˈpurli,пурли,плохо,wordnet,adj,прилагательное,2
pop,pop,pɑp,пап,поп,wordnet,noun,существительное,2
poppy,poppy,ˈpɑpi,папи,мак,wordnet,noun,существительное,1
popular,popular,ˈpɑpjələr,папйлэр,популярный,wordnet,adj,прилагательное,30
popularity,popularity,ˌpɑpjəˈlɛrəti,папйэлэрэти,популярность,wordnet,noun,существительное,2
popularized,popularized,ˈpɑpjələrˌaɪzd,папйлэрайзд,популяризированный,wordnet,verb,глагол,2
porcelain,porcelain,ˈpɔrsələn,порслн,фарфор,wordnet,noun,существительное,1
port,port,pɔrt,порт,порт,wordnet,noun,существительное,4
portability,portability,ˌpɔrtəˈbɪlɪti,портэбилити,портативность,wordnet,noun,существительное,7
portable,portable,ˈpɔrtəbəl,портэбл,портативный,wordnet,noun,существительное,3
portal,portal,ˈpɔrtəl,портл,портал,wordnet,noun,существительное,3
porting,porting,ˈpɔrtɪŋ,портин,портирование,wordnet,verb,глагол,1
portion,portion,ˈpɔrʃən,поршн,часть,wordnet,noun,существительное,14
posa,posa,ˈpoʊsə,поусэ,поса,wordnet,,,1
position,position,pəˈzɪʃən,пэзишн,позиция,wordnet,noun,существительное,31
positive,positive,ˈpɑzətɪv,пазэтив,позитивный,wordnet,noun,существительное,32
possession,possession,pəˈzɛʃən,пэзэшн,владение,wordnet,noun,существительное,1
possibility,possibility,ˌpɑsəˈbɪləˌti,пасэбилэти,возможность,wordnet,noun,существительное,6
possible,possible,ˈpɑsəbəl,пасэбл,возможный,wordnet,noun,существительное,21
pot,pot,pɑt,пат,горшок,wordnet,noun,существительное,1
potential,potential,pəˈtɛnʃəl,пэтэншл,потенциал,wordnet,noun,существительное,16
potentially,potentially,pəˈtɛnʃəli,пэтэншли,потенциально,wordnet,adv,наречие,8
pound,pound,paʊnd,паунд,фунт,wordnet,noun,существительное,1
pour,pour,pɔr,пор,налить,wordnet,verb,глагол,1
pow,pow,paʊ,пау,бах,wordnet,noun,существительное,25
power,power,paʊər,пауэр,власть,wordnet,noun,существительное,27
powered,powered,paʊərd,пауэрд,питание,wordnet,verb,глагол,2
powerful,powerful,ˈpaʊərfəl,пауэрфл,мощный,wordnet,adj,прилагательное,37
practical,practical,ˈpræktɪkəl,прэктикл,практичный,wordnet,adj,прилагательное,8
practice,practice,ˈpræktɪs,прэктис,упражняться,wordnet,noun,существительное,21
practitioner,practitioner,prækˈtɪʃənər,прэктишнэр,практик,wordnet,noun,существительное,1
pre,pre,pri,при,предварительно,wordnet,,,8
preamble,preamble,priˈæmbəl,приэмбл,преамбула,wordnet,noun,существительное,1
precaution,precaution,priˈkɔʃən,прикошн,предосторожность,wordnet,noun,существительное,2
preceded,preceded,prɪˈsidɪd,присидид,предшествовал,wordnet,verb,глагол,1
precedence,precedence,ˈprɛsədəns,прэсэднс,приоритет,wordnet,noun,существительное,2
precedes,precedes,prɪˈsidz,присидз,предшествует,wordnet,verb,глагол,1
preceding,preceding,priˈsidɪŋ,присидин,предшествующий,wordnet,verb,глагол,3
precious,precious,ˈprɛʃəs,прэшэс,драгоценный,wordnet,adj,прилагательное,2
precise,precise,prɪˈsaɪs,присайс,точный,wordnet,adj,прилагательное,7
precision,precision,priˈsɪʒən,присижн,точность,wordnet,noun,существительное,33
predetermined,predetermined,ˌpridiˈtərmɪnd,придитэрминд,предопределенный,wordnet,verb,глагол,1
predicate,predicate,ˈprɛdɪkət,прэдикэт,предикат,wordnet,noun,существительное,63
predict,predict,prɪˈdɪkt,придикт,предсказывать,wordnet,verb,глагол,12
predictability,predictability,prɪˌdɪktəˈbɪlɪti,придиктэбилити,предсказуемость,wordnet,noun,существительное,1
predictable,predictable,prɪˈdɪktəbəl,придиктэбл,предсказуемый,wordnet,adj,прилагательное,3
predicted,predicted,prɪˈdɪktɪd,придиктид,предсказанный,wordnet,verb,глагол,3
predicting,predicting,prɪˈdɪktɪŋ,придиктин,предсказание,wordnet,verb,глагол,4
prediction,prediction,priˈdɪkʃən,придикшн,прогноз,wordnet,noun,существительное,41
predictive,predictive,prɪˈdɪktɪv,придиктив,прогнозирующий,wordnet,adj,прилагательное,6
predictor,predictor,prɪˈdɪktər,придиктэр,предсказатель,wordnet,noun,существительное,1
predicts,predicts,prɪˈdɪkts,придиктс,предсказывает,wordnet,verb,глагол,1
predominantly,predominantly,ˌprɪˈdɑmənənˌtli,придамннтли,преимущественно,wordnet,adv,наречие,1
preexisting,preexisting,ˈpriɪgˈzɪstɪŋ,приигзистин,ранее существовавший,wordnet,verb,глагол,1
preface,preface,ˈprɛfəs,прэфэс,предисловие,wordnet,noun,существительное,3
prefer,prefer,prɪˈfər,прифэр,предпочитать,wordnet,verb,глагол,23
preferable,preferable,ˈprɛfərəbəl,прэфэрэбл,предпочтительнее,wordnet,adj,прилагательное,1
preference,preference,ˈprɛfərəns,прэфэрнс,предпочтение,wordnet,noun,существительное,2
preferred,preferred,prɪˈfərd,прифэрд,предпочтительный,wordnet,verb,глагол,4
prefers,prefers,prɪˈfərz,прифэрз,предпочитает,wordnet,verb,глагол,1
prefix,prefix,ˈprifɪks,прификс,префикс,wordnet,noun,существительное,22
prejudice,prejudice,ˈprɛʤədɪs,прэджэдис,предрассудки,wordnet,noun,существительное,13
premeditated,premeditated,priˈmɛdəˌteɪtɪd,примэдэтэйтид,преднамеренный,wordnet,verb,глагол,1
premiered,premiered,prɛˈmɪrd,прэмирд,состоялась премьера,wordnet,verb,глагол,1
premise,premise,ˈprɛmɪs,прэмис,помещение,wordnet,noun,существительное,2
prep,prep,prɛp,прэп,подготовка,wordnet,noun,существительное,1
preparation,preparation,ˌprɛpərˈeɪʃən,прэпэрэйшн,подготовка,wordnet,noun,существительное,21
prepare,prepare,priˈpɛr,припэр,подготовить,wordnet,verb,глагол,8
prepared,prepared,priˈpɛrd,припэрд,готовый,wordnet,verb,глагол,1
preparing,preparing,pərˈpɛrɪŋ,пэрпэрин,подготовка,wordnet,verb,глагол,34
prescribed,prescribed,priˈskraɪbd,прискрайбд,предписано,wordnet,verb,глагол,1
presence,presence,ˈprɛzəns,прэзнс,присутствие,wordnet,noun,существительное,4
present,present,ˈprɛzənt,прэзнт,подарок,wordnet,noun,существительное,31
presentation,presentation,ˌprɛzənˈteɪʃən,прэзнтэйшн,презентация,wordnet,noun,существительное,1
presented,presented,pərˈzɛnəd,пэрзэнэд,представлен,wordnet,verb,глагол,6
presenting,presenting,prɪˈzɛntɪŋ,призэнтин,представляя,wordnet,verb,глагол,2
preserve,preserve,prɪˈzərv,призэрв,сохранять,wordnet,noun,существительное,6
preserved,preserved,prɪˈzərvd,призэрвд,сохраненный,wordnet,verb,глагол,1
preserving,preserving,prɪˈzərvɪŋ,призэрвин,сохранение,wordnet,verb,глагол,2
press,press,prɛs,прэс,нажимать,wordnet,noun,существительное,2
pressing,pressing,ˈprɛsɪŋ,прэсин,нажатие,wordnet,noun,существительное,2
pressure,pressure,ˈprɛʃər,прэшэр,давление,wordnet,noun,существительное,2
pressured,pressured,ˈprɛʃərd,прэшэрд,давление,wordnet,verb,глагол,1
pretty,pretty,ˈprɪti,прити,симпатичный,wordnet,adj,прилагательное,38
prevalent,prevalent,ˈprɛvələnt,прэвлнт,распространенный,wordnet,adj,прилагательное,1
prevent,prevent,prɪˈvɛnt,привэнт,предотвращать,wordnet,verb,глагол,6
prevents,prevents,prɪˈvɛnts,привэнтс,предотвращает,wordnet,verb,глагол,3
previous,previous,ˈpriviəs,привиэс,предыдущий,wordnet,adj,прилагательное,40
previously,previously,ˈpriviəsli,привиэсли,ранее,wordnet,adv,наречие,4
price,price,praɪs,прайс,цена,wordnet,noun,существительное,19
pricing,pricing,ˈpraɪsɪŋ,прайсин,ценообразование,wordnet,noun,существительное,4
pride,pride,praɪd,прайд,гордость,wordnet,noun,существительное,14
primary,primary,ˈpraɪˌmɛri,праймэри,начальный,wordnet,noun,существительное,7
primer,primer,ˈpraɪmər,праймэр,букварь,wordnet,noun,существительное,1
principle,principle,ˈprɪnsəpəl,принсэпл,принцип,wordnet,noun,существительное,7
principled,principled,ˈprɪnsəpəld,принсэплд,принципиальный,wordnet,adj,прилагательное,1
print,print,prɪnt,принт,распечатать,wordnet,noun,существительное,99
printed,printed,ˈprɪnɪd,принид,напечатанный,wordnet,verb,глагол,8
printing,printing,ˈprɪnɪŋ,принин,печать,wordnet,noun,существительное,10
prior,prior,praɪər,прайэр,прежний,wordnet,noun,существительное,2
priority,priority,praɪˈɔrəti,прайорэти,приоритет,wordnet,noun,существительное,1
pristine,pristine,ˈprɪstin,пристин,нетронутый,wordnet,adj,прилагательное,1
private,private,ˈpraɪvət,прайвэт,частный,wordnet,noun,существительное,1
pro,pro,proʊ,проу,про,wordnet,noun,существительное,11
proactively,proactively,ˌproʊˈæktɪvˌli,проуэктивли,активно,wordnet,,,1
probability,probability,ˌprɑbəˈbɪləˌti,прабэбилэти,вероятность,wordnet,noun,существительное,8
probably,probably,ˈprɑbəˌbli,прабэбли,вероятно,wordnet,adv,наречие,12
problem,problem,ˈprɑbləm,праблм,проблема,wordnet,noun,существительное,49
problematic,problematic,ˌprɑbləˈmætɪk,праблэмэтик,проблемный,wordnet,adj,прилагательное,2
proceed,proceed,pərˈsid,пэрсид,продолжить,wordnet,verb,глагол,3
process,process,ˈprɔˌsɛs,просэс,процесс,wordnet,noun,существительное,92
processed,processed,ˈprɑsɛst,прасэст,обработано,wordnet,verb,глагол,11
processing,processing,ˈprɑsɛsɪŋ,прасэсин,обработка,wordnet,noun,существительное,74
processor,processor,ˈprɑˌsɛsər,прасэсэр,процессор,wordnet,noun,существительное,3
produce,produce,ˈproʊdus,проудус,производить,wordnet,noun,существительное,1
produced,produced,prəˈdust,прэдуст,произведено,wordnet,verb,глагол,2
producer,producer,prəˈdusər,прэдусэр,продюсер,wordnet,noun,существительное,6
producing,producing,prəˈdusɪŋ,прэдусин,производство,wordnet,verb,глагол,3
product,product,ˈprɑdəkt,прадэкт,продукт,wordnet,noun,существительное,10
production,production,pərˈdəkʃən,пэрдэкшн,производство,wordnet,noun,существительное,4
productive,productive,pərˈdəktɪv,пэрдэктив,продуктивный,wordnet,adj,прилагательное,3
productivity,productivity,ˌproʊdəkˈtɪvɪti,проудэктивити,производительность,wordnet,noun,существительное,1
professional,professional,prəˈfɛʃənəl,прэфэшнл,профессиональный,wordnet,noun,существительное,1
proficient,proficient,prɑˈfɪʃənt,прафишнт,опытный,wordnet,adj,прилагательное,4
profile,profile,ˈproʊˌfaɪl,проуфайл,профиль,wordnet,noun,существительное,3
profiled,profiled,ˈproʊˌfaɪld,проуфайлд,профилированный,wordnet,verb,глагол,1
profiling,profiling,ˈproʊˌfaɪlɪŋ,проуфайлин,профилирование,wordnet,noun,существительное,7
profit,profit,ˈprɑfɪt,прафит,выгода,wordnet,noun,существительное,2
profitable,profitable,ˈprɑfətəbəl,прафэтэбл,прибыльный,wordnet,adj,прилагательное,1
program,program,ˈproʊˌgræm,проугрэм,программа,wordnet,noun,существительное,330
programmatic,programmatic,ˌprɑgrəˈmætɪk,прагрэмэтик,программный,wordnet,,,3
programmer,programmer,ˈproʊˌgræmər,проугрэмэр,программист,wordnet,noun,существительное,8
programming,programming,ˈproʊˌgræmɪŋ,проугрэмин,программирование,wordnet,noun,существительное,30
progress,progress,ˈprɑˌgrɛs,прагрэс,прогресс,wordnet,noun,существительное,9
progression,progression,prəˈgrɛʃən,прэгрэшн,прогресс,wordnet,noun,существительное,2
prohibitively,prohibitively,proʊˈhɪbətɪvli,проухибэтивли,непомерно,wordnet,adv,наречие,1
project,project,ˈprɑʤɛkt,праджэкт,проект,wordnet,noun,существительное,49
projected,projected,prɑˈʤɛktəd,праджэктэд,прогнозируемый,wordnet,verb,глагол,1
projecting,projecting,prɑˈʤɛktɪŋ,праджэктин,проецирование,wordnet,verb,глагол,1
projection,projection,prɑˈʤɛkʃən,праджэкшн,проекция,wordnet,noun,существительное,1
promise,promise,ˈprɑməs,прамэс,обещать,wordnet,noun,существительное,2
promised,promised,ˈprɑməst,прамэст,обещал,wordnet,verb,глагол,1
promising,promising,ˈprɑməsɪŋ,прамэсин,многообещающий,wordnet,verb,глагол,3
promote,promote,prəˈmoʊt,прэмоут,продвигать,wordnet,verb,глагол,15
promoted,promoted,prəˈmoʊtəd,прэмоутэд,продвинутый,wordnet,verb,глагол,7
promoting,promoting,prəˈmoʊtɪŋ,прэмоутин,продвижение,wordnet,verb,глагол,9
promotion,promotion,pərˈmoʊʃən,пэрмоушн,повышение,wordnet,noun,существительное,5
prompt,prompt,prɑmpt,прампт,быстрый,wordnet,noun,существительное,4
prone,prone,proʊn,проун,склонный,wordnet,adj,прилагательное,1
pronoun,pronoun,ˈproʊnaʊn,проунаун,местоимение,wordnet,noun,существительное,1
pronounced,pronounced,prəˈnaʊnst,прэнаунст,выраженный,wordnet,verb,глагол,1
proof,proof,pruf,пруф,доказательство,wordnet,noun,существительное,3
propagate,propagate,ˈprɑpəˌgeɪt,прапэгэйт,распространять,wordnet,verb,глагол,1
proper,proper,ˈprɑpər,прапэр,правильный,wordnet,adj,прилагательное,6
properly,properly,ˈprɑpərli,прапэрли,правильно,wordnet,adv,наречие,7
property,property,ˈprɑpərti,прапэрти,свойство,wordnet,noun,существительное,9
proportion,proportion,prəˈpɔrʃən,прэпоршн,пропорция,wordnet,noun,существительное,6
proposal,proposal,prəˈpoʊzəl,прэпоузл,предложение,wordnet,noun,существительное,1
propose,propose,prəˈpoʊz,прэпоуз,предлагать,wordnet,verb,глагол,1
proposition,proposition,ˌprɑpəˈzɪʃən,прапэзишн,предложение,wordnet,noun,существительное,1
prose,prose,proʊz,проуз,проза,wordnet,noun,существительное,1
protect,protect,prəˈtɛkt,прэтэкт,защищать,wordnet,verb,глагол,1
protein,protein,ˈproʊˌtin,проутин,белок,wordnet,noun,существительное,43
protocol,protocol,ˈproʊtəˌkɔl,проутэкол,протокол,wordnet,noun,существительное,4
prototype,prototype,ˈproʊtoʊˌtaɪp,проутоутайп,прототип,wordnet,noun,существительное,1
prototyping,prototyping,ˈproʊtoʊˌtaɪpɪŋ,проутоутайпин,прототипирование,wordnet,,,1
proud,proud,praʊd,прауд,гордый,wordnet,adj,прилагательное,1
prove,prove,pruv,прув,доказывать,wordnet,verb,глагол,7
proven,proven,ˈpruvən,прувн,проверенный,wordnet,verb,глагол,1
provide,provide,prəˈvaɪd,прэвайд,предоставлять,wordnet,verb,глагол,116
provided,provided,prəˈvaɪdɪd,прэвайдид,предоставил,wordnet,verb,глагол,54
provider,provider,prəˈvaɪdər,прэвайдэр,поставщик,wordnet,noun,существительное,21
provides,provides,prəˈvaɪdz,прэвайдз,обеспечивает,wordnet,verb,глагол,166
providing,providing,prəˈvaɪdɪŋ,прэвайдин,предоставление,wordnet,verb,глагол,17
provision,provision,prəˈvɪʒən,прэвижн,обеспечение,wordnet,noun,существительное,1
pseudo,pseudo,ˈsudoʊ,судоу,псевдо,wordnet,noun,существительное,1
pub,pub,pəb,пэб,паб,wordnet,noun,существительное,2
public,public,ˈpəblɪk,пэблик,общественный,wordnet,noun,существительное,10
publication,publication,ˌpəblɪˈkeɪʃən,пэбликэйшн,публикация,wordnet,noun,существительное,5
publish,publish,ˈpəblɪʃ,пэблиш,публиковать,wordnet,verb,глагол,1
published,published,ˈpəblɪʃt,пэблишт,опубликовано,wordnet,verb,глагол,1
publisher,publisher,ˈpəblɪʃər,пэблишэр,издатель,wordnet,noun,существительное,5
publishing,publishing,ˈpəblɪʃɪŋ,пэблишин,издательский,wordnet,noun,существительное,1
puff,puff,pəf,пэф,слойка,wordnet,noun,существительное,1
pull,pull,pʊl,пул,тянуть,wordnet,noun,существительное,2
pun,pun,pən,пн,игра слов,wordnet,noun,существительное,4
punch,punch,pənʧ,пнч,ударить кулаком,wordnet,noun,существительное,1
punctuation,punctuation,ˌpəŋkʧuˈeɪʃən,пэнкчуэйшн,пунктуация,wordnet,noun,существительное,17
puppet,puppet,ˈpəpɪt,пэпит,кукольный,wordnet,noun,существительное,1
purchase,purchase,ˈpərʧəs,пэрчэс,покупка,wordnet,noun,существительное,3
pure,pure,pjʊr,пюр,чистый,wordnet,adj,прилагательное,10
purpose,purpose,ˈpərpəs,пэрпэс,цель,wordnet,noun,существительное,26
purposeful,purposeful,ˈpərpəsfəl,пэрпэсфл,целеустремленный,wordnet,adj,прилагательное,1
purposefully,purposefully,ˈpərpəsfəli,пэрпэсфли,целенаправленно,wordnet,adv,наречие,1
push,push,pʊʃ,пуш,толкать,wordnet,noun,существительное,1
put,put,pʊt,пут,помещать,wordnet,noun,существительное,26
putting,putting,ˈpʊtɪŋ,путин,положить,wordnet,noun,существительное,16
puzzle,puzzle,ˈpəzəl,пэзл,головоломка,wordnet,noun,существительное,1
puzzled,puzzled,ˈpəzəld,пэзлд,озадаченный,wordnet,verb,глагол,1
pyre,pyre,paɪər,пайэр,костер,wordnet,noun,существительное,1
qualified,qualified,kˈwɑləˌfaɪd,куалэфайд,квалифицированный,wordnet,verb,глагол,7
qualify,qualify,kˈwɑləˌfaɪ,куалэфай,квалифицироваться,wordnet,verb,глагол,1
qualifying,qualifying,kˈwɑləˌfaɪɪŋ,куалэфайин,квалификационный,wordnet,noun,существительное,1
quality,quality,kˈwɑləti,куалэти,качество,wordnet,noun,существительное,6
quantity,quantity,kˈwɑntəti,куантэти,количество,wordnet,noun,существительное,14
quarter,quarter,kˈwɔrtər,куортэр,четверть,wordnet,noun,существительное,2
quarterly,quarterly,kˈwɔrtərli,куортэрли,ежеквартальный,wordnet,noun,существительное,1
quartile,quartile,kˈwɔrtɪl,куортил,квартиль,wordnet,noun,существительное,3
queried,queried,kˈwɪrid,куирид,запрошенный,wordnet,verb,глагол,4
query,query,kˈwiri,куири,запрос,wordnet,noun,существительное,76
question,question,kˈwɛʃən,куэшн,вопрос,wordnet,noun,существительное,34
queue,queue,kju,кйу,очередь,wordnet,noun,существительное,1
quick,quick,kwɪk,куик,быстрый,wordnet,noun,существительное,23
quickly,quickly,kˈwɪkli,куикли,быстро,wordnet,adv,наречие,14
quite,quite,kwaɪt,куайт,довольно,wordnet,adv,наречие,26
quiver,quiver,kˈwɪvər,куивэр,колчан,wordnet,noun,существительное,1
quota,quota,kˈwoʊtə,куоутэ,квота,wordnet,noun,существительное,3
quotation,quotation,kwoʊˈteɪʃən,куоутэйшн,цитата,wordnet,noun,существительное,4
quote,quote,kwoʊt,куоут,цитировать,wordnet,noun,существительное,12
quoted,quoted,kˈwoʊtɪd,куоутид,цитируется,wordnet,verb,глагол,1
quoting,quoting,kˈwoʊtɪŋ,куоутин,цитирование,wordnet,verb,глагол,5
race,race,reɪs,рэйс,раса,wordnet,noun,существительное,1
rack,rack,ræk,рэк,стойка,wordnet,noun,существительное,1
radio,radio,ˈreɪdiˌoʊ,рэйдиоу,радио,wordnet,noun,существительное,1
radioactive,radioactive,ˌreɪdioʊˈæktɪv,рэйдиоуэктив,радиоактивный,wordnet,adj,прилагательное,7
rainfall,rainfall,ˈreɪnˌfɔl,рэйнфол,осадки,wordnet,noun,существительное,2
raise,raise,reɪz,рэйз,поднимать,wordnet,noun,существительное,11
raised,raised,reɪzd,рэйзд,поднятый,wordnet,verb,глагол,2
ram,ram,ræm,рэм,баран,wordnet,noun,существительное,43
random,random,ˈrændəm,рэндм,случайный,wordnet,adj,прилагательное,3
randomly,randomly,ˈrændəmli,рэндмли,случайно,wordnet,adv,наречие,1
range,range,reɪnʤ,рэйндж,диапазон,wordnet,noun,существительное,62
ranging,ranging,ˈreɪnʤɪŋ,рэйнджин,ранжирование,wordnet,verb,глагол,1
rank,rank,ræŋk,рэнк,классифицировать,wordnet,noun,существительное,98
ranked,ranked,ræŋkt,рэнкт,ранжированный,wordnet,verb,глагол,1
rankine,rankine,ˈræŋˌkaɪn,рэнкайн,ранний,wordnet,noun,существительное,2
ranking,ranking,ˈræŋkɪŋ,рэнкин,рейтинг,wordnet,noun,существительное,37
rapid,rapid,ˈræpɪd,рэпид,стремительный,wordnet,noun,существительное,10
rapidly,rapidly,ˈræpədli,рэпэдли,быстро,wordnet,adv,наречие,4
rare,rare,rɛr,рэр,редкий,wordnet,adj,прилагательное,12
rarely,rarely,ˈrɛrli,рэрли,редко,wordnet,adv,наречие,3
rate,rate,reɪt,рэйт,ставка,wordnet,noun,существительное,41
rather,rather,ˈrəðər,рэзэр,скорее,wordnet,adv,наречие,42
rating,rating,ˈreɪtɪŋ,рэйтин,рейтинг,wordnet,noun,существительное,18
ratio,ratio,ˈreɪʃiˌoʊ,рэйшиоу,соотношение,wordnet,noun,существительное,58
ravioli,ravioli,ˌræviˈoʊli,рэвиоули,равиоли,wordnet,noun,существительное,1
raw,raw,rɑ,ра,сырой,wordnet,noun,существительное,18
razor,razor,ˈreɪzər,рэйзэр,бритва,wordnet,noun,существительное,1
reach,reach,riʧ,рич,достигать,wordnet,noun,существительное,7
reachable,reachable,ˈriʧəbəl,ричэбл,достижимый,wordnet,adj,прилагательное,1
reached,reached,riʧt,ричт,достиг,wordnet,verb,глагол,1
reaching,reaching,ˈriʧɪŋ,ричин,достижение,wordnet,noun,существительное,3
read,read,rɛd,рэд,читать,wordnet,noun,существительное,239
readability,readability,ˌridəˈbɪlɪti,ридэбилити,читабельность,wordnet,noun,существительное,11
readable,readable,ˈridəbəl,ридэбл,читаемый,wordnet,adj,прилагательное,17
reader,reader,ˈridər,ридэр,читатель,wordnet,noun,существительное,20
readily,readily,ˈrɛdəli,рэдли,с готовностью,wordnet,adv,наречие,1
reading,reading,ˈrɛdɪŋ,рэдин,чтение,wordnet,noun,существительное,118
ready,ready,ˈrɛdi,рэди,готовый,wordnet,noun,существительное,45
real,real,ril,рил,настоящий,wordnet,noun,существительное,9
realigning,realigning,riəˈlaɪnɪŋ,риэлайнин,перестройка,wordnet,verb,глагол,1
realistic,realistic,ˌriəˈlɪstɪk,риэлистик,реалистичный,wordnet,adj,прилагательное,1
reality,reality,ˌriˈæləˌti,риэлэти,реальность,wordnet,noun,существительное,2
realize,realize,ˈriəˌlaɪz,рилайз,понимать,wordnet,verb,глагол,2
realized,realized,ˈriəˌlaɪzd,рилайзд,осуществленный,wordnet,verb,глагол,2
realizes,realizes,ˈriəˌlaɪzɪz,рилайзиз,осознает,wordnet,verb,глагол,1
really,really,ˈrɪli,рили,Действительно,wordnet,adv,наречие,17
reap,reap,rip,рип,пожинать,wordnet,verb,глагол,1
rearrange,rearrange,riəreɪnʤ,риэрэйндж,переставить,wordnet,verb,глагол,1
rearranged,rearranged,riəreɪnʤd,риэрэйнджд,переставлен,wordnet,verb,глагол,1
reason,reason,ˈrizən,ризн,причина,wordnet,noun,существительное,28
reasonable,reasonable,ˈrizənəbəl,ризнэбл,разумный,wordnet,adj,прилагательное,5
reasonably,reasonably,ˈrizənəbli,ризнэбли,разумно,wordnet,adv,наречие,2
reasoning,reasoning,ˈrizənɪŋ,ризнин,рассуждение,wordnet,noun,существительное,1
reassembled,reassembled,ˌriəˈsɛmbəld,риэсэмблд,повторно собранный,wordnet,verb,глагол,1
reassigning,reassigning,ˌriəˈsaɪnɪŋ,риэсайнин,переназначение,wordnet,verb,глагол,1
rebecca,rebecca,rəˈbɛkə,рэбэкэ,Ребекка,wordnet,noun,существительное,1
recall,recall,ˈriˌkɔl,рикол,отзывать,wordnet,noun,существительное,28
recap,recap,ˈriˌkæp,рикэп,резюме,wordnet,noun,существительное,1
receive,receive,rɪˈsiv,рисив,получать,wordnet,verb,глагол,3
received,received,rɪˈsivd,рисивд,полученный,wordnet,verb,глагол,2
receiver,receiver,rɪˈsivər,рисивэр,получатель,wordnet,noun,существительное,3
recent,recent,ˈrisənt,риснт,недавний,wordnet,noun,существительное,7
reception,reception,rɪˈsɛpʃən,рисэпшн,прием,wordnet,noun,существительное,1
recheck,recheck,ˈriˈʧɛk,ричэк,перепроверить,wordnet,,,1
recipe,recipe,ˈrɛsəpi,рэсэпи,рецепт,wordnet,noun,существительное,21
recipient,recipient,rɪˈsɪpiənt,рисипинт,получатель,wordnet,noun,существительное,1
recognize,recognize,ˈrɛkəgˌnaɪz,рэкэгнайз,распознавать,wordnet,verb,глагол,10
recognized,recognized,ˈrɛkəgˌnaɪzd,рэкэгнайзд,признанный,wordnet,verb,глагол,2
recognizing,recognizing,ˈrɛkəgˌnaɪzɪŋ,рэкэгнайзин,признание,wordnet,verb,глагол,4
recommend,recommend,ˌrɛkəˈmɛnd,рэкэмэнд,рекомендовать,wordnet,verb,глагол,30
recommended,recommended,ˌrɛkəˈmɛndɪd,рэкэмэндид,рекомендуется,wordnet,verb,глагол,4
recommends,recommends,ˌrɛkəˈmɛndz,рэкэмэндз,рекомендует,wordnet,verb,глагол,1
record,record,ˈrɛkərd,рэкэрд,записывать,wordnet,noun,существительное,480
recorded,recorded,rɪˈkɔrdɪd,рикордид,записано,wordnet,verb,глагол,5
recover,recover,rɪˈkəvər,рикэвэр,восстанавливаться,wordnet,verb,глагол,1
recoverable,recoverable,rɪˈkəvərəbəl,рикэвэрэбл,подлежащий возмещению,wordnet,adj,прилагательное,1
recovery,recovery,rɪˈkəvəri,рикэвэри,восстановление,wordnet,noun,существительное,2
recreate,recreate,ˈrɛkriˌeɪt,рэкриэйт,воссоздать,wordnet,verb,глагол,3
rectangle,rectangle,ˈrɛktæŋgəl,рэктэнгл,прямоугольник,wordnet,noun,существительное,2
recycled,recycled,riˈsaɪkəld,рисайклд,переработанный,wordnet,verb,глагол,1
red,red,rɛd,рэд,красный,wordnet,noun,существительное,9
reduce,reduce,rɪˈdus,ридус,уменьшать,wordnet,verb,глагол,82
reduced,reduced,rɪˈdust,ридуст,уменьшенный,wordnet,verb,глагол,12
reduces,reduces,rɪˈdusɪz,ридусиз,уменьшает,wordnet,verb,глагол,4
reducing,reducing,rɪˈdusɪŋ,ридусин,сокращение,wordnet,noun,существительное,15
reduction,reduction,rɪˈdəkʃən,ридэкшн,снижение,wordnet,noun,существительное,2
redundant,redundant,rɪˈdəndənt,риднднт,избыточный,wordnet,adj,прилагательное,2
refer,refer,rɪˈfər,рифэр,ссылаться,wordnet,verb,глагол,27
reference,reference,ˈrɛfərəns,рэфэрнс,ссылка,wordnet,noun,существительное,22
referenced,referenced,ˈrɛfərənst,рэфэрнст,упоминается,wordnet,verb,глагол,2
referred,referred,rɪˈfərd,рифэрд,переданный,wordnet,verb,глагол,4
referring,referring,rɪˈfərɪŋ,рифэрин,ссылаясь,wordnet,verb,глагол,5
refers,refers,rɪˈfərz,рифэрз,относится,wordnet,verb,глагол,7
refine,refine,rɪˈfaɪn,рифайн,усовершенствовать,wordnet,verb,глагол,2
refinement,refinement,rəˈfaɪnmənt,рэфайнмнт,уточнение,wordnet,noun,существительное,9
reflect,reflect,rɪˈflɛkt,рифлэкт,отражать,wordnet,verb,глагол,5
reflecting,reflecting,rɪˈflɛktɪŋ,рифлэктин,отражающий,wordnet,verb,глагол,1
reflex,reflex,ˈriflɛks,рифлэкс,рефлекс,wordnet,noun,существительное,1
refresher,refresher,rɪˈfrɛʃər,рифрэшэр,повышение квалификации,wordnet,noun,существительное,6
refuse,refuse,ˈrɛfˌjuz,рэфйуз,мусор,wordnet,noun,существительное,1
regard,regard,rɪˈgɑrd,ригард,внимание,wordnet,noun,существительное,1
regarding,regarding,rɪˈgɑrdɪŋ,ригардин,касательно,wordnet,verb,глагол,5
regardless,regardless,rəˈgɑrdləs,рэгардлэс,несмотря ни на что,wordnet,adj,прилагательное,14
regina,regina,rɪˈʤinə,риджинэ,Регина,wordnet,noun,существительное,1
region,region,ˈriʤən,риджн,область,wordnet,noun,существительное,1
regional,regional,ˈriʤənəl,риджнл,региональный,wordnet,adj,прилагательное,1
register,register,ˈrɛʤɪstər,рэджистэр,зарегистрироваться,wordnet,noun,существительное,6
registered,registered,ˈrɛʤɪstərd,рэджистэрд,зарегистрированный,wordnet,verb,глагол,6
registering,registering,ˈrɛʤɪstərɪŋ,рэджистэрин,регистрация,wordnet,verb,глагол,3
regression,regression,rəˈgrɛʃən,рэгрэшн,регресс,wordnet,noun,существительное,27
regular,regular,ˈrɛgjələr,рэгйлэр,обычный,wordnet,noun,существительное,59
regularly,regularly,ˈrɛgjələrli,рэгйлэрли,регулярно,wordnet,adv,наречие,1
reid,reid,rid,рид,Рид,wordnet,noun,существительное,1
reign,reign,reɪn,рэйн,править,wordnet,noun,существительное,1
reigning,reigning,ˈreɪnɪŋ,рэйнин,царствующий,wordnet,verb,глагол,1
reilly,reilly,ˈraɪli,райли,Рейли,wordnet,,,1
reintroduces,reintroduces,ˌriɪntrəˈdusɪz,риинтрэдусиз,вновь вводит,wordnet,verb,глагол,1
reinventing,reinventing,ˌriɪnˈvɛntɪŋ,риинвэнтин,изобретая заново,wordnet,verb,глагол,2
rejoice,rejoice,rɪˈʤɔɪs,риджойс,радоваться,wordnet,verb,глагол,2
related,related,rɪˈleɪtɪd,рилэйтид,связанный,wordnet,verb,глагол,9
relates,relates,rɪˈleɪts,рилэйтс,относится,wordnet,verb,глагол,2
relation,relation,riˈleɪʃən,рилэйшн,связь,wordnet,noun,существительное,6
relational,relational,riˈleɪʃənəl,рилэйшнл,реляционный,wordnet,adj,прилагательное,10
relationship,relationship,riˈleɪʃənˌʃɪp,рилэйшншип,отношение,wordnet,noun,существительное,11
relative,relative,ˈrɛlətɪv,рэлэтив,родственник,wordnet,noun,существительное,3
relatively,relatively,ˈrɛlətɪvli,рэлэтивли,относительно,wordnet,adv,наречие,7
relaxing,relaxing,rɪˈlæksɪŋ,рилэксин,расслабляющий,wordnet,verb,глагол,1
release,release,riˈlis,рилис,выпускать,wordnet,noun,существительное,3
released,released,riˈlist,рилист,выпущенный,wordnet,verb,глагол,2
relevant,relevant,ˈrɛləvənt,рэлэвнт,соответствующий,wordnet,adj,прилагательное,56
reliability,reliability,riˌlaɪəˈbɪləti,рилайэбилэти,надежность,wordnet,noun,существительное,3
reliable,reliable,rɪˈlaɪəbəl,рилайэбл,надежный,wordnet,adj,прилагательное,8
reliance,reliance,rɪˈlaɪəns,рилайнс,доверие,wordnet,noun,существительное,1
relied,relied,rɪˈlaɪd,рилайд,полагался,wordnet,verb,глагол,2
relies,relies,rɪˈlaɪz,рилайз,полагается,wordnet,verb,глагол,8
rely,rely,rɪˈlaɪ,рилай,полагаться,wordnet,verb,глагол,20
relying,relying,riˈlaɪɪŋ,рилайин,полагаясь,wordnet,verb,глагол,8
remain,remain,rɪˈmeɪn,римэйн,оставаться,wordnet,verb,глагол,2
remainder,remainder,rɪˈmeɪndər,римэйндэр,остаток,wordnet,noun,существительное,4
remaining,remaining,rɪˈmeɪnɪŋ,римэйнин,оставшийся,wordnet,verb,глагол,4
remains,remains,rɪˈmeɪnz,римэйнз,останки,wordnet,noun,существительное,1
remarkable,remarkable,rɪˈmɑrkəbəl,римаркэбл,замечательный,wordnet,adj,прилагательное,3
remarkably,remarkably,rɪˈmɑrkəbli,римаркэбли,замечательно,wordnet,adv,наречие,2
remember,remember,rɪˈmɛmbər,римэмбэр,помнить,wordnet,verb,глагол,33
remembering,remembering,rɪˈmɛmbərɪŋ,римэмбэрин,вспоминая,wordnet,noun,существительное,4
reminder,reminder,riˈmaɪndər,римайндэр,напоминание,wordnet,noun,существительное,7
remove,remove,riˈmuv,римув,удалять,wordnet,noun,существительное,49
removed,removed,riˈmuvd,римувд,удаленный,wordnet,verb,глагол,10
removing,removing,riˈmuvɪŋ,римувин,удаление,wordnet,verb,глагол,25
rename,rename,riˈneɪm,ринэйм,переименовывать,wordnet,verb,глагол,15
renaming,renaming,riˈneɪmɪŋ,ринэймин,переименование,wordnet,verb,глагол,26
renata,renata,rəˈnɑtə,рэнатэ,Рената,wordnet,,,1
rendered,rendered,ˈrɛndərd,рэндэрд,оказанный,wordnet,verb,глагол,1
reorder,reorder,riˈɔrdər,риордэр,переупорядочить,wordnet,noun,существительное,3
reordering,reordering,riˈɔrdərɪŋ,риордэрин,изменение порядка,wordnet,noun,существительное,9
reorganize,reorganize,riˈɔrgəˌnaɪz,риоргнайз,реорганизовать,wordnet,verb,глагол,1
reorganizes,reorganizes,riˈɔrgəˌnaɪzɪz,риоргнайзиз,реорганизует,wordnet,verb,глагол,1
reorganizing,reorganizing,riˈɔrgəˌnaɪzɪŋ,риоргнайзин,реорганизация,wordnet,verb,глагол,2
repeat,repeat,rɪˈpit,рипит,повторить,wordnet,noun,существительное,7
repeatable,repeatable,rɪˈpitəbəl,рипитэбл,повторяемый,wordnet,adj,прилагательное,2
repeated,repeated,rɪˈpitɪd,рипитид,повторенный,wordnet,verb,глагол,17
repeatedly,repeatedly,rɪˈpitɪdli,рипитидли,неоднократно,wordnet,adv,наречие,2
repeating,repeating,rɪˈpitɪŋ,рипитин,повторяющийся,wordnet,noun,существительное,1
repertoire,repertoire,ˈrɛpərtˌwɑr,рэпэртуар,репертуар,wordnet,noun,существительное,2
repetition,repetition,ˌrɛpəˈtɪʃən,рэпэтишн,повторение,wordnet,noun,существительное,2
repetitive,repetitive,rɪˈpɛtɪtɪv,рипэтитив,повторяющийся,wordnet,adj,прилагательное,1
replace,replace,ˌriˈpleɪs,риплэйс,заменять,wordnet,verb,глагол,24
replaced,replaced,ˌriˈpleɪst,риплэйст,заменен,wordnet,verb,глагол,5
replacement,replacement,rɪˈpleɪsmənt,риплэйсмнт,замена,wordnet,noun,существительное,4
replaces,replaces,rɪˈpleɪsɪz,риплэйсиз,заменяет,wordnet,verb,глагол,2
replacing,replacing,rɪˈpleɪsɪŋ,риплэйсин,замена,wordnet,noun,существительное,4
replicated,replicated,ˈrɛplɪˌkeɪtɪd,рэпликэйтид,воспроизведенный,wordnet,verb,глагол,2
repo,repo,ˈripoʊ,рипоу,репо,wordnet,,,2
report,report,rɪˈpɔrt,рипорт,отчет,wordnet,noun,существительное,7
reported,reported,ˌriˈpɔrtəd,рипортэд,сообщил,wordnet,verb,глагол,2
reporting,reporting,rɪˈpɔrtɪŋ,рипортин,отчетность,wordnet,noun,существительное,6
repository,repository,riˈpɑzəˌtɔri,рипазэтори,репозиторий,wordnet,noun,существительное,31
represent,represent,ˌrɛprɪˈzɛnt,рэпризэнт,представлять,wordnet,verb,глагол,20
representation,representation,ˌrɛprəzɛnˈteɪʃən,рэпрэзэнтэйшн,представительство,wordnet,noun,существительное,24
representative,representative,ˌrɛprɪˈzɛnətɪv,рэпризэнэтив,представитель,wordnet,noun,существительное,2
represented,represented,ˌrɛprɪˈzɛnɪd,рэпризэнид,представленный,wordnet,verb,глагол,18
representing,representing,ˌrɛprɪˈzɛnɪŋ,рэпризэнин,представляющий,wordnet,verb,глагол,19
represents,represents,ˌrɛprɪˈzɛnts,рэпризэнтс,представляет,wordnet,verb,глагол,19
reproduce,reproduce,ˌriprəˈdus,рипрэдус,воспроизводить,wordnet,verb,глагол,8
reproduced,reproduced,ˌriprəˈdust,рипрэдуст,воспроизведенный,wordnet,verb,глагол,7
reproduces,reproduces,ˌriprəˈdusɪz,рипрэдусиз,воспроизводит,wordnet,verb,глагол,3
reproducing,reproducing,ˌriprəˈdusɪŋ,рипрэдусин,воспроизведение,wordnet,verb,глагол,4
request,request,rɪkˈwɛst,рикуэст,запрос,wordnet,noun,существительное,4
require,require,ˌrikˈwaɪər,рикуайэр,требовать,wordnet,verb,глагол,8
required,required,rikˈwaɪərd,рикуайэрд,необходимый,wordnet,verb,глагол,7
requirement,requirement,rɪkˈwaɪrmənt,рикуайрмнт,требование,wordnet,noun,существительное,4
requires,requires,rikˈwaɪərz,рикуайэрз,требует,wordnet,verb,глагол,17
requiring,requiring,rikˈwaɪərɪŋ,рикуайэрин,требующий,wordnet,verb,глагол,3
reread,reread,ˈriˈrid,ририд,перечитать,wordnet,verb,глагол,1
rerun,rerun,ˈriˈrən,рирн,повторный показ,wordnet,noun,существительное,1
rescue,rescue,ˈrɛskju,рэскйу,спасать,wordnet,noun,существительное,1
research,research,ˈrisərʧ,рисэрч,исследовать,wordnet,noun,существительное,1
reserve,reserve,rɪˈzərv,ризэрв,бронировать,wordnet,noun,существительное,3
reserved,reserved,rɪˈzərvd,ризэрвд,сдержанный,wordnet,verb,глагол,9
reserving,reserving,rɪˈzərvɪŋ,ризэрвин,резервирование,wordnet,verb,глагол,2
reset,reset,ˈrisɛt,рисэт,перезагрузить,wordnet,noun,существительное,1
reshape,reshape,riˈʃeɪp,ришэйп,изменить форму,wordnet,verb,глагол,4
reshaping,reshaping,riˈʃeɪpɪŋ,ришэйпин,изменение формы,wordnet,verb,глагол,3
reside,reside,rɪˈzaɪd,ризайд,проживать,wordnet,verb,глагол,2
resides,resides,rɪˈzaɪdz,ризайдз,проживает,wordnet,verb,глагол,1
resiliency,resiliency,rɪˈzɪljənsi,ризилйнси,устойчивость,wordnet,noun,существительное,5
resilient,resilient,rɪˈzɪljənt,ризилйнт,устойчивый,wordnet,adj,прилагательное,12
resolution,resolution,ˌrɛzəˈluʃən,рэзэлушн,разрешение,wordnet,noun,существительное,3
resolve,resolve,riˈzɑlv,ризалв,решать,wordnet,noun,существительное,10
resolving,resolving,riˈzɑlvɪŋ,ризалвин,разрешение,wordnet,noun,существительное,1
resort,resort,rɪˈzɔrt,ризорт,прибегнуть,wordnet,noun,существительное,3
resorting,resorting,rɪˈzɔrtɪŋ,ризортин,прибегая к помощи,wordnet,verb,глагол,3
resource,resource,ˈrisɔrs,рисорс,ресурс,wordnet,noun,существительное,41
respect,respect,rɪˈspɛkt,риспэкт,уважать,wordnet,noun,существительное,4
respected,respected,rɪˈspɛktɪd,риспэктид,уважаемый,wordnet,verb,глагол,1
respective,respective,rɪˈspɛktɪv,риспэктив,соответствующий,wordnet,adj,прилагательное,1
respectively,respectively,rɪˈspɛktɪvli,риспэктивли,соответственно,wordnet,adv,наречие,14
responsibility,responsibility,riˌspɑnsəˈbɪləti,риспансэбилэти,ответственность,wordnet,noun,существительное,5
responsible,responsible,riˈspɑnsəbəl,риспансэбл,ответственный,wordnet,adj,прилагательное,5
rest,rest,rɛst,рэст,отдых,wordnet,noun,существительное,32
restage,restage,riˈsteɪʤ,ристэйдж,перестановка,wordnet,,,1
restart,restart,riˈstɑrt,ристарт,перезапуск,wordnet,verb,глагол,1
restarting,restarting,riˈstɑrtɪŋ,ристартин,перезапуск,wordnet,verb,глагол,1
restrict,restrict,riˈstrɪkt,ристрикт,ограничивать,wordnet,verb,глагол,1
restricting,restricting,riˈstrɪktɪŋ,ристриктин,ограничивающий,wordnet,verb,глагол,1
restriction,restriction,riˈstrɪkʃən,ристрикшн,ограничение,wordnet,noun,существительное,1
restrictive,restrictive,riˈstrɪktɪv,ристриктив,ограничительный,wordnet,adj,прилагательное,1
result,result,rɪˈzəlt,ризлт,результат,wordnet,noun,существительное,250
resulted,resulted,rɪˈzəltɪd,ризлтид,привел,wordnet,verb,глагол,1
resulting,resulting,rɪˈzəltɪŋ,ризлтин,в результате,wordnet,verb,глагол,40
retail,retail,ˈriˌteɪl,ритэйл,розничная торговля,wordnet,noun,существительное,1
retraining,retraining,riˈtreɪnɪŋ,ритрэйнин,переподготовка,wordnet,noun,существительное,1
retrieval,retrieval,rɪˈtrivəl,ритривл,поиск,wordnet,noun,существительное,3
retrieved,retrieved,riˈtrivd,ритривд,получен,wordnet,verb,глагол,1
retrieving,retrieving,riˈtrivɪŋ,ритривин,получение,wordnet,verb,глагол,5
return,return,rɪˈtərn,ритэрн,возвращаться,wordnet,noun,существительное,321
returned,returned,rɪˈtərnd,ритэрнд,вернулся,wordnet,verb,глагол,11
returning,returning,rɪˈtərnɪŋ,ритэрнин,возвращение,wordnet,verb,глагол,15
reusable,reusable,riˈuzəbəl,риузэбл,многоразовый,wordnet,adj,прилагательное,2
reuse,reuse,riˈjuz,рийуз,повторное использование,wordnet,verb,глагол,14
reusing,reusing,riˈjuzɪŋ,рийузин,повторное использование,wordnet,verb,глагол,1
reveals,reveals,rɪˈvilz,ривилз,раскрывает,wordnet,verb,глагол,1
reverse,reverse,rɪˈvərs,ривэрс,обеспечить регресс,wordnet,noun,существительное,4
review,review,ˌrivˈju,ривйу,обзор,wordnet,noun,существительное,40
reviewed,reviewed,rivˈjud,ривйуд,рассмотрено,wordnet,verb,глагол,4
reviewer,reviewer,rivˈjuər,ривйуэр,рецензент,wordnet,noun,существительное,1
reviewing,reviewing,rivˈjuɪŋ,ривйуин,рассмотрение,wordnet,verb,глагол,9
revisit,revisit,riˈvɪzɪt,ривизит,пересмотреть,wordnet,verb,глагол,3
revisited,revisited,riˈvɪzətɪd,ривизэтид,пересмотренный,wordnet,verb,глагол,1
revisits,revisits,riˈvɪzɪts,ривизитс,пересматривает,wordnet,verb,глагол,1
revolution,revolution,ˌrɛvəˈluʃən,рэвэлушн,революция,wordnet,noun,существительное,1
revolve,revolve,riˈvɑlv,ривалв,вращаться,wordnet,verb,глагол,1
revolved,revolved,riˈvɑlvd,ривалвд,вращался,wordnet,verb,глагол,1
revolves,revolves,riˈvɑlvz,ривалвз,вращается,wordnet,verb,глагол,2
reworked,reworked,riˈwərkt,риуэркт,переработанный,wordnet,verb,глагол,1
rewrite,rewrite,ˈriˌraɪt,рирайт,переписать,wordnet,noun,существительное,6
rewriting,rewriting,riˈraɪtɪŋ,рирайтин,переписывание,wordnet,noun,существительное,3
rewritten,rewritten,riˈrɪtən,риритн,переписан,wordnet,verb,глагол,1
rich,rich,rɪʧ,рич,богатый,wordnet,noun,существительное,5
richards,richards,ˈrɪʧərdz,ричэрдз,Ричардс,wordnet,noun,существительное,1
richer,richer,ˈrɪʧər,ричэр,богаче,wordnet,adj,прилагательное,1
rid,rid,rɪd,рид,избавлять,wordnet,verb,глагол,5
ridiculous,ridiculous,rɪˈdɪkjələs,ридикйлэс,нелепый,wordnet,adj,прилагательное,1
right,right,raɪt,райт,верно,wordnet,noun,существительное,158
rigid,rigid,ˈrɪʤɪd,риджид,жесткий,wordnet,adj,прилагательное,3
rinehart,rinehart,ˈraɪnˌhɑrt,райнхарт,Райнхарт,wordnet,,,1
rioux,rioux,ru,ру,Риу,wordnet,,,5
rise,rise,raɪz,райз,рост,wordnet,noun,существительное,1
risk,risk,rɪsk,риск,риск,wordnet,noun,существительное,6
road,road,roʊd,роуд,дорога,wordnet,noun,существительное,4
roast,roast,roʊst,роуст,жарить,wordnet,noun,существительное,2
rob,rob,rɑb,раб,грабить,wordnet,verb,глагол,1
robert,robert,ˈrɑbərt,рабэрт,Роберт,wordnet,noun,существительное,3
robin,robin,ˈrɑbɪn,рабин,Робин,wordnet,noun,существительное,1
robust,robust,roʊˈbəst,роубэст,крепкий,wordnet,adj,прилагательное,34
robustness,robustness,roʊˈbəstnəs,роубэстнэс,надежность,wordnet,noun,существительное,7
roc,roc,rɑk,рак,Рок,wordnet,noun,существительное,28
rock,rock,rɑk,рак,камень,wordnet,noun,существительное,1
rod,rod,rɑd,рад,стержень,wordnet,noun,существительное,1
rogers,rogers,ˈrɑʤərz,раджэрз,Роджерс,wordnet,noun,существительное,2
rogue,rogue,roʊg,роуг,негодяй,wordnet,noun,существительное,3
role,role,roʊl,роул,роль,wordnet,noun,существительное,6
rolling,rolling,ˈroʊlɪŋ,роулин,прокатка,wordnet,noun,существительное,2
roman,roman,ˈroʊmən,роумн,римский,wordnet,noun,существительное,1
room,room,rum,рум,комната,wordnet,noun,существительное,3
root,root,rut,рут,корень,wordnet,noun,существительное,47
rope,rope,roʊp,роуп,веревка,wordnet,noun,существительное,1
rosetta,rosetta,roʊˈzɛtə,роузэтэ,розетта,wordnet,,,3
rough,rough,rəf,рэф,грубый,wordnet,noun,существительное,1
round,round,raʊnd,раунд,круглый,wordnet,noun,существительное,4
route,route,rut,рут,маршрут,wordnet,noun,существительное,1
routine,routine,ruˈtin,рутин,рутина,wordnet,noun,существительное,3
routing,routing,ˈrutɪŋ,рутин,маршрутизация,wordnet,verb,глагол,1
row,row,roʊ,роу,ряд,wordnet,noun,существительное,212
rug,rug,rəg,рэг,коврик,wordnet,noun,существительное,1
rule,rule,rul,рул,правило,wordnet,noun,существительное,17
rumble,rumble,ˈrəmbəl,рмбл,гул,wordnet,noun,существительное,1
run,run,rən,рн,бегать,wordnet,noun,существительное,53
running,running,ˈrənɪŋ,рнин,бег,wordnet,noun,существительное,35
russian,russian,ˈrəʃən,рэшн,русский,wordnet,noun,существительное,1
rye,rye,raɪ,рай,рожь,wordnet,noun,существительное,1
safe,safe,seɪf,сэйф,безопасный,wordnet,noun,существительное,3
safeguard,safeguard,ˈseɪfˌgɑrd,сэйфгард,охранять,wordnet,noun,существительное,1
safeguarding,safeguarding,ˈseɪfˌgɑrdɪŋ,сэйфгардин,защита,wordnet,verb,глагол,1
safer,safer,ˈseɪfər,сэйфэр,безопаснее,wordnet,adj,прилагательное,5
safety,safety,ˈseɪfti,сэйфти,безопасность,wordnet,noun,существительное,1
said,said,sɛd,сэд,сказал,wordnet,verb,глагол,7
saint,saint,seɪnt,сэйнт,святой,wordnet,noun,существительное,1
sale,sale,seɪl,сэйл,распродажа,wordnet,noun,существительное,1
salty,salty,ˈsɔlti,солти,соленый,wordnet,adj,прилагательное,1
sam,sam,sæm,сэм,Сэм,wordnet,noun,существительное,1
sample,sample,ˈsæmpəl,сэмпл,образец,wordnet,noun,существительное,73
sane,sane,seɪn,сэйн,в здравом уме,wordnet,adj,прилагательное,2
sanitize,sanitize,ˈsænɪˌtaɪz,сэнитайз,дезинфицировать,wordnet,verb,глагол,4
sanitized,sanitized,ˈsænɪˌtaɪzd,сэнитайзд,продезинфицированный,wordnet,verb,глагол,1
sanitizing,sanitizing,ˈsænəˌtaɪzɪŋ,сэнэтайзин,дезинфекция,wordnet,verb,глагол,2
sanity,sanity,ˈsænəti,сэнэти,здравомыслие,wordnet,noun,существительное,4
satisfied,satisfied,ˈsætɪsˌfaɪd,сэтисфайд,удовлетворен,wordnet,verb,глагол,1
satisfies,satisfies,ˈsætɪsˌfaɪz,сэтисфайз,удовлетворяет,wordnet,verb,глагол,1
satisfy,satisfy,ˈsætɪsˌfaɪ,сэтисфай,удовлетворить,wordnet,verb,глагол,1
satisfying,satisfying,ˈsætɪsˌfaɪɪŋ,сэтисфайин,удовлетворяющий,wordnet,verb,глагол,3
sauce,sauce,sɔs,сос,соус,wordnet,noun,существительное,1
sausage,sausage,ˈsɔsɪʤ,сосидж,колбаса,wordnet,noun,существительное,1
save,save,seɪv,сэйв,сохранять,wordnet,noun,существительное,17
saving,saving,ˈseɪvɪŋ,сэйвин,экономия,wordnet,noun,существительное,1
savvy,savvy,ˈsævi,сэви,сообразительный,wordnet,noun,существительное,3
saw,saw,sɔ,со,пила,wordnet,noun,существительное,36
say,say,seɪ,сэй,сказать,wordnet,noun,существительное,21
saying,saying,seɪɪŋ,сэйин,говоря,wordnet,noun,существительное,3
scalable,scalable,ˈskeɪləbəl,скэйлэбл,масштабируемый,wordnet,adj,прилагательное,3
scalar,scalar,ˈskeɪlər,скэйлэр,скаляр,wordnet,noun,существительное,46
scale,scale,skeɪl,скэйл,шкала,wordnet,noun,существительное,57
scaled,scaled,skeɪld,скэйлд,масштабированный,wordnet,verb,глагол,23
scaling,scaling,ˈskeɪlɪŋ,скэйлин,масштабирование,wordnet,noun,существительное,45
scan,scan,skæn,скэн,сканировать,wordnet,noun,существительное,7
scenario,scenario,sɪˈnɛrioʊ,синэриоу,сценарий,wordnet,noun,существительное,13
schedule,schedule,ˈskɛʤʊl,скэджул,расписание,wordnet,noun,существительное,19
scheduled,scheduled,ˈskɛʤʊld,скэджулд,запланировано,wordnet,verb,глагол,1
schema,schema,ˈskimə,скимэ,схема,wordnet,noun,существительное,224
schematic,schematic,skɪˈmætɪk,скимэтик,схематический,wordnet,noun,существительное,1
scheme,scheme,skim,ским,схема,wordnet,noun,существительное,1
school,school,skul,скул,школа,wordnet,noun,существительное,3
science,science,saɪəns,сайнс,наука,wordnet,noun,существительное,13
scientific,scientific,ˌsaɪənˈtɪfɪk,сайнтифик,научный,wordnet,adj,прилагательное,1
scientist,scientist,ˈsaɪəntɪst,сайнтист,учёный,wordnet,noun,существительное,15
scope,scope,skoʊp,скоуп,объем,wordnet,noun,существительное,8
score,score,skɔr,скор,счет,wordnet,noun,существительное,3
scoring,scoring,ˈskɔrɪŋ,скорин,подсчет очков,wordnet,noun,существительное,1
scrap,scrap,skræp,скрэп,металлолом,wordnet,noun,существительное,1
scratch,scratch,skræʧ,скрэч,царапать,wordnet,noun,существительное,11
screen,screen,skrin,скрин,экран,wordnet,noun,существительное,17
script,script,skrɪpt,скрипт,сценарий,wordnet,noun,существительное,13
scripted,scripted,ˈskrɪptɪd,скриптид,сценарий,wordnet,verb,глагол,5
scroll,scroll,skroʊl,скроул,прокрутка,wordnet,noun,существительное,1
seaborn,seaborn,ˈsibərn,сибэрн,рожденный в море,wordnet,,,1
seafood,seafood,ˈsiˌfud,сифуд,морепродукты,wordnet,noun,существительное,1
seagate,seagate,ˈsiˌgeɪt,сигэйт,Сигейт,wordnet,,,1
seamlessly,seamlessly,ˈsimləsli,симлэсли,плавно,wordnet,,,22
search,search,sərʧ,сэрч,поиск,wordnet,noun,существительное,12
searching,searching,ˈsərʧɪŋ,сэрчин,идет поиск,wordnet,verb,глагол,2
season,season,ˈsizən,сизн,сезон,wordnet,noun,существительное,8
seasoned,seasoned,ˈsizənd,сизнд,опытный,wordnet,verb,глагол,1
seat,seat,sit,сит,сиденье,wordnet,noun,существительное,1
second,second,ˈsɛkənd,сэкнд,второй,wordnet,noun,существительное,148
secret,secret,ˈsikrɪt,сикрит,секрет,wordnet,noun,существительное,11
section,section,ˈsɛkʃən,сэкшн,раздел,wordnet,noun,существительное,459
sector,sector,ˈsɛktər,сэктэр,сектор,wordnet,noun,существительное,1
secure,secure,sɪˈkjʊr,сикюр,безопасный,wordnet,verb,глагол,3
security,security,sɪˈkjʊrəti,сикюрэти,безопасность,wordnet,noun,существительное,1
seductive,seductive,sɪˈdəktɪv,сидэктив,соблазнительный,wordnet,adj,прилагательное,1
see,see,si,си,видеть,wordnet,noun,существительное,275
seed,seed,sid,сид,семя,wordnet,noun,существительное,5
seeing,seeing,siɪŋ,сиин,видя,wordnet,noun,существительное,6
seek,seek,sik,сик,искать,wordnet,noun,существительное,1
seeking,seeking,ˈsikɪŋ,сикин,ищу,wordnet,noun,существительное,1
seem,seem,sim,сим,казаться,wordnet,verb,глагол,5
seemingly,seemingly,ˈsimɪŋli,симинли,по-видимому,wordnet,adv,наречие,5
seems,seems,simz,симз,кажется,wordnet,verb,глагол,14
seen,seen,sin,син,видимый,wordnet,verb,глагол,36
segment,segment,ˌsɛgˈmɛnt,сэгмэнт,сегмент,wordnet,noun,существительное,5
seldom,seldom,ˈsɛldəm,сэлдм,редко,wordnet,adv,наречие,3
select,select,səˈlɛkt,сэлэкт,выбирать,wordnet,verb,глагол,370
selected,selected,səˈlɛktɪd,сэлэктид,выбрано,wordnet,verb,глагол,10
selecting,selecting,səˈlɛktɪŋ,сэлэктин,выбор,wordnet,verb,глагол,49
selection,selection,səˈlɛkʃən,сэлэкшн,выбор,wordnet,noun,существительное,9
selects,selects,səˈlɛkts,сэлэктс,выбирает,wordnet,verb,глагол,2
self,self,sɛlf,сэлф,себя,wordnet,noun,существительное,132
sell,sell,sɛl,сэл,продавать,wordnet,noun,существительное,1
seller,seller,ˈsɛlər,сэлэр,продавец,wordnet,noun,существительное,1
selling,selling,ˈsɛlɪŋ,сэлин,продажа,wordnet,noun,существительное,1
semantics,semantics,sɪˈmæntɪks,симэнтикс,семантика,wordnet,noun,существительное,1
semi,semi,ˈsɛmi,сэми,полуфабрикат,wordnet,noun,существительное,18
send,send,sɛnd,сэнд,отправлять,wordnet,verb,глагол,1
sending,sending,ˈsɛndɪŋ,сэндин,отправка,wordnet,noun,существительное,1
sends,sends,sɛndz,сэндз,отправляет,wordnet,verb,глагол,2
sense,sense,sɛns,сэнс,смысл,wordnet,noun,существительное,38
sensible,sensible,ˈsɛnsəbəl,сэнсэбл,разумный,wordnet,adj,прилагательное,1
sensitive,sensitive,ˈsɛnsɪtɪv,сэнситив,чувствительный,wordnet,noun,существительное,2
sensitivity,sensitivity,ˌsɛnsɪˈtɪvɪti,сэнситивити,чувствительность,wordnet,noun,существительное,1
sent,sent,sɛnt,сэнт,отправил,wordnet,noun,существительное,8
sentence,sentence,ˈsɛntəns,сэнтнс,предложение,wordnet,noun,существительное,15
sep,sep,ˈɛˈsiˈpi,эсипи,сентябрь,wordnet,noun,существительное,19
separate,separate,ˈsɛpərˌeɪt,сэпэрэйт,отдельный,wordnet,noun,существительное,11
separated,separated,ˈsɛpərˌeɪtɪd,сэпэрэйтид,разделенный,wordnet,verb,глагол,10
separately,separately,ˈsɛpərətli,сэпэрэтли,отдельно,wordnet,adv,наречие,1
separating,separating,ˈsɛpərˌeɪtɪŋ,сэпэрэйтин,разделяющий,wordnet,verb,глагол,5
separation,separation,ˌsɛpərˈeɪʃən,сэпэрэйшн,разделение,wordnet,noun,существительное,4
sequence,sequence,ˈsikwəns,сикунс,последовательность,wordnet,noun,существительное,5
sequential,sequential,səkˈwɛnʃəl,сэкуэншл,последовательный,wordnet,adj,прилагательное,2
sequentially,sequentially,səkˈwɛnʃəli,сэкуэншли,последовательно,wordnet,adv,наречие,1
serf,serf,sərf,сэрф,крепостной,wordnet,noun,существительное,6
sergei,sergei,ˈsɛrˌgeɪ,сэргэй,Сергей,wordnet,,,1
sergey,sergey,ˈsɛrʤi,сэрджи,Сергей,wordnet,,,1
sergio,sergio,ˈsərˌʤjoʊ,сэрджйоу,Серхио,wordnet,,,1
serial,serial,ˈsɪˌriəl,сирил,сериал,wordnet,noun,существительное,8
serialize,serialize,ˈsɪˌriəˌlaɪz,сирилайз,сериализовать,wordnet,verb,глагол,4
serialized,serialized,ˈsɪˌriəˌlaɪzd,сирилайзд,сериализованный,wordnet,verb,глагол,5
series,series,ˈsɪriz,сириз,ряд,wordnet,noun,существительное,227
seriousness,seriousness,ˈsɪriəsnəs,сириэснэс,серьезность,wordnet,noun,существительное,1
serve,serve,sərv,сэрв,служить,wordnet,noun,существительное,7
served,served,sərvd,сэрвд,служил,wordnet,verb,глагол,1
server,server,ˈsərvər,сэрвэр,сервер,wordnet,noun,существительное,5
service,service,ˈsərvɪs,сэрвис,услуга,wordnet,noun,существительное,18
serviceable,serviceable,ˈsərvəsəbəl,сэрвэсэбл,исправный,wordnet,adj,прилагательное,1
sesame,sesame,ˈsɛsəmi,сэсми,кунжут,wordnet,noun,существительное,11
session,session,ˈsɛʃən,сэшн,сессия,wordnet,noun,существительное,6
set,set,sɛt,сэт,набор,wordnet,noun,существительное,303
setter,setter,ˈsɛtər,сэтэр,сеттер,wordnet,noun,существительное,40
setting,setting,ˈsɛtɪŋ,сэтин,параметр,wordnet,noun,существительное,64
settled,settled,ˈsɛtəld,сэтлд,поселился,wordnet,verb,глагол,1
setup,setup,ˈsɛˌtəp,сэтэп,настраивать,wordnet,noun,существительное,5
seven,seven,ˈsɛvən,сэвн,Семь,wordnet,noun,существительное,4
seventh,seventh,ˈsɛvənθ,сэвнс,седьмой,wordnet,noun,существительное,1
shadow,shadow,ˈʃæˌdoʊ,шэдоу,тень,wordnet,noun,существительное,1
shall,shall,ʃæl,шэл,должен,wordnet,,,1
shame,shame,ʃeɪm,шэйм,стыд,wordnet,noun,существительное,2
shape,shape,ʃeɪp,шэйп,форма,wordnet,noun,существительное,9
shaping,shaping,ˈʃeɪpɪŋ,шэйпин,формирование,wordnet,noun,существительное,1
share,share,ʃɛr,шэр,делиться,wordnet,noun,существительное,14
shared,shared,ʃɛrd,шэрд,общий,wordnet,verb,глагол,5
sharing,sharing,ˈʃɛrɪŋ,шэрин,делиться,wordnet,noun,существительное,2
shedding,shedding,ˈʃɛdɪŋ,шэдин,линять,wordnet,noun,существительное,1
shell,shell,ʃɛl,шэл,оболочка,wordnet,noun,существительное,61
shelter,shelter,ˈʃɛltər,шэлтэр,приют,wordnet,noun,существительное,3
sherlock,sherlock,ˈʃərˌlɑk,шэрлак,Шерлок,wordnet,noun,существительное,2
shift,shift,ʃɪft,шифт,сдвиг,wordnet,noun,существительное,1
shine,shine,ʃaɪn,шайн,светить,wordnet,noun,существительное,4
short,short,ʃɔrt,шорт,короткий,wordnet,noun,существительное,12
shortage,shortage,ˈʃɔrtɪʤ,шортидж,нехватка,wordnet,noun,существительное,1
shortcoming,shortcoming,ˈʃɔrtˌkəmɪŋ,шорткмин,недостаток,wordnet,noun,существительное,1
shortcut,shortcut,ˈʃɔrtˌkət,шорткэт,ярлык,wordnet,noun,существительное,1
shorter,shorter,ˈʃɔrtər,шортэр,короче,wordnet,adj,прилагательное,3
shorthand,shorthand,ˈʃɔrˌthænd,шортхэнд,стенография,wordnet,noun,существительное,1
shot,shot,ʃɑt,шат,выстрелил,wordnet,noun,существительное,1
shotts,shotts,ʃɑts,шатс,выстрелы,wordnet,,,1
shoulder,shoulder,ˈʃoʊldər,шоулдэр,плечо,wordnet,noun,существительное,1
shout,shout,ʃaʊt,шаут,кричать,wordnet,noun,существительное,2
show,show,ʃoʊ,шоу,показывать,wordnet,noun,существительное,407
showcase,showcase,ˈʃoʊˌkeɪs,шоукэйс,витрина,wordnet,noun,существительное,4
showcased,showcased,ˈʃoʊˌkeɪst,шоукэйст,продемонстрирован,wordnet,,,1
showcasing,showcasing,ˈʃoʊkeɪsɪŋ,шоукэйсин,демонстрация,wordnet,,,2
showed,showed,ʃoʊd,шоуд,показал,wordnet,verb,глагол,3
showing,showing,ʃoʊɪŋ,шоуин,показывая,wordnet,noun,существительное,69
shown,shown,ʃoʊn,шоун,показано,wordnet,verb,глагол,20
shrink,shrink,ʃrɪŋk,шринк,сокращать,wordnet,noun,существительное,2
shuffle,shuffle,ˈʃəfəl,шэфл,перетасовать,wordnet,noun,существительное,15
shuffled,shuffled,ˈʃəfəld,шэфлд,перетасованный,wordnet,verb,глагол,3
shuffling,shuffling,ˈʃəˈfʊlɪŋ,шэфулин,перетасовка,wordnet,noun,существительное,3
shut,shut,ʃət,шэт,закрыть,wordnet,verb,глагол,2
sibling,sibling,ˈsɪblɪŋ,сиблин,брат или сестра,wordnet,noun,существительное,1
side,side,saɪd,сайд,сторона,wordnet,noun,существительное,16
sidebar,sidebar,ˈsaɪdˌbɑr,сайдбар,боковая панель,wordnet,noun,существительное,11
sidetracked,sidetracked,ˈsaɪdˌtrækt,сайдтрэкт,отвлеченный,wordnet,verb,глагол,1
sign,sign,saɪn,сайн,знак,wordnet,noun,существительное,14
signal,signal,ˈsɪgnəl,сигнл,сигнал,wordnet,noun,существительное,4
signaling,signaling,ˈsɪgnəlɪŋ,сигнлин,сигнализация,wordnet,noun,существительное,3
signature,signature,ˈsɪgnəʧər,сигнэчэр,подпись,wordnet,noun,существительное,23
significant,significant,sɪgˈnɪfɪkənt,сигнификнт,значительный,wordnet,adj,прилагательное,7
significantly,significantly,sɪgˈnɪfɪkəntli,сигнификнтли,существенно,wordnet,adv,наречие,2
silicon,silicon,ˈsɪləkən,силэкн,кремний,wordnet,noun,существительное,22
silver,silver,ˈsɪlvər,силвэр,серебро,wordnet,noun,существительное,3
similar,similar,ˈsɪmələr,симлэр,похожий,wordnet,adj,прилагательное,33
similarity,similarity,ˌsɪməˈlɛrəti,симэлэрэти,сходство,wordnet,noun,существительное,5
similarly,similarly,ˈsɪmələrli,симлэрли,сходным образом,wordnet,adv,наречие,1
simon,simon,ˈsaɪmən,саймн,Саймон,wordnet,noun,существительное,1
simple,simple,ˈsɪmpəl,симпл,простой,wordnet,noun,существительное,151
simpler,simpler,ˈsɪmpələr,симплэр,проще,wordnet,adj,прилагательное,3
simplest,simplest,ˈsɪmpləst,симплэст,самый простой,wordnet,adj,прилагательное,11
simplicity,simplicity,sɪmˈplɪsɪti,симплисити,простота,wordnet,noun,существительное,2
simplified,simplified,ˈsɪmpləˌfaɪd,симплэфайд,упрощенный,wordnet,verb,глагол,17
simplifies,simplifies,ˈsɪmpləˌfaɪz,симплэфайз,упрощает,wordnet,verb,глагол,1
simplify,simplify,ˈsɪmpləˌfaɪ,симплэфай,упрощать,wordnet,verb,глагол,17
simplifying,simplifying,ˈsɪmpləˌfaɪɪŋ,симплэфайин,упрощение,wordnet,verb,глагол,23
simply,simply,ˈsɪmpli,симпли,просто,wordnet,adv,наречие,36
simulate,simulate,ˈsɪmjəˌleɪt,симйлэйт,моделировать,wordnet,verb,глагол,1
since,since,sɪns,синс,с,wordnet,,,183
single,single,ˈsɪŋgəl,сингл,одинокий,wordnet,noun,существительное,160
singular,singular,ˈsɪŋgjələr,сингйлэр,единственное число,wordnet,noun,существительное,6
sink,sink,sɪŋk,синк,раковина,wordnet,noun,существительное,1
sister,sister,ˈsɪstər,систэр,сестра,wordnet,noun,существительное,1
sit,sit,sɪt,сит,сидеть,wordnet,verb,глагол,4
site,site,saɪt,сайт,сайт,wordnet,noun,существительное,3
sits,sits,sɪts,ситс,сидит,wordnet,verb,глагол,5
sitting,sitting,ˈsɪtɪŋ,ситин,сидит,wordnet,noun,существительное,5
situation,situation,ˌsɪʧuˈeɪʃən,сичуэйшн,ситуация,wordnet,noun,существительное,8
six,six,sɪks,сикс,шесть,wordnet,noun,существительное,7
size,size,saɪz,сайз,размер,wordnet,noun,существительное,39
skill,skill,skɪl,скил,навык,wordnet,noun,существительное,6
skim,skim,skɪm,ским,просматривать,wordnet,noun,существительное,1
skimp,skimp,skɪmp,скимп,экономить,wordnet,verb,глагол,1
skin,skin,skɪn,скин,кожа,wordnet,noun,существительное,1
skip,skip,skɪp,скип,пропускать,wordnet,noun,существительное,10
skipping,skipping,ˈskɪpɪŋ,скипин,пропуск,wordnet,verb,глагол,2
slack,slack,slæk,слэк,слабый,wordnet,noun,существительное,1
slash,slash,slæʃ,слэш,косая черта,wordnet,noun,существительное,3
sleep,sleep,slip,слип,спать,wordnet,noun,существительное,3
sleepless,sleepless,sˈlipləs,слиплэс,бессонный,wordnet,adj,прилагательное,1
slew,slew,slu,слу,убил,wordnet,noun,существительное,1
slice,slice,slaɪs,слайс,кусочек,wordnet,noun,существительное,6
slicing,slicing,sˈlaɪsɪŋ,слайсин,нарезка,wordnet,noun,существительное,3
sliding,sliding,sˈlaɪdɪŋ,слайдин,скользящий,wordnet,verb,глагол,2
slight,slight,slaɪt,слайт,легкий,wordnet,noun,существительное,1
slightly,slightly,sˈlaɪtli,слайтли,немного,wordnet,adv,наречие,9
slope,slope,sloʊp,слоуп,склон,wordnet,noun,существительное,6
sloppy,sloppy,sˈlɑpi,слапи,небрежный,wordnet,adj,прилагательное,1
slot,slot,slɑt,слат,слот,wordnet,noun,существительное,4
slow,slow,sloʊ,слоу,медленный,wordnet,verb,глагол,6
slowdown,slowdown,sˈloʊˌdaʊn,слоудаун,замедлять,wordnet,noun,существительное,1
slower,slower,sloʊər,слоуар,помедленнее,wordnet,adj,прилагательное,5
slowing,slowing,sloʊɪŋ,слоуин,замедление,wordnet,noun,существительное,1
slowly,slowly,sˈloʊli,слоули,медленно,wordnet,adv,наречие,2
small,small,smɔl,смол,маленький,wordnet,noun,существительное,64
smaller,smaller,sˈmɔlər,смолэр,меньше,wordnet,adj,прилагательное,8
smart,smart,smɑrt,смарт,умный,wordnet,noun,существительное,12
smarter,smarter,sˈmɑrtər,смартэр,умнее,wordnet,adj,прилагательное,2
smarties,smarties,sˈmɑrtiz,смартиз,умники,wordnet,,,1
snake,snake,sneɪk,снэйк,змея,wordnet,noun,существительное,1
snap,snap,snæp,снэп,щелчок,wordnet,noun,существительное,1
snappy,snappy,sˈnæpi,снэпи,резкий,wordnet,adj,прилагательное,1
snippet,snippet,sˈnɪpət,снипэт,фрагмент,wordnet,noun,существительное,4
sod,sod,sɑd,сад,дерн,wordnet,noun,существительное,2
sodium,sodium,ˈsoʊdiəm,соудим,натрий,wordnet,noun,существительное,23
soft,soft,sɔft,софт,мягкий,wordnet,adj,прилагательное,1
software,software,ˈsɔfˌwɛr,софуэр,программное обеспечение,wordnet,noun,существительное,12
sol,sol,sɑl,сал,солнце,wordnet,noun,существительное,39
sole,sole,soʊl,соул,подошва,wordnet,noun,существительное,5
solely,solely,ˈsoʊəli,соуали,исключительно,wordnet,adv,наречие,2
solemnity,solemnity,səˈlɛmnəti,сэлэмнэти,торжественность,wordnet,noun,существительное,1
solicitation,solicitation,səˌlɪsɪˈteɪʃən,слиситэйшн,ходатайство,wordnet,noun,существительное,1
solid,solid,ˈsɑləd,салэд,твердый,wordnet,noun,существительное,5
solution,solution,səˈluʃən,сэлушн,решение,wordnet,noun,существительное,35
solvable,solvable,ˈsɑlvəbəl,салвэбл,разрешимый,wordnet,adj,прилагательное,1
solve,solve,sɑlv,салв,решать,wordnet,verb,глагол,15
solved,solved,sɑlvd,салвд,решено,wordnet,verb,глагол,6
solving,solving,ˈsɑlvɪŋ,салвин,решение,wordnet,noun,существительное,1
somebody,somebody,ˈsəmˌbɑdi,смбади,кто-нибудь,wordnet,noun,существительное,1
someone,someone,ˈsəmˌwən,смун,кто-то,wordnet,noun,существительное,1
something,something,ˈsəmθɪŋ,смсин,что-нибудь,wordnet,,,26
sometimes,sometimes,ˈsəmˌtaɪmz,смтаймз,иногда,wordnet,adv,наречие,13
somewhere,somewhere,ˈsəmˌwɛr,смуэр,где-то,wordnet,noun,существительное,2
soon,soon,sun,сун,скоро,wordnet,adv,наречие,1
sophisticated,sophisticated,səˈfɪstɪˌkeɪtəd,сэфистикэйтэд,сложный,wordnet,verb,глагол,2
sort,sort,sɔrt,сорт,сортировать,wordnet,noun,существительное,5
sorted,sorted,ˈsɔrtɪd,сортид,отсортированный,wordnet,verb,глагол,3
sound,sound,saʊnd,саунд,звук,wordnet,noun,существительное,3
soup,soup,sup,суп,суп,wordnet,noun,существительное,1
source,source,sɔrs,сорс,источник,wordnet,noun,существительное,52
space,space,speɪs,спэйс,космос,wordnet,noun,существительное,22
spacing,spacing,ˈspeɪsɪŋ,спэйсин,расстояние,wordnet,noun,существительное,3
span,span,spæn,спэн,охватывать,wordnet,noun,существительное,4
sparingly,sparingly,ˈspɛrɪŋli,спэринли,экономно,wordnet,adv,наречие,1
sparky,sparky,ˈspɑrki,спарки,искрящийся,wordnet,,,1
sparse,sparse,spɑrs,спарс,редкий,wordnet,adj,прилагательное,13
speak,speak,spik,спик,говорить,wordnet,verb,глагол,1
speaking,speaking,ˈspikɪŋ,спикин,Говорящий,wordnet,noun,существительное,1
speaks,speaks,spiks,спикс,говорит,wordnet,verb,глагол,1
spec,spec,spɛk,спэк,спецификация,wordnet,noun,существительное,25
special,special,ˈspɛʃəl,спэшл,особенный,wordnet,noun,существительное,14
specialize,specialize,ˈspɛʃəˌlaɪz,спэшлайз,специализироваться,wordnet,verb,глагол,3
specialized,specialized,ˈspɛʃəˌlaɪzd,спэшлайзд,специализированный,wordnet,verb,глагол,18
specific,specific,spɪˈsɪfɪk,списифик,специфический,wordnet,noun,существительное,51
specifically,specifically,spəˈsɪfɪkli,спэсификли,конкретно,wordnet,adv,наречие,14
specification,specification,ˌspɛsɪfɪˈkeɪʃən,спэсификэйшн,спецификация,wordnet,noun,существительное,5
specified,specified,ˈspɛsəˌfaɪd,спэсэфайд,указанный,wordnet,verb,глагол,4
specifies,specifies,ˈspɛsəˌfaɪz,спэсэфайз,указывает,wordnet,verb,глагол,1
specify,specify,ˈspɛsəˌfaɪ,спэсэфай,указать,wordnet,verb,глагол,11
specifying,specifying,ˈspɛsəˌfaɪɪŋ,спэсэфайин,определяя,wordnet,verb,глагол,4
speed,speed,spid,спид,скорость,wordnet,noun,существительное,23
speeding,speeding,ˈspidɪŋ,спидин,превышение скорости,wordnet,noun,существительное,1
speedy,speedy,ˈspiˌdi,спиди,быстрый,wordnet,adj,прилагательное,1
spelling,spelling,ˈspɛlɪŋ,спэлин,написание,wordnet,noun,существительное,1
spend,spend,spɛnd,спэнд,тратить,wordnet,verb,глагол,7
spent,spent,spɛnt,спэнт,потраченный,wordnet,verb,глагол,3
spiffy,spiffy,ˈspɪfi,спифи,элегантный,wordnet,adj,прилагательное,1
spill,spill,spɪl,спил,разливать,wordnet,noun,существительное,4
spilled,spilled,spɪld,спилд,пролитый,wordnet,verb,глагол,1
spilling,spilling,ˈspɪlɪŋ,спилин,проливание,wordnet,verb,глагол,1
spin,spin,spɪn,спин,вращаться,wordnet,noun,существительное,1
spinning,spinning,ˈspɪnɪŋ,спинин,прядение,wordnet,noun,существительное,1
spirit,spirit,ˈspɪrɪt,спирит,дух,wordnet,noun,существительное,3
spit,spit,spɪt,спит,плевать,wordnet,noun,существительное,4
splendor,splendor,ˈsplɛndər,сплэндэр,великолепие,wordnet,noun,существительное,1
split,split,splɪt,сплит,расколоть,wordnet,noun,существительное,145
splitting,splitting,ˈsplɪtɪŋ,сплитин,расщепление,wordnet,verb,глагол,19
spoiled,spoiled,spɔɪld,спойлд,испорченный,wordnet,verb,глагол,1
spoiler,spoiler,ˈspɔɪlər,спойлэр,спойлер,wordnet,noun,существительное,1
spoke,spoke,spoʊk,споук,говорил,wordnet,noun,существительное,1
spoken,spoken,ˈspoʊkən,споукн,разговорный,wordnet,verb,глагол,1
sponsorship,sponsorship,ˈspɑnsərˌʃɪp,спансэршип,спонсорство,wordnet,noun,существительное,1
sporadic,sporadic,spərˈædɪk,спэрэдик,спорадический,wordnet,adj,прилагательное,1
spot,spot,spɑt,спат,место,wordnet,noun,существительное,2
spotty,spotty,ˈspɑti,спати,пятнистый,wordnet,adj,прилагательное,1
spreadsheet,spreadsheet,ˈsprɛdˌʃit,спрэдшит,электронная таблица,wordnet,noun,существительное,1
springer,springer,ˈsprɪŋər,спринэр,спрингер,wordnet,noun,существительное,3
square,square,skwɛr,скуэр,квадрат,wordnet,noun,существительное,15
squarely,squarely,skˈwɛrli,скуэрли,прямо,wordnet,adv,наречие,2
sriram,sriram,ʃˈriˌrɑm,шрирам,Шрирам,wordnet,,,1
stack,stack,stæk,стэк,куча,wordnet,noun,существительное,9
stacked,stacked,stækt,стэкт,сложенный,wordnet,verb,глагол,1
stage,stage,steɪʤ,стэйдж,этап,wordnet,noun,существительное,141
staged,staged,steɪʤd,стэйджд,поставленный,wordnet,verb,глагол,3
stakeholder,stakeholder,ˈsteɪˌkhoʊldər,стэйкхоулдэр,заинтересованная сторона,wordnet,noun,существительное,1
stalling,stalling,ˈstɔlɪŋ,столин,остановка,wordnet,noun,существительное,1
stance,stance,stæns,стэнс,позиция,wordnet,noun,существительное,1
stand,stand,stænd,стэнд,стоять,wordnet,noun,существительное,9
standard,standard,ˈstændərd,стэндэрд,стандартный,wordnet,noun,существительное,23
standardize,standardize,ˈstændərˌdaɪz,стэндэрдайз,стандартизировать,wordnet,verb,глагол,1
standardized,standardized,ˈstændərˌdaɪzd,стэндэрдайзд,стандартизированный,wordnet,verb,глагол,1
standardizing,standardizing,ˈstændərˌdaɪzɪŋ,стэндэрдайзин,стандартизация,wordnet,verb,глагол,5
standing,standing,ˈstændɪŋ,стэндин,стоя,wordnet,noun,существительное,2
star,star,stɑr,стар,звезда,wordnet,noun,существительное,26
starch,starch,stɑrʧ,старч,крахмал,wordnet,noun,существительное,1
starkly,starkly,ˈstɑrkli,старкли,резко,wordnet,adv,наречие,1
start,start,stɑrt,старт,начинать,wordnet,noun,существительное,138
started,started,ˈstɑrtɪd,стартид,началось,wordnet,verb,глагол,21
starter,starter,ˈstɑrtər,стартэр,стартер,wordnet,noun,существительное,1
starting,starting,ˈstɑrtɪŋ,стартин,начиная,wordnet,noun,существительное,23
startup,startup,ˈstɑrˌtəp,стартэп,запускать,wordnet,noun,существительное,1
stat,stat,stæt,стэт,статистика,wordnet,,,2
state,state,steɪt,стэйт,состояние,wordnet,noun,существительное,11
statement,statement,ˈsteɪtmənt,стэйтмнт,заявление,wordnet,noun,существительное,35
static,static,ˈstætɪk,стэтик,статический,wordnet,noun,существительное,14
station,station,ˈsteɪʃən,стэйшн,станция,wordnet,noun,существительное,17
statistic,statistic,stəˈtɪstɪk,стэтистик,статистика,wordnet,noun,существительное,13
statistical,statistical,stəˈtɪstɪkəl,стэтистикл,статистический,wordnet,adj,прилагательное,5
statistically,statistically,stəˈtɪstɪkəli,стэтистикли,статистически,wordnet,adv,наречие,1
stats,stats,stæts,стэтс,статистика,wordnet,,,18
status,status,ˈstætəs,стэтэс,статус,wordnet,noun,существительное,16
stay,stay,steɪ,стэй,оставаться,wordnet,noun,существительное,12
staying,staying,steɪɪŋ,стэйин,пребывание,wordnet,verb,глагол,2
steady,steady,ˈstɛdi,стэди,устойчивый,wordnet,noun,существительное,1
steal,steal,stil,стил,воровать,wordnet,noun,существительное,2
steep,steep,stip,стип,отвесный,wordnet,noun,существительное,1
steer,steer,stɪr,стир,управлять,wordnet,noun,существительное,1
stem,stem,stɛm,стэм,корень,wordnet,noun,существительное,1
step,step,stɛp,стэп,шаг,wordnet,noun,существительное,127
stephen,stephen,ˈstivən,стивн,Стивен,wordnet,noun,существительное,2
stepping,stepping,ˈstɛpɪŋ,стэпин,шагать,wordnet,verb,глагол,1
steroid,steroid,stərɔɪd,стэройд,стероидный препарат,wordnet,noun,существительное,1
steven,steven,ˈstivən,стивн,Стивен,wordnet,,,1
steward,steward,stuərd,стуэрд,стюард,wordnet,noun,существительное,1
stick,stick,stɪk,стик,палка,wordnet,noun,существительное,2
still,still,stɪl,стил,все еще,wordnet,noun,существительное,42
stock,stock,stɑk,стак,запас,wordnet,noun,существительное,5
stop,stop,stɑp,стап,останавливаться,wordnet,noun,существительное,6
storage,storage,ˈstɔrɪʤ,сторидж,хранилище,wordnet,noun,существительное,33
store,store,stɔr,стор,магазин,wordnet,noun,существительное,15
stored,stored,stɔrd,сторд,хранится,wordnet,verb,глагол,5
storing,storing,ˈstɔrɪŋ,сторин,хранение,wordnet,verb,глагол,9
story,story,ˈstɔri,стори,история,wordnet,noun,существительное,3
straight,straight,streɪt,стрэйт,прямой,wordnet,noun,существительное,4
straightforward,straightforward,ˈstreɪtˈfɔrwərd,стрэйтфоруэрд,простой,wordnet,adj,прилагательное,5
strategy,strategy,ˈstrætəʤi,стрэтэджи,стратегия,wordnet,noun,существительное,9
stray,stray,streɪ,стрэй,бродить,wordnet,noun,существительное,1
streamlined,streamlined,ˈstrimˌlaɪnd,стримлайнд,обтекаемый,wordnet,verb,глагол,1
streamlining,streamlining,ˈstrimˌlaɪnɪŋ,стримлайнин,оптимизация,wordnet,verb,глагол,1
strength,strength,strɛŋθ,стрэнс,сила,wordnet,noun,существительное,1
stress,stress,strɛs,стрэс,стресс,wordnet,noun,существительное,1
stressing,stressing,ˈstrɛsɪŋ,стрэсин,подчеркивая,wordnet,verb,глагол,1
stretching,stretching,ˈstrɛʧɪŋ,стрэчин,растяжка,wordnet,noun,существительное,1
strict,strict,strɪkt,стрикт,строгий,wordnet,adj,прилагательное,13
stricter,stricter,ˈstrɪktər,стриктэр,строже,wordnet,adj,прилагательное,1
strictly,strictly,ˈstrɪktli,стриктли,строго,wordnet,adv,наречие,1
string,string,strɪŋ,стрин,нить,wordnet,noun,существительное,290
strive,strive,straɪv,страйв,стремиться,wordnet,verb,глагол,1
stroke,stroke,stroʊk,строук,гладить,wordnet,noun,существительное,1
strong,strong,strɔŋ,строн,сильный,wordnet,adj,прилагательное,5
stronger,stronger,ˈstrɔŋgər,стронгэр,сильнее,wordnet,adj,прилагательное,1
strongly,strongly,ˈstrɔŋli,стронли,сильно,wordnet,adv,наречие,6
struck,struck,strək,стрэк,ударил,wordnet,verb,глагол,1
structure,structure,ˈstrəkʧər,стрэкчэр,структура,wordnet,noun,существительное,103
structured,structured,ˈstrəkʧərd,стрэкчэрд,структурированный,wordnet,verb,глагол,7
structuring,structuring,ˈstrəkʧərɪŋ,стрэкчэрин,структурирование,wordnet,verb,глагол,2
struggling,struggling,ˈstrəgəlɪŋ,стрэглин,столкнувшийся с трудностями,wordnet,verb,глагол,1
stuck,stuck,stək,стэк,застрявший,wordnet,verb,глагол,1
student,student,ˈstudənt,студнт,студент,wordnet,noun,существительное,2
study,study,ˈstədi,стэди,изучать,wordnet,noun,существительное,2
stuff,stuff,stəf,стэф,вещи,wordnet,noun,существительное,2
stumped,stumped,stəmpt,стмпт,поставлен в тупик,wordnet,verb,глагол,1
style,style,staɪl,стайл,стиль,wordnet,noun,существительное,21
styling,styling,ˈstaɪlɪŋ,стайлин,стиль,wordnet,verb,глагол,1
sub,sub,səb,сэб,суб,wordnet,noun,существительное,9
subdivide,subdivide,ˌsəbdəˈvaɪd,сэбдэвайд,подразделять,wordnet,verb,глагол,2
subject,subject,ˈsəbʤɪkt,сэбджикт,предмет,wordnet,noun,существительное,4
submit,submit,səbˈmɪt,сэбмит,представлять на рассмотрение,wordnet,verb,глагол,41
submits,submits,ˌsəbˈmɪts,сэбмитс,представляет,wordnet,verb,глагол,1
submitted,submitted,səbˈmɪtəd,сэбмитэд,поданный,wordnet,verb,глагол,4
submitting,submitting,səbˈmɪtɪŋ,сэбмитин,представление,wordnet,verb,глагол,17
subscription,subscription,səbˈskrɪpʃən,сэбскрипшн,подписка,wordnet,noun,существительное,1
subsequent,subsequent,ˈsəbsəkwənt,сэбсэкунт,последующий,wordnet,adj,прилагательное,7
subset,subset,ˈsəbˌsɛt,сэбсэт,подмножество,wordnet,noun,существительное,46
subsystem,subsystem,ˈsəbˌsɪstəm,сэбсистм,подсистема,wordnet,noun,существительное,1
subtitle,subtitle,ˈsəbˌtaɪtəl,сэбтайтл,субтитры,wordnet,noun,существительное,3
subtle,subtle,ˈsətəl,сэтл,тонкий,wordnet,adj,прилагательное,4
subtlety,subtlety,ˈsətəlti,сэтлти,тонкость,wordnet,noun,существительное,1
subtract,subtract,səbˈtrækt,сэбтрэкт,вычесть,wordnet,verb,глагол,2
subtracting,subtracting,səbˈtræktɪŋ,сэбтрэктин,вычитание,wordnet,verb,глагол,1
subtype,subtype,ˈsəbˌtaɪp,сэбтайп,подтип,wordnet,,,2
succeed,succeed,səkˈsid,сэксид,преуспевать,wordnet,verb,глагол,1
succeeding,succeeding,səkˈsidɪŋ,сэксидин,преуспевающий,wordnet,verb,глагол,1
succeeds,succeeds,səkˈsidz,сэксидз,преуспевает,wordnet,verb,глагол,2
success,success,səkˈsɛs,сэксэс,успех,wordnet,noun,существительное,6
successful,successful,səkˈsɛsfəl,сэксэсфл,успешный,wordnet,adj,прилагательное,14
successfully,successfully,səkˈsɛsfəli,сэксэсфли,успешно,wordnet,adv,наречие,4
succinct,succinct,səkˈsɪŋkt,сэксинкт,краткий,wordnet,adj,прилагательное,2
succinctly,succinctly,səkˈsɪŋktli,сэксинктли,кратко,wordnet,adv,наречие,2
suffers,suffers,ˈsəfərz,сэфэрз,страдает,wordnet,verb,глагол,1
suffix,suffix,ˈsəfɪks,сэфикс,суффикс,wordnet,noun,существительное,3
suggest,suggest,səˈʤɛst,сэджэст,предлагать,wordnet,verb,глагол,2
suggests,suggests,səˈʤɛsts,сэджэстс,предлагает,wordnet,verb,глагол,2
suitable,suitable,ˈsutəbəl,сутэбл,подходящий,wordnet,adj,прилагательное,1
suited,suited,ˈsutɪd,сутид,подходит,wordnet,verb,глагол,1
sum,sum,səm,см,сумма,wordnet,noun,существительное,65
summarize,summarize,ˈsəmərˌaɪz,смэрайз,подвести итог,wordnet,verb,глагол,12
summarized,summarized,ˈsəmərˌaɪzd,смэрайзд,обобщенный,wordnet,verb,глагол,10
summarizes,summarizes,ˈsəmərˌaɪzɪz,смэрайзиз,обобщает,wordnet,verb,глагол,2
summarizing,summarizing,ˈsəmərˌaɪzɪŋ,смэрайзин,подведение итогов,wordnet,verb,глагол,24
summary,summary,ˈsəməri,смэри,краткое содержание,wordnet,noun,существительное,92
summing,summing,ˈsəmɪŋ,смин,суммирование,wordnet,verb,глагол,3
sun,sun,sən,сн,солнце,wordnet,noun,существительное,6
sunday,sunday,ˈsənˌdi,снди,воскресенье,wordnet,noun,существительное,4
super,super,ˈsupər,супэр,супер,wordnet,noun,существительное,9
supercharged,supercharged,ˌsupərˈʧɑrʤd,супэрчарджд,с наддувом,wordnet,verb,глагол,1
supercomputer,supercomputer,ˌsupərkəmˈpjutər,супэркмпйутэр,суперкомпьютер,wordnet,noun,существительное,1
supervision,supervision,ˌsupərˈvɪʒən,супэрвижн,надзор,wordnet,noun,существительное,1
support,support,səˈpɔrt,сэпорт,поддерживать,wordnet,noun,существительное,5
supported,supported,səˈpɔrtɪd,сэпортид,поддерживается,wordnet,verb,глагол,7
supporting,supporting,səˈpɔrtɪŋ,сэпортин,поддержка,wordnet,noun,существительное,1
sure,sure,ʃʊr,шур,конечно,wordnet,adj,прилагательное,53
surely,surely,ˈʃʊrli,шурли,конечно,wordnet,adv,наречие,1
surface,surface,ˈsərfəs,сэрфэс,поверхность,wordnet,noun,существительное,1
surprise,surprise,səˈpraɪz,сэпрайз,сюрприз,wordnet,noun,существительное,3
surprised,surprised,səˈpraɪzd,сэпрайзд,удивлен,wordnet,verb,глагол,1
surprising,surprising,səˈpraɪzɪŋ,сэпрайзин,удивительно,wordnet,verb,глагол,3
surprisingly,surprisingly,səˈpraɪzɪŋli,сэпрайзинли,удивительно,wordnet,adv,наречие,1
surrounding,surrounding,sərˈaʊndɪŋ,сэраундин,окружающий,wordnet,verb,глагол,2
suspicious,suspicious,səˈspɪʃəs,сэспишэс,подозрительный,wordnet,adj,прилагательное,3
sweater,sweater,sˈwɛtər,суэтэр,свитер,wordnet,noun,существительное,1
sweetest,sweetest,sˈwitəst,суитэст,самый сладкий,wordnet,adj,прилагательное,1
swift,swift,swɪft,суифт,быстрый,wordnet,noun,существительное,1
swiss,swiss,swɪs,суис,швейцарский,wordnet,noun,существительное,1
switch,switch,swɪʧ,суич,выключатель,wordnet,noun,существительное,2
swoop,swoop,swup,сууп,налет,wordnet,noun,существительное,16
symbol,symbol,ˈsɪmbəl,симбл,символ,wordnet,noun,существительное,2
synonym,synonym,ˈsɪnəˌnɪm,синним,синоним,wordnet,noun,существительное,2
syntax,syntax,ˈsɪnˌtæks,синтэкс,синтаксис,wordnet,noun,существительное,73
synthetic,synthetic,sɪnˈθɛtɪk,синсэтик,синтетический,wordnet,noun,существительное,1
system,system,ˈsɪstəm,систм,система,wordnet,noun,существительное,13
tab,tab,tæb,тэб,вкладка,wordnet,noun,существительное,36
table,table,ˈteɪbəl,тэйбл,стол,wordnet,noun,существительное,319
tackle,tackle,ˈtækəl,тэкл,взяться,wordnet,noun,существительное,8
tackling,tackling,ˈtækəlɪŋ,тэклин,борьба,wordnet,verb,глагол,3
tail,tail,teɪl,тэйл,хвост,wordnet,noun,существительное,1
tailored,tailored,ˈteɪlərd,тэйлэрд,адаптированный,wordnet,verb,глагол,1
take,take,teɪk,тэйк,брать,wordnet,noun,существительное,219
taken,taken,ˈteɪkən,тэйкн,взятый,wordnet,verb,глагол,4
taking,taking,ˈteɪkɪŋ,тэйкин,принимая,wordnet,noun,существительное,34
tale,tale,teɪl,тэйл,сказка,wordnet,noun,существительное,1
talk,talk,tɔk,ток,разговаривать,wordnet,noun,существительное,6
talking,talking,ˈtɔkɪŋ,токин,говорить,wordnet,noun,существительное,4
tally,tally,ˈtæli,тэли,подсчет,wordnet,noun,существительное,1
tame,tame,teɪm,тэйм,приручить,wordnet,verb,глагол,1
tamed,tamed,teɪmd,тэймд,прирученный,wordnet,verb,глагол,3
tang,tang,tɑŋ,тан,Тан,wordnet,noun,существительное,3
tangible,tangible,ˈtænʤəbəl,тэнджэбл,заметный,wordnet,adj,прилагательное,1
tar,tar,tɑr,тар,смола,wordnet,noun,существительное,1
target,target,ˈtərgət,тэргэт,цель,wordnet,noun,существительное,30
tart,tart,tɑrt,тарт,пирог,wordnet,noun,существительное,1
task,task,tæsk,тэск,задача,wordnet,noun,существительное,18
tasked,tasked,tæskt,тэскт,поручено,wordnet,verb,глагол,1
tasking,tasking,ˈtæskɪŋ,тэскин,постановка задач,wordnet,verb,глагол,1
taste,taste,teɪst,тэйст,вкус,wordnet,noun,существительное,2
taught,taught,tɔt,тот,учил,wordnet,verb,глагол,1
tea,tea,ti,ти,чай,wordnet,noun,существительное,1
teach,teach,tiʧ,тич,учить,wordnet,noun,существительное,6
teaching,teaching,ˈtiʧɪŋ,тичин,преподавание,wordnet,noun,существительное,4
team,team,tim,тим,команда,wordnet,noun,существительное,10
technical,technical,ˈtɛknɪkəl,тэкникл,технический,wordnet,noun,существительное,5
technically,technically,ˈtɛknɪkəli,тэкникли,технически,wordnet,adv,наречие,1
technique,technique,tɛkˈnik,тэкник,техника,wordnet,noun,существительное,5
technology,technology,tɛkˈnɑləʤi,тэкналэджи,технология,wordnet,noun,существительное,5
tedious,tedious,ˈtidiəs,тидиэс,скучный,wordnet,adj,прилагательное,2
telecommunication,telecommunication,ˌtɛləkəmˌjunɪˈkeɪʃən,тэлэкмйуникэйшн,телекоммуникации,wordnet,noun,существительное,1
television,television,ˈtɛləˌvɪʒən,тэлэвижн,телевидение,wordnet,noun,существительное,3
tell,tell,tɛl,тэл,рассказывать,wordnet,noun,существительное,8
telling,telling,ˈtɛlɪŋ,тэлин,рассказывать,wordnet,noun,существительное,1
temp,temp,tɛmp,тэмп,температура,wordnet,noun,существительное,329
temperature,temperature,ˈtɛmpərəʧər,тэмпэрэчэр,температура,wordnet,noun,существительное,67
template,template,ˈtɛmplət,тэмплэт,шаблон,wordnet,noun,существительное,8
temporarily,temporarily,ˌtɛmpərˈɛrəli,тэмпэрэрли,временно,wordnet,adv,наречие,3
temporary,temporary,ˈtɛmpərˌɛri,тэмпэрэри,временный,wordnet,noun,существительное,5
tempted,tempted,ˈtɛmptɪd,тэмптид,искушенный,wordnet,verb,глагол,3
tempting,tempting,ˈtɛmptɪŋ,тэмптин,заманчиво,wordnet,verb,глагол,2
ten,ten,tɛn,тэн,десять,wordnet,noun,существительное,1
tend,tend,tɛnd,тэнд,иметь тенденцию,wordnet,verb,глагол,5
tenure,tenure,ˈtɛnjər,тэнйэр,срок владения,wordnet,noun,существительное,2
terabyte,terabyte,ˌtɛrəˈbaɪt,тэрэбайт,терабайт,wordnet,noun,существительное,1
term,term,tərm,тэрм,срок,wordnet,noun,существительное,28
terminal,terminal,ˈtərmənəl,тэрмнл,Терминал,wordnet,noun,существительное,11
terminology,terminology,ˌtərmɪˈnɑləʤi,тэрминалэджи,терминология,wordnet,noun,существительное,4
territory,territory,ˈtɛrɪˌtɔri,тэритори,территория,wordnet,noun,существительное,2
terse,terse,tərs,тэрс,краткий,wordnet,adj,прилагательное,3
terseness,terseness,ˈtərsnəs,тэрснэс,краткость,wordnet,noun,существительное,3
test,test,tɛst,тэст,тест,wordnet,noun,существительное,78
tested,tested,ˈtɛstɪd,тэстид,проверено,wordnet,verb,глагол,1
testing,testing,ˈtɛstɪŋ,тэстин,тестирование,wordnet,noun,существительное,19
text,text,tɛkst,тэкст,текст,wordnet,noun,существительное,120
textbook,textbook,ˈtɛkstˌbʊk,тэкстбук,учебник,wordnet,noun,существительное,1
textual,textual,ˈtɛksˌʧuəl,тэксчул,текстовый,wordnet,adj,прилагательное,6
thank,thank,θæŋk,сэнк,благодарить,wordnet,verb,глагол,15
thanks,thanks,θæŋks,сэнкс,Спасибо,wordnet,noun,существительное,3
theoretically,theoretically,ˌθiərˈɛtɪkəli,сиэрэтикли,теоретически,wordnet,adv,наречие,2
theory,theory,ˈθɪri,сири,теория,wordnet,noun,существительное,5
therefore,therefore,ˈðɛrˌfɔr,зэрфор,поэтому,wordnet,adv,наречие,16
theta,theta,ˈθeɪtə,сэйтэ,тэта,wordnet,noun,существительное,2
thin,thin,θɪn,син,тонкий,wordnet,verb,глагол,2
thing,thing,θɪŋ,син,вещь,wordnet,noun,существительное,37
think,think,θɪŋk,синк,думать,wordnet,noun,существительное,63
thinking,thinking,ˈθɪŋkɪŋ,синкин,мышление,wordnet,noun,существительное,15
third,third,θərd,сэрд,третий,wordnet,noun,существительное,18
thorough,thorough,θəroʊ,сэроу,тщательный,wordnet,adj,прилагательное,1
thoroughly,thoroughly,ˈθəroʊli,сэроули,тщательно,wordnet,adv,наречие,1
though,though,ðoʊ,зоу,хотя,wordnet,adv,наречие,9
thought,thought,θɔt,сот,мысль,wordnet,noun,существительное,23
thousand,thousand,ˈθaʊzənd,саузнд,тысяча,wordnet,noun,существительное,4
thread,thread,θrɛd,срэд,нить,wordnet,noun,существительное,1
threadbare,threadbare,θˈrɛdˌbɛr,срэдбэр,изношенный,wordnet,adj,прилагательное,1
three,three,θri,сри,три,wordnet,noun,существительное,138
thresh,thresh,θrɛʃ,срэш,молотить,wordnet,verb,глагол,3
threshold,threshold,θˈrɛˌʃoʊld,срэшоулд,порог,wordnet,noun,существительное,9
throughout,throughout,θruaʊt,сруаут,через,wordnet,adv,наречие,13
throw,throw,θroʊ,сроу,бросать,wordnet,noun,существительное,2
throwaway,throwaway,θˈroʊəˌweɪ,сроуауэй,выбросить,wordnet,noun,существительное,1
throwing,throwing,θroʊɪŋ,сроуин,бросание,wordnet,verb,глагол,5
thumb,thumb,θəm,см,большой палец,wordnet,noun,существительное,2
thunk,thunk,θənk,снк,думать,wordnet,noun,существительное,2
thus,thus,ðəs,зэс,таким образом,wordnet,noun,существительное,10
ticket,ticket,ˈtɪkɪt,тикит,билет,wordnet,noun,существительное,1
tidy,tidy,ˈtaɪdi,тайди,аккуратный,wordnet,noun,существительное,1
tie,tie,taɪ,тай,галстук,wordnet,noun,существительное,9
tied,tied,taɪd,тайд,связанный,wordnet,verb,глагол,9
tightest,tightest,ˈtaɪtəst,тайтэст,самый тесный,wordnet,adj,прилагательное,1
tile,tile,taɪl,тайл,плитка,wordnet,noun,существительное,13
tim,tim,tɪm,тим,Тим,wordnet,,,1
time,time,taɪm,тайм,время,wordnet,noun,существительное,204
timeline,timeline,ˈtaɪmlaɪn,таймлайн,график времени,wordnet,noun,существительное,4
tip,tip,tɪp,тип,кончик,wordnet,noun,существительное,47
tiramisu,tiramisu,ˌtɪrəˈmɪˌsu,тирэмису,тирамису,wordnet,noun,существительное,1
tired,tired,taɪərd,тайэрд,усталый,wordnet,verb,глагол,1
title,title,ˈtaɪtəl,тайтл,заголовок,wordnet,noun,существительное,12
today,today,təˈdeɪ,тэдэй,сегодня,wordnet,noun,существительное,3
together,together,təˈgɛðər,тэгэзэр,вместе,wordnet,adj,прилагательное,36
token,token,ˈtoʊkən,тоукн,жетон,wordnet,noun,существительное,17
told,told,toʊld,тоулд,сказал,wordnet,verb,глагол,1
tolerance,tolerance,ˈtɑlərəns,талэрнс,терпимость,wordnet,noun,существительное,1
tom,tom,tɑm,там,Том,wordnet,noun,существительное,1
tomorrow,tomorrow,təˈmɑˌroʊ,тэмароу,завтра,wordnet,noun,существительное,2
ton,ton,tən,тн,тонна,wordnet,noun,существительное,3
took,took,tʊk,тук,взял,wordnet,verb,глагол,9
tool,tool,tul,тул,инструмент,wordnet,noun,существительное,52
toolbox,toolbox,ˈtulˌbɔks,тулбокс,ящик для инструментов,wordnet,noun,существительное,4
tooling,tooling,ˈtulɪŋ,тулин,оснастка,wordnet,verb,глагол,1
top,top,tɔp,топ,вершина,wordnet,noun,существительное,125
topic,topic,ˈtɑpɪk,тапик,тема,wordnet,noun,существительное,21
torture,torture,ˈtɔrʧər,торчэр,пытка,wordnet,noun,существительное,2
toshiba,toshiba,toʊˈʃibə,тоушибэ,Тошиба,wordnet,,,3
total,total,ˈtoʊtəl,тоутл,общий,wordnet,noun,существительное,39
totally,totally,ˈtoʊtəli,тоутли,полностью,wordnet,adv,наречие,1
touch,touch,təʧ,тэч,трогать,wordnet,noun,существительное,5
tough,tough,təf,тэф,жесткий,wordnet,noun,существительное,1
tour,tour,tʊr,тур,тур,wordnet,noun,существительное,2
toward,toward,təˈwɔrd,тэуорд,к,wordnet,,,2
tower,tower,taʊər,тауэр,башня,wordnet,noun,существительное,1
town,town,taʊn,таун,город,wordnet,noun,существительное,2
trace,trace,treɪs,трэйс,след,wordnet,noun,существительное,13
track,track,træk,трэк,отслеживать,wordnet,noun,существительное,10
tracking,tracking,ˈtrækɪŋ,трэкин,отслеживание,wordnet,noun,существительное,1
trade,trade,treɪd,трэйд,торговля,wordnet,noun,существительное,12
trademark,trademark,ˈtreɪdˌmɑrk,трэйдмарк,товарный знак,wordnet,noun,существительное,2
tradeoff,tradeoff,ˈtreɪˌdɔf,трэйдоф,компромисс,wordnet,noun,существительное,1
traditional,traditional,trəˈdɪʃənəl,трэдишнл,традиционный,wordnet,adj,прилагательное,3
trail,trail,treɪl,трэйл,тащить,wordnet,noun,существительное,3
trailing,trailing,ˈtreɪlɪŋ,трэйлин,тянущийся,wordnet,noun,существительное,2
train,train,treɪn,трэйн,тренироваться,wordnet,noun,существительное,22
trained,trained,treɪnd,трэйнд,обученный,wordnet,verb,глагол,5
training,training,ˈtreɪnɪŋ,трэйнин,обучение,wordnet,noun,существительное,44
transaction,transaction,trænˈzækʃən,трэнзэкшн,сделка,wordnet,noun,существительное,1
transcend,transcend,trænˈsɛnd,трэнсэнд,превосходить,wordnet,verb,глагол,1
transfer,transfer,ˈtrænsfər,трэнсфэр,передача,wordnet,noun,существительное,2
transform,transform,ˈtrænsfɔrm,трэнсформ,трансформировать,wordnet,verb,глагол,135
transformation,transformation,ˌtrænsfərˈmeɪʃən,трэнсфэрмэйшн,трансформация,wordnet,noun,существительное,216
transformed,transformed,trænsˈfɔrmd,трэнсформд,преобразованный,wordnet,verb,глагол,28
transformer,transformer,trænsˈfɔrmər,трэнсформэр,трансформатор,wordnet,noun,существительное,355
transforming,transforming,trænsˈfɔrmɪŋ,трэнсформин,преобразование,wordnet,verb,глагол,13
transforms,transforms,trænsˈfɔrmz,трэнсформз,трансформирует,wordnet,verb,глагол,12
transition,transition,trænˈzɪʃən,трэнзишн,переход,wordnet,noun,существительное,3
transitional,transitional,trænˈzɪʃənəl,трэнзишнл,переходный,wordnet,adj,прилагательное,4
transitioning,transitioning,trænˈzɪʃənɪŋ,трэнзишнин,переходный,wordnet,verb,глагол,1
translate,translate,trænzˈleɪt,трэнзлэйт,переводить,wordnet,verb,глагол,6
translated,translated,trænzˈleɪtəd,трэнзлэйтэд,переведено,wordnet,verb,глагол,3
translates,translates,ˈtrænsˌleɪts,трэнслэйтс,переводит,wordnet,verb,глагол,9
translating,translating,ˈtrænsˌleɪtɪŋ,трэнслэйтин,перевод,wordnet,verb,глагол,3
translation,translation,trænzˈleɪʃən,трэнзлэйшн,перевод,wordnet,noun,существительное,5
transmitted,transmitted,trænzˈmɪtəd,трэнзмитэд,переданный,wordnet,verb,глагол,1
trap,trap,træp,трэп,ловушка,wordnet,noun,существительное,1
trapped,trapped,træpt,трэпт,в ловушке,wordnet,verb,глагол,1
travel,travel,ˈtrævəl,трэвл,путешествовать,wordnet,noun,существительное,1
treat,treat,trit,трит,обращаться,wordnet,noun,существительное,9
treated,treated,ˈtritɪd,тритид,обработанный,wordnet,verb,глагол,2
treating,treating,ˈtritɪŋ,тритин,лечение,wordnet,verb,глагол,3
treatment,treatment,ˈtritmənt,тритмнт,уход,wordnet,noun,существительное,2
tree,tree,tri,три,дерево,wordnet,noun,существительное,11
tremendous,tremendous,trɪˈmɛndəs,тримэндэс,огромный,wordnet,adj,прилагательное,2
tremendously,tremendously,trɪˈmɛndəsli,тримэндэсли,чрезвычайно,wordnet,adv,наречие,4
trended,trended,ˈtrɛndɪd,трэндид,трендовый,wordnet,verb,глагол,1
trevor,trevor,ˈtrɛvər,трэвэр,Тревор,wordnet,,,3
trial,trial,traɪəl,трайл,пробный,wordnet,noun,существительное,1
trick,trick,trɪk,трик,обманывать,wordnet,noun,существительное,14
trickier,trickier,ˈtrɪkiər,трикиэр,сложнее,wordnet,adj,прилагательное,1
tricky,tricky,ˈtrɪki,трики,сложный,wordnet,adj,прилагательное,2
tried,tried,traɪd,трайд,пытался,wordnet,verb,глагол,5
trigger,trigger,ˈtrɪgər,тригэр,курок,wordnet,noun,существительное,9
triggered,triggered,ˈtrɪgərd,тригэрд,сработало,wordnet,verb,глагол,5
triggering,triggering,ˈtrɪgərɪŋ,тригэрин,запуск,wordnet,verb,глагол,3
trim,trim,trɪm,трим,подрезать,wordnet,noun,существительное,5
trimmed,trimmed,trɪmd,тримд,обрезанный,wordnet,verb,глагол,1
trip,trip,trɪp,трип,путешествие,wordnet,noun,существительное,4
triple,triple,ˈtrɪpəl,трипл,тройной,wordnet,noun,существительное,2
trois,trois,twɑ,туа,тройка,wordnet,,,1
troop,troop,trup,труп,отряд,wordnet,noun,существительное,1
trouble,trouble,ˈtrəbəl,трэбл,беда,wordnet,noun,существительное,2
trove,trove,troʊv,троув,сокровище,wordnet,noun,существительное,3
true,true,tru,тру,истинный,wordnet,noun,существительное,373
truly,truly,ˈtruli,трули,действительно,wordnet,adv,наречие,2
truncate,truncate,ˈtrəŋˌkeɪt,трэнкэйт,обрезать,wordnet,verb,глагол,12
truncating,truncating,ˈtrəŋˌkeɪtɪŋ,трэнкэйтин,усечение,wordnet,verb,глагол,2
trusty,trusty,ˈtrəsti,трэсти,верный,wordnet,noun,существительное,1
truth,truth,truθ,трус,правда,wordnet,noun,существительное,3
truthful,truthful,ˈtruθfəl,трусфл,правдивый,wordnet,adj,прилагательное,1
try,try,traɪ,трай,пытаться,wordnet,noun,существительное,46
trying,trying,traɪɪŋ,трайин,пытающийся,wordnet,verb,глагол,18
tudor,tudor,ˈtudər,тудэр,Тюдор,wordnet,noun,существительное,1
tune,tune,tun,тун,настраивать,wordnet,noun,существительное,2
tuned,tuned,tund,тунд,настроенный,wordnet,verb,глагол,1
tungsten,tungsten,ˈtəŋstən,тэнстн,вольфрам,wordnet,noun,существительное,1
tuning,tuning,ˈtunɪŋ,тунин,тюнинг,wordnet,noun,существительное,5
turbocharge,turbocharge,ˈtərboʊˌʧɑrʤ,тэрбоучардж,турбонаддув,wordnet,,,1
turkey,turkey,ˈtərki,тэрки,Турция,wordnet,noun,существительное,1
turn,turn,tərn,тэрн,повернуть,wordnet,noun,существительное,5
turned,turned,tərnd,тэрнд,повернулся,wordnet,verb,глагол,1
turning,turning,ˈtərnɪŋ,тэрнин,поворот,wordnet,noun,существительное,2
tweak,tweak,twik,туик,подправить,wordnet,noun,существительное,3
tweaking,tweaking,tˈwikɪŋ,туикин,настройка,wordnet,verb,глагол,1
twenty,twenty,tˈwɛnti,туэнти,двадцать,wordnet,noun,существительное,2
twice,twice,twaɪs,туайс,дважды,wordnet,adv,наречие,10
two,two,tu,ту,два,wordnet,noun,существительное,296
type,type,taɪp,тайп,тип,wordnet,noun,существительное,413
typed,typed,taɪpt,тайпт,напечатанный,wordnet,verb,глагол,12
typical,typical,ˈtɪpɪkəl,типикл,типичный,wordnet,adj,прилагательное,4
typically,typically,ˈtɪpɪkəli,типикли,обычно,wordnet,adv,наречие,3
typing,typing,ˈtaɪpɪŋ,тайпин,печатание,wordnet,noun,существительное,35
typist,typist,ˈtaɪpɪst,тайпист,машинистка,wordnet,noun,существительное,1
typo,typo,ˈtaɪpoʊ,тайпоу,опечатка,wordnet,noun,существительное,2
ultimate,ultimate,ˈəltəmət,лтмэт,окончательный,wordnet,noun,существительное,3
uma,uma,ˈjumə,йумэ,ума,wordnet,noun,существительное,1
umbrella,umbrella,ˈəmˌbrɛlə,мбрэлэ,зонтик,wordnet,noun,существительное,3
unable,unable,əˈneɪbəl,энэйбл,не могущий,wordnet,adj,прилагательное,2
unacceptable,unacceptable,ˌənækˈsɛptəbəl,нэксэптэбл,неприемлемо,wordnet,adj,прилагательное,1
unambiguous,unambiguous,ˌənæmˈbɪgjəwəs,нэмбигйэуэс,однозначный,wordnet,adj,прилагательное,3
unambiguously,unambiguously,ənæmˈbɪgjuəsli,нэмбигйуэсли,однозначно,wordnet,adv,наречие,1
unbounded,unbounded,ənˈbaʊndɪd,нбаундид,неограниченный,wordnet,adj,прилагательное,19
unchanged,unchanged,ənˈʧeɪnʤd,нчэйнджд,неизменный,wordnet,adj,прилагательное,1
uncover,uncover,ənˈkəvər,нкэвэр,раскрыть,wordnet,verb,глагол,2
uncovered,uncovered,ənˈkəvərd,нкэвэрд,раскрытый,wordnet,verb,глагол,1
uncovering,uncovering,ənˈkəvərɪŋ,нкэвэрин,раскрытие,wordnet,noun,существительное,1
undefined,undefined,ˌəndɪˈfaɪnd,ндифайнд,неопределенный,wordnet,adj,прилагательное,2
undergoes,undergoes,ˈəndərˌgoʊz,ндэргоуз,подвергается,wordnet,verb,глагол,1
underlying,underlying,ˌəndərˈlaɪɪŋ,ндэрлайин,лежащий в основе,wordnet,verb,глагол,4
underpinning,underpinning,ˈəndərˌpɪnɪŋ,ндэрпинин,подкрепляющий,wordnet,verb,глагол,1
underpinnings,underpinnings,ˈəndərˌpɪnɪŋz,ндэрпининз,основы,wordnet,,,1
underscore,underscore,ˌəndərˈskɔr,ндэрскор,подчеркивать,wordnet,noun,существительное,7
understand,understand,ˌəndərˈstænd,ндэрстэнд,понимать,wordnet,verb,глагол,42
understanding,understanding,ˌəndərˈstændɪŋ,ндэрстэндин,понимание,wordnet,noun,существительное,39
understood,understood,ˌəndərˈstʊd,ндэрстуд,понял,wordnet,verb,глагол,3
undertake,undertake,ˈəndərˌteɪk,ндэртэйк,предпринимать,wordnet,verb,глагол,2
undertaken,undertaken,ˈəndərˌteɪkən,ндэртэйкн,предпринятый,wordnet,verb,глагол,1
undertaking,undertaking,ˈəndərˌteɪkɪŋ,ндэртэйкин,предприятие,wordnet,noun,существительное,4
undesirable,undesirable,ˌəndɪˈzaɪrəbəl,ндизайрэбл,нежелательный,wordnet,noun,существительное,2
uneven,uneven,əˈnivən,энивн,неровный,wordnet,adj,прилагательное,1
unfamiliar,unfamiliar,ˌənfəˈmɪljər,нфэмилйэр,незнакомый,wordnet,adj,прилагательное,1
unfathomable,unfathomable,ənˈfæðəməbəl,нфэзмэбл,непостижимый,wordnet,adj,прилагательное,1
unfold,unfold,ənˈfoʊld,нфоулд,разворачиваться,wordnet,verb,глагол,1
unfortunate,unfortunate,ənˈfɔrʧənət,нфорчнэт,неудачный,wordnet,noun,существительное,2
unfortunately,unfortunately,ənˈfɔrʧənətli,нфорчнэтли,к сожалению,wordnet,adv,наречие,5
unified,unified,ˈjunəˌfaɪd,йунэфайд,единый,wordnet,verb,глагол,2
uniform,uniform,ˈjunəˌfɔrm,йунэформ,униформа,wordnet,noun,существительное,2
union,union,ˈjunjən,йунйн,союз,wordnet,noun,существительное,45
unique,unique,juˈnik,йуник,уникальный,wordnet,adj,прилагательное,11
unit,unit,ˈjunɪt,йунит,единица,wordnet,noun,существительное,14
united,united,juˈnaɪtɪd,йунайтид,объединенный,wordnet,verb,глагол,5
universally,universally,ˌjunəˈvərsəli,йунэвэрсли,универсально,wordnet,adv,наречие,2
universe,universe,ˈjunəˌvərs,йунэвэрс,вселенная,wordnet,noun,существительное,6
university,university,ˌjunəˈvərsəti,йунэвэрсэти,университет,wordnet,noun,существительное,1
unix,unix,ˈjunɪks,йуникс,Юникс,wordnet,noun,существительное,8
unleash,unleash,ənˈliʃ,нлиш,дать волю,wordnet,verb,глагол,1
unless,unless,ənˈlɛs,нлэс,пока не,wordnet,,,12
unlike,unlike,ənˈlaɪk,нлайк,в отличие от,wordnet,adj,прилагательное,23
unlock,unlock,ənˈlɑk,нлак,разблокировать,wordnet,verb,глагол,1
unmatched,unmatched,ənˈmæʧt,нмэчт,бесподобный,wordnet,adj,прилагательное,4
unnecessary,unnecessary,ənˈnɛsəˌsɛri,ннэсэсэри,ненужный,wordnet,adj,прилагательное,3
unofficial,unofficial,ˌənəˈfɪʃəl,нэфишл,неофициальный,wordnet,adj,прилагательное,1
unorganized,unorganized,əˈnɔrgəˌnaɪzd,эноргнайзд,неорганизованный,wordnet,adj,прилагательное,1
unpack,unpack,ənˈpæk,нпэк,распаковать,wordnet,verb,глагол,10
unpacking,unpacking,ənˈpækɪŋ,нпэкин,распаковка,wordnet,verb,глагол,29
unpaid,unpaid,ənˈpeɪd,нпэйд,неоплаченный,wordnet,adj,прилагательное,1
unpredictably,unpredictably,ˌənprɪˈdɪktəbli,нпридиктэбли,непредсказуемо,wordnet,adv,наречие,1
unreachable,unreachable,ənˈriʧəbəl,нричэбл,недостижимый,wordnet,adj,прилагательное,1
unrealistic,unrealistic,ənˌriˈlɪstɪk,нрилистик,нереально,wordnet,adj,прилагательное,1
unresolved,unresolved,ənrɪˈzɑlvd,нризалвд,нерешенный,wordnet,adj,прилагательное,2
unrolling,unrolling,ˌənˈroʊlɪŋ,нроулин,разворачивание,wordnet,verb,глагол,1
unsafe,unsafe,ənˈseɪf,нсэйф,небезопасный,wordnet,adj,прилагательное,3
unstructured,unstructured,ənˈstrəkʃərd,нстрэкшэрд,неструктурированный,wordnet,adj,прилагательное,3
unsuccessful,unsuccessful,ˌənsəkˈsɛsfəl,нсэксэсфл,неудачный,wordnet,adj,прилагательное,1
unsupported,unsupported,ənsəˈpɔrtɪd,нсэпортид,неподдерживаемый,wordnet,adj,прилагательное,2
unsure,unsure,ənˈʃʊr,ншур,неуверенный,wordnet,adj,прилагательное,1
unsurprising,unsurprising,ənsərˈpraɪzɪŋ,нсэрпрайзин,неудивительно,wordnet,adj,прилагательное,1
unsurprisingly,unsurprisingly,ˌənsərˈpraɪzɪŋli,нсэрпрайзинли,неудивительно,wordnet,,,3
untouched,untouched,ənˈtəʧt,нтэчт,нетронутый,wordnet,adj,прилагательное,1
unused,unused,ənˈjuzd,нйузд,неиспользованный,wordnet,adj,прилагательное,2
unwanted,unwanted,ənˈwɔntɪd,нуонтид,нежелательный,wordnet,adj,прилагательное,1
unwieldy,unwieldy,ənˈwildi,нуилди,громоздкий,wordnet,adj,прилагательное,1
unzip,unzip,ənˈzɪp,нзип,разархивировать,wordnet,verb,глагол,6
upcoming,upcoming,ˈəpˌkəmɪŋ,эпкмин,предстоящий,wordnet,adj,прилагательное,3
update,update,ˈəpˌdeɪt,эпдэйт,обновлять,wordnet,noun,существительное,7
updated,updated,ˈəpˌdeɪtɪd,эпдэйтид,обновлено,wordnet,verb,глагол,7
updating,updating,ˈəpˌdeɪtɪŋ,эпдэйтин,обновление,wordnet,noun,существительное,1
upgrade,upgrade,ˈəpˈgreɪd,эпгрэйд,обновление,wordnet,noun,существительное,1
upload,upload,ˈəˌploʊd,эплоуд,загрузить,wordnet,verb,глагол,5
uploaded,uploaded,ˈəˌploʊdɪd,эплоудид,загружено,wordnet,verb,глагол,1
uploading,uploading,ˈəˌploʊdɪŋ,эплоудин,загрузка,wordnet,verb,глагол,1
upon,upon,əˈpɑn,эпан,на,wordnet,,,8
upper,upper,ˈəpər,эпэр,верхний,wordnet,noun,существительное,2
usable,usable,ˈjuzəbəl,йузэбл,годный к употреблению,wordnet,adj,прилагательное,8
usage,usage,ˈjusɪʤ,йусидж,использование,wordnet,noun,существительное,37
use,use,juz,йуз,использовать,wordnet,noun,существительное,542
used,used,juzd,йузд,использовал,wordnet,verb,глагол,152
useful,useful,ˈjusfəl,йусфл,полезный,wordnet,adj,прилагательное,123
useless,useless,ˈjusləs,йуслэс,бесполезный,wordnet,adj,прилагательное,13
user,user,ˈjuzər,йузэр,пользователь,wordnet,noun,существительное,36
usher,usher,ˈəʃər,эшэр,помощник,wordnet,noun,существительное,2
using,using,ˈjuzɪŋ,йузин,с использованием,wordnet,noun,существительное,729
usual,usual,ˈjuʒəwəl,йужэул,обычный,wordnet,adj,прилагательное,6
usually,usually,ˈjuʒəwəli,йужэули,обычно,wordnet,adv,наречие,34
utility,utility,juˈtɪləti,йутилэти,полезность,wordnet,noun,существительное,1
utilizing,utilizing,ˈjutəˌlaɪzɪŋ,йутлайзин,используя,wordnet,verb,глагол,1
vacuum,vacuum,ˈvækjum,вэкйум,вакуум,wordnet,noun,существительное,2
vahid,vahid,vɑˈhid,вахид,вахид,wordnet,,,1
val,val,væl,вэл,вал,wordnet,,,5
valid,valid,ˈvælɪd,вэлид,действительный,wordnet,adj,прилагательное,7
validate,validate,ˈvælədeɪt,вэлэдэйт,подтвердить,wordnet,verb,глагол,7
validating,validating,ˈvæləˌdeɪtɪŋ,вэлэдэйтин,проверка,wordnet,verb,глагол,2
validation,validation,ˌvæləˈdeɪʃən,вэлэдэйшн,проверка,wordnet,noun,существительное,30
validity,validity,vəˈlɪdɪti,вэлидити,действительность,wordnet,noun,существительное,3
valley,valley,ˈvæli,вэли,долина,wordnet,noun,существительное,22
valuable,valuable,ˈvæljəbəl,вэлйэбл,ценный,wordnet,noun,существительное,1
value,value,ˈvælju,вэлйу,ценить,wordnet,noun,существительное,725
van,van,væn,вэн,фургон,wordnet,noun,существительное,2
vanishing,vanishing,ˈvænɪʃɪŋ,вэнишин,исчезающий,wordnet,noun,существительное,1
vapid,vapid,ˈvæpɪd,вэпид,банальный,wordnet,adj,прилагательное,1
variable,variable,ˈvɛriəbəl,вэриэбл,переменная,wordnet,noun,существительное,155
variation,variation,ˌvɛriˈeɪʃən,вэриэйшн,вариация,wordnet,noun,существительное,1
variety,variety,vərˈaɪəti,вэрайэти,разнообразие,wordnet,noun,существительное,10
various,various,ˈvɛriəs,вэриэс,различный,wordnet,adj,прилагательное,2
vary,vary,ˈvɛri,вэри,отличаться,wordnet,verb,глагол,2
vast,vast,væst,вэст,огромный,wordnet,adj,прилагательное,5
vector,vector,ˈvɛktər,вэктэр,вектор,wordnet,noun,существительное,87
vein,vein,veɪn,вэйн,вена,wordnet,noun,существительное,2
vendor,vendor,ˈvɛndər,вэндэр,продавец,wordnet,noun,существительное,4
veneer,veneer,vəˈnɪr,вэнир,шпон,wordnet,noun,существительное,2
venn,venn,vɛn,вэн,Венн,wordnet,noun,существительное,1
venturing,venturing,ˈvɛnʧərɪŋ,вэнчэрин,рискованный,wordnet,verb,глагол,1
venue,venue,ˈvɛnju,вэнйу,место проведения,wordnet,noun,существительное,1
verbatim,verbatim,vərˈbeɪtəm,вэрбэйтм,дословно,wordnet,adj,прилагательное,3
verification,verification,ˌvɛrəfəˈkeɪʃən,вэрэфэкэйшн,проверка,wordnet,noun,существительное,1
verified,verified,ˈvɛrəˌfaɪd,вэрэфайд,проверено,wordnet,verb,глагол,1
verify,verify,ˈvɛrəˌfaɪ,вэрэфай,проверять,wordnet,verb,глагол,3
vermouth,vermouth,vərˈmuθ,вэрмус,вермут,wordnet,noun,существительное,1
versa,versa,ˈvərsə,вэрсэ,наоборот,wordnet,,,2
versatile,versatile,ˈvərsətəl,вэрсэтл,универсальный,wordnet,adj,прилагательное,7
versatility,versatility,ˌvərsəˈtɪləti,вэрсэтилэти,универсальность,wordnet,noun,существительное,9
version,version,ˈvərʒən,вэржн,версия,wordnet,noun,существительное,74
versus,versus,ˈvərsəz,вэрсэз,против,wordnet,,,34
vertical,vertical,ˈvərtɪkəl,вэртикл,вертикальный,wordnet,noun,существительное,3
via,via,ˈviə,виэ,с помощью,wordnet,,,91
viable,viable,ˈvaɪəbəl,вайэбл,жизнеспособный,wordnet,adj,прилагательное,6
vice,vice,vaɪs,вайс,порок,wordnet,noun,существительное,2
video,video,ˈvɪdioʊ,видиоу,видео,wordnet,noun,существительное,2
vieira,vieira,viˈɛrə,виэрэ,Вьера,wordnet,,,1
view,view,vju,вйу,вид,wordnet,noun,существительное,52
vigilant,vigilant,ˈvɪʤələnt,виджлнт,бдительный,wordnet,adj,прилагательное,1
vim,vim,vɪm,вим,вим,wordnet,noun,существительное,1
virtual,virtual,ˈvərʧuəl,вэрчул,виртуальный,wordnet,adj,прилагательное,8
visibility,visibility,ˌvɪzəˈbɪlɪti,визэбилити,видимость,wordnet,noun,существительное,4
visible,visible,ˈvɪzəbəl,визэбл,видимый,wordnet,adj,прилагательное,6
vision,vision,ˈvɪʒən,вижн,зрение,wordnet,noun,существительное,1
visit,visit,ˈvɪzɪt,визит,посещать,wordnet,noun,существительное,2
visual,visual,ˈvɪʒəwəl,вижэул,визуальный,wordnet,adj,прилагательное,11
visualization,visualization,ˌvɪʒwələˈzeɪʃən,вижулэзэйшн,визуализация,wordnet,noun,существительное,4
visualize,visualize,ˈvɪʒwəˌlaɪz,вижулайз,визуализировать,wordnet,verb,глагол,2
visually,visually,ˈvɪʒwəli,вижули,визуально,wordnet,adv,наречие,23
vocabulary,vocabulary,voʊˈkæbjəˌlɛri,воукэбйлэри,словарный запас,wordnet,noun,существительное,24
voluntary,voluntary,ˈvɑləntɛri,валнтэри,добровольный,wordnet,noun,существительное,1
vous,vous,vu,ву,вы,wordnet,,,1
vowel,vowel,vaʊəl,ваул,гласный,wordnet,noun,существительное,4
wagner,wagner,ˈwægnər,уэгнэр,Вагнер,wordnet,noun,существительное,1
wait,wait,weɪt,уэйт,ждать,wordnet,noun,существительное,8
waiting,waiting,ˈweɪtɪŋ,уэйтин,ожидающий,wordnet,noun,существительное,2
walk,walk,wɔk,уок,ходить,wordnet,noun,существительное,3
walked,walked,wɔkt,уокт,шел,wordnet,verb,глагол,1
walnut,walnut,ˈwɔlˌnət,уолнэт,грецкий орех,wordnet,noun,существительное,1
want,want,wɔnt,уонт,хотеть,wordnet,noun,существительное,233
wanted,wanted,ˈwɔntɪd,уонтид,в розыске,wordnet,verb,глагол,10
warehouse,warehouse,ˈwɛˌrhaʊs,уэрхаус,склад,wordnet,noun,существительное,6
warehousing,warehousing,ˈwɛˌrhaʊzɪŋ,уэрхаузин,складирование,wordnet,noun,существительное,1
warm,warm,wɔrm,уорм,теплый,wordnet,verb,глагол,1
warmest,warmest,ˈwɔrməst,уормэст,самый теплый,wordnet,adj,прилагательное,1
warmly,warmly,ˈwɔrmli,уормли,тепло,wordnet,adv,наречие,1
warn,warn,wɔrn,уорн,предупреждать,wordnet,verb,глагол,12
warning,warning,ˈwɔrnɪŋ,уорнин,предупреждение,wordnet,noun,существительное,27
warrant,warrant,ˈwɔrənt,уорнт,ордер,wordnet,noun,существительное,2
washington,washington,ˈwɔʃɪŋtən,уошинтн,Вашингтон,wordnet,noun,существительное,1
waste,waste,weɪst,уэйст,напрасно тратить,wordnet,noun,существительное,1
wasteful,wasteful,ˈweɪstfəl,уэйстфл,расточительный,wordnet,adj,прилагательное,1
watch,watch,wɔʧ,уоч,смотреть,wordnet,noun,существительное,2
watched,watched,wɔʧt,уочт,смотрел,wordnet,verb,глагол,5
water,water,ˈwɔtər,уотэр,вода,wordnet,noun,существительное,1
watercress,watercress,ˈwɔtərˌkrɛs,уотэркрэс,кресс-салат,wordnet,noun,существительное,1
watered,watered,ˈwɔtərd,уотэрд,поливал,wordnet,verb,глагол,1
way,way,weɪ,уэй,способ,wordnet,noun,существительное,185
weak,weak,wik,уик,слабый,wordnet,adj,прилагательное,2
weakly,weakly,ˈwikli,уикли,слабо,wordnet,adj,прилагательное,1
weakness,weakness,ˈwiknəs,уикнэс,слабость,wordnet,noun,существительное,1
weapon,weapon,ˈwɛpən,уэпн,оружие,wordnet,noun,существительное,3
weather,weather,ˈwɛðər,уэзэр,погода,wordnet,noun,существительное,5
web,web,wɛb,уэб,сеть,wordnet,noun,существительное,5
weber,weber,ˈwɛbər,уэбэр,Вебер,wordnet,noun,существительное,1
website,website,ˈwɛbˌsaɪt,уэбсайт,веб-сайт,wordnet,noun,существительное,14
weeding,weeding,ˈwidɪŋ,уидин,прополка,wordnet,verb,глагол,7
week,week,wik,уик,неделя,wordnet,noun,существительное,3
weight,weight,weɪt,уэйт,масса,wordnet,noun,существительное,8
weighted,weighted,ˈweɪtɪd,уэйтид,взвешенный,wordnet,verb,глагол,1
weird,weird,wɪrd,уирд,странный,wordnet,noun,существительное,2
welcome,welcome,ˈwɛlkəm,уэлкм,добро пожаловать,wordnet,noun,существительное,2
well,well,wɛl,уэл,хорошо,wordnet,noun,существительное,96
went,went,wɛnt,уэнт,шел,wordnet,verb,глагол,3
werner,werner,ˈwərnər,уэрнэр,Вернер,wordnet,,,1
wet,wet,wɛt,уэт,влажный,wordnet,noun,существительное,1
whatsoever,whatsoever,ˌwətsoʊˈɛvər,уэтсоуэвэр,что бы то ни было,wordnet,adj,прилагательное,2
wheel,wheel,wil,уил,колесо,wordnet,noun,существительное,3
whenever,whenever,wɛˈnɛvər,уэнэвэр,в любое время,wordnet,,,1
whereas,whereas,wɛˈræz,уэрэз,тогда как,wordnet,,,9
whether,whether,ˈwɛðər,уэзэр,ли,wordnet,,,12
whirlwind,whirlwind,ˈwərlˌwɪnd,уэрлуинд,вихрь,wordnet,noun,существительное,1
whole,whole,hoʊl,хоул,весь,wordnet,noun,существительное,35
whopping,whopping,ˈwɑpɪŋ,уапин,колоссальный,wordnet,verb,глагол,1
whose,whose,huz,хуз,чей,wordnet,,,2
wide,wide,waɪd,уайд,широкий,wordnet,adj,прилагательное,22
wider,wider,ˈwaɪdər,уайдэр,шире,wordnet,adj,прилагательное,1
width,width,wɪdθ,уидс,ширина,wordnet,noun,существительное,3
wild,wild,waɪld,уайлд,дикий,wordnet,noun,существительное,6
wildest,wildest,ˈwaɪldɪst,уайлдист,дичайший,wordnet,adj,прилагательное,1
william,william,ˈwɪljəm,уилйм,Уильям,wordnet,,,2
willing,willing,ˈwɪlɪŋ,уилин,готовый,wordnet,noun,существительное,1
win,win,wɪn,уин,победить,wordnet,noun,существительное,3
window,window,ˈwɪndoʊ,уиндоу,окно,wordnet,noun,существительное,430
winning,winning,ˈwɪnɪŋ,уинин,победа,wordnet,noun,существительное,2
wisdom,wisdom,ˈwɪzdəm,уиздм,мудрость,wordnet,noun,существительное,1
wise,wise,waɪz,уайз,мудрый,wordnet,noun,существительное,10
wish,wish,wɪʃ,уиш,желание,wordnet,noun,существительное,17
wished,wished,wɪʃt,уишт,желал,wordnet,verb,глагол,2
wit,wit,wɪt,уит,остроумие,wordnet,noun,существительное,1
within,within,wɪˈθɪn,уисин,в пределах,wordnet,adv,наречие,117
without,without,wɪˈθaʊt,уисаут,без,wordnet,,,72
witness,witness,ˈwɪtnəs,уитнэс,свидетель,wordnet,noun,существительное,2
witnessed,witnessed,ˈwɪtnəst,уитнэст,был свидетелем,wordnet,verb,глагол,3
witnessing,witnessing,ˈwɪtnəsɪŋ,уитнэсин,свидетельствование,wordnet,verb,глагол,1
witten,witten,ˈwɪtən,уитн,остроумный,wordnet,,,2
woman,woman,ˈwʊmən,уумн,женщина,wordnet,noun,существительное,1
wonder,wonder,ˈwəndər,ундэр,удивляться,wordnet,noun,существительное,3
word,word,wərd,уэрд,слово,wordnet,noun,существительное,471
work,work,wərk,уэрк,работа,wordnet,noun,существительное,243
workbench,workbench,ˈwərkˌbɛnʧ,уэркбэнч,верстак,wordnet,noun,существительное,14
worked,worked,wərkt,уэркт,работал,wordnet,verb,глагол,3
worker,worker,ˈwərkər,уэркэр,рабочий,wordnet,noun,существительное,46
workflow,workflow,ˈwərkˌfloʊ,уэркфлоу,рабочий процесс,wordnet,noun,существительное,8
workhorse,workhorse,ˈwərˌkhɔrs,уэркхорс,рабочая лошадка,wordnet,noun,существительное,1
working,working,ˈwərkɪŋ,уэркин,работающий,wordnet,noun,существительное,127
workload,workload,ˈwərˌkloʊd,уэрклоуд,рабочая нагрузка,wordnet,noun,существительное,1
workout,workout,ˈwərˌkaʊt,уэркаут,тренировка,wordnet,noun,существительное,2
world,world,wərld,уэрлд,мир,wordnet,noun,существительное,30
worried,worried,ˈwərid,уэрид,волновался,wordnet,verb,глагол,1
worry,worry,ˈwəri,уэри,волноваться,wordnet,noun,существительное,11
worrying,worrying,ˈwəriɪŋ,уэриин,тревожный,wordnet,noun,существительное,2
worse,worse,wərs,уэрс,худший,wordnet,noun,существительное,2
worth,worth,wərθ,уэрс,ценность,wordnet,noun,существительное,11
worthwhile,worthwhile,ˈwərθˈwaɪl,уэрсуайл,стоящий,wordnet,adj,прилагательное,2
worthy,worthy,ˈwərði,уэрзи,достойный,wordnet,noun,существительное,1
would,would,wʊd,ууд,бы,wordnet,,,91
woven,woven,ˈwoʊvən,уоувн,сотканный,wordnet,verb,глагол,1
wrap,wrap,ræp,рэп,сворачивать,wordnet,noun,существительное,20
wrapped,wrapped,ræpt,рэпт,завернутый,wordnet,verb,глагол,7
wrapper,wrapper,ˈræpər,рэпэр,обертка,wordnet,noun,существительное,5
wrapping,wrapping,ˈræpɪŋ,рэпин,упаковка,wordnet,noun,существительное,9
wreak,wreak,rik,рик,сеять,wordnet,verb,глагол,1
write,write,raɪt,райт,писать,wordnet,verb,глагол,48
writes,writes,raɪts,райтс,пишет,wordnet,verb,глагол,2
writing,writing,ˈraɪtɪŋ,райтин,письмо,wordnet,noun,существительное,48
written,written,ˈrɪtən,ритн,написано,wordnet,verb,глагол,21
wrong,wrong,rɔŋ,рон,неправильный,wordnet,noun,существительное,14
wrongly,wrongly,ˈrɔŋli,ронли,ошибочно,wordnet,adv,наречие,1
wrote,wrote,roʊt,роут,написал,wordnet,verb,глагол,3
yang,yang,jæŋ,йэн,Ян,wordnet,noun,существительное,1
year,year,jɪr,йир,год,wordnet,noun,существительное,195
yellow,yellow,ˈjɛloʊ,йэлоу,желтый,wordnet,noun,существительное,2
yes,yes,jɛs,йэс,да,wordnet,noun,существительное,5
yesterday,yesterday,ˈjɛstərˌdeɪ,йэстэрдэй,вчера,wordnet,noun,существительное,1
yet,yet,jɛt,йэт,еще,wordnet,adv,наречие,15
yield,yield,jild,йилд,урожай,wordnet,noun,существительное,36
yielded,yielded,ˈjildɪd,йилдид,дал,wordnet,verb,глагол,1
yielding,yielding,ˈjildɪŋ,йилдин,уступчивость,wordnet,noun,существительное,4
yin,yin,jɪn,йин,инь,wordnet,noun,существительное,1
york,york,jɔrk,йорк,Йорк,wordnet,noun,существительное,4
zero,zero,ˈziroʊ,зироу,ноль,wordnet,noun,существительное,36
zip,zip,zɪp,зип,молния,wordnet,noun,существительное,15
zone,zone,zoʊn,зоун,зона,wordnet,noun,существительное,2
zoo,zoo,zu,зу,зоопарк,wordnet,noun,существительное,1
zoom,zoom,zum,зум,масштабировать,wordnet,noun,существительное,3
zulu,zulu,ˈzuˌlu,зулу,зулу,wordnet,noun,существительное,2
abandon,abandon,əˈbændən,эбэндн,покидать,wordnet,noun,существительное,4
abandoning,abandoning,əˈbændənɪŋ,эбэнднин,отказ от,wordnet,verb,глагол,3
absolutely,absolutely,ˌæbsəˈlutli,эбсэлутли,абсолютно,wordnet,adv,наречие,1
abundance,abundance,əˈbəndəns,эбнднс,избыток,wordnet,noun,существительное,1
abuse,abuse,əˈbjuz,эбйуз,злоупотреблять,wordnet,noun,существительное,1
academic,academic,ˌækəˈdɛmɪk,экэдэмик,академический,wordnet,noun,существительное,1
accrue,accrue,əˈkru,экру,накапливаться,wordnet,verb,глагол,1
ace,ace,eɪs,эйс,туз,wordnet,noun,существительное,1
achieving,achieving,əˈʧivɪŋ,эчивин,достижение,wordnet,verb,глагол,1
acquired,acquired,əkˈwaɪərd,экуайэрд,приобретенный,wordnet,verb,глагол,1
acronym,acronym,ˈækrənɪm,экрним,акроним,wordnet,noun,существительное,1
act,act,ækt,экт,действовать,wordnet,noun,существительное,15
activated,activated,ˈæktɪˌveɪtɪd,эктивэйтид,активирован,wordnet,verb,глагол,1
activating,activating,ˈæktəˌveɪtɪŋ,эктэвэйтин,активация,wordnet,noun,существительное,6
actively,actively,ˈæktɪvli,эктивли,активно,wordnet,adv,наречие,2
ada,ada,ˈeɪdə,эйдэ,Ада,wordnet,noun,существительное,16
adhere,adhere,əˈdhɪr,эдхир,придерживаться,wordnet,verb,глагол,2
adjusting,adjusting,əˈʤəstɪŋ,эджэстин,корректировка,wordnet,verb,глагол,9
adjustment,adjustment,əˈʤəstmənt,эджэстмнт,корректирование,wordnet,noun,существительное,2
administer,administer,ədˈmɪnɪstər,эдминистэр,управлять,wordnet,verb,глагол,2
administrative,administrative,ədˈmɪnɪˌstreɪtɪv,эдминистрэйтив,административный,wordnet,adj,прилагательное,1
administrator,administrator,ədˈmɪnɪˌstreɪtər,эдминистрэйтэр,администратор,wordnet,noun,существительное,7
admire,admire,ædˈmaɪr,эдмайр,восхищаться,wordnet,verb,глагол,1
admission,admission,ədˈmɪʃən,эдмишн,допуск,wordnet,noun,существительное,19
adopted,adopted,əˈdɑptəd,эдаптэд,усыновленный,wordnet,verb,глагол,1
adult,adult,ˈædəlt,эдлт,взрослый,wordnet,noun,существительное,1
advance,advance,ədˈvæns,эдвэнс,продвигать,wordnet,noun,существительное,1
advantageous,advantageous,ˌædvənˈteɪʤəs,эдвнтэйджэс,выгодный,wordnet,adj,прилагательное,1
advised,advised,ədˈvaɪzd,эдвайзд,посоветовал,wordnet,verb,глагол,1
affect,affect,əˈfɛkt,эфэкт,оказывать воздействие,wordnet,noun,существительное,13
affecting,affecting,əˈfɛktɪŋ,эфэктин,влияющий,wordnet,verb,глагол,4
agreed,agreed,əˈgrid,эгрид,согласованный,wordnet,verb,глагол,1
aimed,aimed,eɪmd,эймд,направленный,wordnet,verb,глагол,1
airport,airport,ˈɛrˌpɔrt,эрпорт,аэропорт,wordnet,noun,существительное,2
alaska,alaska,əˈlæskə,элэскэ,Аляска,wordnet,noun,существительное,6
albert,albert,ˈælbərt,элбэрт,Альберт,wordnet,noun,существительное,6
album,album,ˈælbəm,элбм,альбом,wordnet,noun,существительное,15
alien,alien,ˈeɪliən,эйлин,чужак,wordnet,noun,существительное,838
aligned,aligned,əˈlaɪnd,элайнд,выровнен,wordnet,verb,глагол,1
aligns,aligns,əˈlaɪnz,элайнз,выравнивает,wordnet,verb,глагол,1
alleged,alleged,əˈlɛʤd,элэджд,предполагаемый,wordnet,verb,глагол,1
alone,alone,əˈloʊn,элоун,один,wordnet,adj,прилагательное,3
alongside,alongside,əˈlɔŋˈsaɪd,элонсайд,рядом,wordnet,adv,наречие,2
alpha,alpha,ˈælfə,элфэ,альфа,wordnet,noun,существительное,8
alphabet,alphabet,ˈælfəˌbɛt,элфэбэт,алфавит,wordnet,noun,существительное,1
alter,alter,ˈɔltər,олтэр,изменить,wordnet,verb,глагол,3
altering,altering,ˈɔltərɪŋ,олтэрин,изменение,wordnet,noun,существительное,1
amadeus,amadeus,ˌæməˈdeɪəs,эмэдэйэс,Амадей,wordnet,,,4
amazed,amazed,əˈmeɪzd,эмэйзд,поражен,wordnet,verb,глагол,1
amd,amd,ˈeɪˌɛmˈdi,эйэмди,AMD,wordnet,noun,существительное,1
amusement,amusement,əmˈjuzmənt,мйузмнт,развлечение,wordnet,noun,существительное,4
anchovy,anchovy,ˈænˌʧoʊvi,энчоуви,анчоус,wordnet,noun,существительное,6
andrew,andrew,ˈændru,эндру,Эндрю,wordnet,noun,существительное,1
animal,animal,ˈænəməl,энмл,животное,wordnet,noun,существительное,53
animated,animated,ˈænəˌmeɪtɪd,энмэйтид,анимированный,wordnet,verb,глагол,1
animation,animation,ˌænəˈmeɪʃən,энэмэйшн,анимация,wordnet,noun,существительное,2
annual,annual,ˈænjuəl,энйул,ежегодный,wordnet,noun,существительное,2
ant,ant,ænt,энт,муравей,wordnet,noun,существительное,1
anticipate,anticipate,ænˈtɪsəˌpeɪt,энтисэпэйт,предвидеть,wordnet,verb,глагол,1
anticipating,anticipating,ænˈtɪsəˌpeɪtɪŋ,энтисэпэйтин,ожидая,wordnet,verb,глагол,1
anytime,anytime,ˈɛniˌtaɪm,энитайм,в любое время,wordnet,,,13
apart,apart,əˈpɑrt,эпарт,отдельно,wordnet,adj,прилагательное,1
apostrophe,apostrophe,əˈpɑstrəˌfi,эпастрэфи,апостроф,wordnet,noun,существительное,8
apparent,apparent,əˈpɛrənt,эпэрнт,очевидный,wordnet,adj,прилагательное,1
appeal,appeal,əˈpil,эпил,обращаться,wordnet,noun,существительное,1
appealing,appealing,əˈpilɪŋ,эпилин,привлекательный,wordnet,verb,глагол,7
appeared,appeared,əˈpɪrd,эпирд,появился,wordnet,verb,глагол,1
appearing,appearing,əˈpɪrɪŋ,эпирин,появление,wordnet,noun,существительное,1
appreciate,appreciate,əˈpriʃiˌeɪt,эпришиэйт,ценить,wordnet,verb,глагол,4
approachable,approachable,əˈproʊʧəbəl,эпроучэбл,доступный,wordnet,adj,прилагательное,1
approaching,approaching,əˈproʊʧɪŋ,эпроучин,приближается,wordnet,noun,существительное,1
approve,approve,əˈpruv,эпрув,утвердить,wordnet,verb,глагол,1
approximation,approximation,əˌprɑksəˈmeɪʃən,эпраксэмэйшн,приближение,wordnet,noun,существительное,3
apps,apps,æps,эпс,приложения,wordnet,,,50
arcade,arcade,ɑrˈkeɪd,аркэйд,аркада,wordnet,noun,существительное,2
aria,aria,ˈɑriə,ариэ,ария,wordnet,noun,существительное,3
arise,arise,əraɪz,эрайз,возникать,wordnet,verb,глагол,11
arose,arose,əroʊz,эроуз,возник,wordnet,verb,глагол,1
arrive,arrive,əraɪv,эрайв,приезжать,wordnet,verb,глагол,1
artist,artist,ˈɑrtɪst,артист,художник,wordnet,noun,существительное,2
artwork,artwork,ˈɑrtˌwərk,артуэрк,произведение искусства,wordnet,noun,существительное,1
aspire,aspire,əˈspaɪr,эспайр,стремиться,wordnet,verb,глагол,1
ass,as,ɛz,эз,как,wordnet,noun,существительное,1
asserting,asserting,əˈsərtɪŋ,эсэртин,утверждение,wordnet,verb,глагол,1
associate,associate,əˈsoʊʃiˌeɪt,эсоушиэйт,партнер,wordnet,noun,существительное,16
associating,associating,əˈsoʊsiˌeɪtɪŋ,эсоусиэйтин,связывание,wordnet,verb,глагол,3
association,association,əˌsoʊʃiˈeɪʃən,эсоушиэйшн,ассоциация,wordnet,noun,существительное,2
astronomer,astronomer,əˈstrɑnəmər,эстранмэр,астроном,wordnet,noun,существительное,1
attacker,attacker,əˈtækər,этэкэр,злоумышленник,wordnet,noun,существительное,6
attacking,attacking,əˈtækɪŋ,этэкин,атакующий,wordnet,verb,глагол,1
attempted,attempted,əˈtɛmptəd,этэмптэд,попытка,wordnet,verb,глагол,1
audi,audi,ˈɔdi,оди,Ауди,wordnet,,,38
auth,auth,ɔθ,ос,авторизация,wordnet,,,16
authenticated,authenticated,ɔˈθɛntəˌkeɪtəd,осэнтэкэйтэд,аутентифицированный,wordnet,verb,глагол,11
authenticity,authenticity,ˌɔθənˈtɪsɪti,оснтисити,подлинность,wordnet,noun,существительное,3
authorization,authorization,ˌɔθərəˈzeɪʃən,осэрэзэйшн,авторизация,wordnet,noun,существительное,1
automates,automates,ˈɔtəˌmeɪts,отмэйтс,автоматизирует,wordnet,verb,глагол,2
await,await,əˈweɪt,эуэйт,ждать,wordnet,verb,глагол,1
award,award,əˈwɔrd,эуорд,награда,wordnet,noun,существительное,1
axis,axis,ˈæksəs,эксэс,ось,wordnet,noun,существительное,35
baby,baby,ˈbeɪbi,бэйби,малыш,wordnet,noun,существительное,1
backend,backend,ˌbæˈkɛnd,бэкэнд,серверная часть,wordnet,,,1
backends,backends,ˌbæˈkɛndz,бэкэндз,серверные части,wordnet,,,2
backslash,backslash,ˈbæksˌlæʃ,бэкслэш,обратная косая черта,wordnet,,,1
ball,ball,bɔl,бол,мяч,wordnet,noun,существительное,1
ban,ban,bæn,бэн,запретить,wordnet,noun,существительное,1
banned,banned,bænd,бэнд,запрещен,wordnet,verb,глагол,8
basement,basement,ˈbeɪsmənt,бэйсмнт,подвал,wordnet,noun,существительное,1
bash,bash,bæʃ,бэш,бить,wordnet,noun,существительное,13
battery,battery,ˈbætəri,бэтэри,батарея,wordnet,noun,существительное,95
beat,beat,bit,бит,бить,wordnet,noun,существительное,1
began,began,bɪˈgæn,бигэн,началось,wordnet,verb,глагол,3
beneath,beneath,bɪˈniθ,бинис,под,wordnet,adv,наречие,1
beneficial,beneficial,ˌbɛnəˈfɪʃəl,бэнэфишл,выгодный,wordnet,adj,прилагательное,6
bicycle,bicycle,ˈbaɪsɪkəl,байсикл,велосипед,wordnet,noun,существительное,25
biology,biology,baɪˈɑləʤi,байалэджи,биология,wordnet,noun,существительное,1
birthday,birthday,ˈbərθˌdeɪ,бэрсдэй,день рождения,wordnet,noun,существительное,14
bishop,bishop,ˈbɪʃəp,бишэп,епископ,wordnet,noun,существительное,2
blindly,blindly,ˈblaɪndli,блайндли,слепо,wordnet,adv,наречие,1
blog,blog,blɔg,блог,блог,wordnet,noun,существительное,25
blurred,blurred,blərd,блэрд,размытый,wordnet,verb,глагол,2
bmw,bmw,ˈbiˌɛmˈdəbəlju,биэмдэблйу,BMW,wordnet,,,28
board,board,bɔrd,борд,доска,wordnet,noun,существительное,1
boat,boat,boʊt,боут,лодка,wordnet,noun,существительное,1
bob,bob,bɑb,баб,Боб,wordnet,noun,существительное,2
bolt,bolt,boʊlt,боулт,болт,wordnet,noun,существительное,1
bootstrap,bootstrap,ˈbutˌstræp,бутстрэп,самозагрузка,wordnet,noun,существительное,69
border,border,ˈbɔrdər,бордэр,граница,wordnet,noun,существительное,16
bothering,bothering,ˈbɑðərɪŋ,базэрин,беспокоит,wordnet,verb,глагол,1
bought,bought,bɔt,бот,купил,wordnet,verb,глагол,1
brace,brace,breɪs,брэйс,скобка,wordnet,noun,существительное,16
bradford,bradford,ˈbrædfərd,брэдфэрд,Брэдфорд,wordnet,noun,существительное,1
branch,branch,brænʧ,брэнч,ветвь,wordnet,noun,существительное,48
brand,brand,brænd,брэнд,бренд,wordnet,noun,существительное,3
branding,branding,ˈbrændɪŋ,брэндин,брендинг,wordnet,noun,существительное,1
brightness,brightness,ˈbraɪtnəs,брайтнэс,яркость,wordnet,noun,существительное,1
brilliant,brilliant,ˈbrɪljənt,брилйнт,блестящий,wordnet,adj,прилагательное,1
broad,broad,brɔd,брод,широкий,wordnet,noun,существительное,1
broke,broke,broʊk,броук,сломанный,wordnet,verb,глагол,4
buffering,buffering,ˈbəfərɪŋ,бэфэрин,буферизация,wordnet,verb,глагол,1
bulk,bulk,bəlk,блк,масса,wordnet,noun,существительное,4
burning,burning,ˈbərnɪŋ,бэрнин,горящий,wordnet,noun,существительное,1
bypass,bypass,ˈbaɪˌpæs,байпэс,обойти,wordnet,noun,существительное,1
calculate,calculate,ˈkælkjəˌleɪt,кэлкйлэйт,вычислить,wordnet,verb,глагол,7
calculated,calculated,ˈkælkjəˌleɪtɪd,кэлкйлэйтид,рассчитанный,wordnet,verb,глагол,1
calculating,calculating,ˈkælkjəˌleɪtɪŋ,кэлкйлэйтин,расчет,wordnet,verb,глагол,2
calculation,calculation,ˌkælkjəˈleɪʃən,кэлкйэлэйшн,расчет,wordnet,noun,существительное,3
calculator,calculator,ˈkælkjəˌleɪtər,кэлкйлэйтэр,калькулятор,wordnet,noun,существительное,8
california,california,ˌkæləˈfɔrnjə,кэлэфорнйэ,Калифорния,wordnet,noun,существительное,2
cancel,cancel,ˈkænsəl,кэнсл,отмена,wordnet,noun,существительное,3
cannondale,cannondale,ˈkænənˌdeɪl,кэнндэйл,Кэннондейл,wordnet,,,8
capitalization,capitalization,ˌkæpɪtəlɪˈzeɪʃən,кэпитлизэйшн,капитализация,wordnet,noun,существительное,3
capitalizes,capitalizes,ˈkæpətəˌlaɪzɪz,кэпэтлайзиз,капитализирует,wordnet,verb,глагол,1
caption,caption,ˈkæpʃən,кэпшн,подпись,wordnet,noun,существительное,7
car,car,kɑr,кар,машина,wordnet,noun,существительное,313
card,card,kɑrd,кард,карта,wordnet,noun,существительное,23
carolina,carolina,ˌkɛrəˈlaɪnə,кэрэлайнэ,Каролина,wordnet,noun,существительное,22
carrying,carrying,ˈkɛriɪŋ,кэриин,несущий,wordnet,verb,глагол,1
cart,cart,kɑrt,карт,тележка,wordnet,noun,существительное,3
cascade,cascade,kæˈskeɪd,кэскэйд,каскад,wordnet,noun,существительное,3
cascading,cascading,kæˈskeɪdɪŋ,кэскэйдин,каскадный,wordnet,verb,глагол,3
castle,castle,ˈkæsəl,кэсл,замок,wordnet,noun,существительное,1
cat,cat,kæt,кэт,кот,wordnet,noun,существительное,29
catalogued,catalogued,ˈkætəˌlɔgd,кэтлогд,каталогизированный,wordnet,verb,глагол,1
catching,catching,ˈkæʧɪŋ,кэчин,ловля,wordnet,noun,существительное,1
categorized,categorized,ˈkætəgərˌaɪzd,кэтэгэрайзд,категоризированный,wordnet,verb,глагол,1
cathode,cathode,ˈkæˌθoʊd,кэсоуд,катод,wordnet,noun,существительное,1
causing,causing,ˈkɔzɪŋ,козин,вызывая,wordnet,noun,существительное,3
caution,caution,ˈkɔʃən,кошн,осторожность,wordnet,noun,существительное,2
cea,cea,ˈsiˈiˈeɪ,сииэй,Сеа,wordnet,,,13
centered,centered,ˈsɛntərd,сэнтэрд,центрированный,wordnet,verb,глагол,2
centering,centering,ˈsɛntərɪŋ,сэнтэрин,центрирование,wordnet,noun,существительное,2
certificate,certificate,sərˈtɪfɪkət,сэртификэт,сертификат,wordnet,noun,существительное,1
chadwick,chadwick,ˈʧædwɪk,чэдуик,Чедвик,wordnet,,,1
charles,charles,ˈʧɑrəlz,чарлз,Чарльз,wordnet,noun,существительное,10
chat,chat,ʧæt,чэт,чат,wordnet,noun,существительное,3
cheapest,cheapest,ˈʧipəst,чипэст,самый дешевый,wordnet,adj,прилагательное,1
checkout,checkout,ˈʧɛˌkaʊt,чэкаут,проверить,wordnet,noun,существительное,2
cheese,cheese,ʧiz,чиз,сыр,wordnet,noun,существительное,31
chemistry,chemistry,ˈkɛmɪstri,кэмистри,химия,wordnet,noun,существительное,1
chess,chess,ʧɛs,чэс,шахматы,wordnet,noun,существительное,13
childhood,childhood,ˈʧaɪlˌdhʊd,чайлдхуд,детство,wordnet,noun,существительное,1
chile,chile,ˈʧɪli,чили,Чили,wordnet,noun,существительное,5
chooses,chooses,ˈʧuzɪz,чузиз,выбирает,wordnet,verb,глагол,1
chronological,chronological,ˌkrɑnəˈlɑʤɪkəl,кранэладжикл,хронологический,wordnet,adj,прилагательное,3
circumstance,circumstance,ˈsərkəmˌstæns,сэркмстэнс,обстоятельство,wordnet,noun,существительное,1
claiming,claiming,ˈkleɪmɪŋ,клэймин,утверждая,wordnet,verb,глагол,1
clarified,clarified,ˈklɛrəˌfaɪd,клэрэфайд,уточненный,wordnet,verb,глагол,1
clarify,clarify,ˈklɛrəˌfaɪ,клэрэфай,объяснить,wordnet,verb,глагол,6
classic,classic,ˈklæsɪk,клэсик,классический,wordnet,noun,существительное,8
climate,climate,ˈklaɪmɪt,клаймит,климат,wordnet,noun,существительное,2
climb,climb,klaɪm,клайм,взбираться,wordnet,noun,существительное,7
climber,climber,ˈklaɪmər,клаймэр,альпинист,wordnet,noun,существительное,2
climbing,climbing,ˈklaɪmɪŋ,клаймин,восхождение,wordnet,noun,существительное,11
clock,clock,klɑk,клак,часы,wordnet,noun,существительное,26
closed,closed,kloʊzd,клоузд,закрыто,wordnet,verb,глагол,3
closely,closely,ˈkloʊsli,клоусли,внимательно,wordnet,adv,наречие,3
closest,closest,ˈkloʊsəst,клоусэст,ближайший,wordnet,adj,прилагательное,1
clue,clue,klu,клу,зацепка,wordnet,noun,существительное,1
cluttered,cluttered,ˈklətərd,клэтэрд,загроможденный,wordnet,verb,глагол,1
coaster,coaster,ˈkoʊstər,коустэр,каботажное судно,wordnet,noun,существительное,1
collaborator,collaborator,kəˈlæbərˌeɪtər,кэлэбэрэйтэр,сотрудник,wordnet,noun,существительное,1
collapsible,collapsible,kəˈlæpsəbəl,кэлэпсэбл,складной,wordnet,adj,прилагательное,6
collective,collective,kəˈlɛktɪv,кэлэктив,коллектив,wordnet,noun,существительное,2
college,college,ˈkɑlɪʤ,калидж,колледж,wordnet,noun,существительное,2
collide,collide,kəˈlaɪd,кэлайд,сталкиваться,wordnet,verb,глагол,1
collided,collided,kəˈlaɪdɪd,кэлайдид,столкнулся,wordnet,verb,глагол,10
collides,collides,kəˈlaɪdz,кэлайдз,сталкивается,wordnet,verb,глагол,3
collision,collision,kəˈlɪʒən,кэлижн,столкновение,wordnet,noun,существительное,59
commented,commented,ˈkɑmɛntəd,камэнтэд,прокомментировал,wordnet,verb,глагол,4
commenting,commenting,ˈkɑmɛntɪŋ,камэнтин,комментирование,wordnet,verb,глагол,2
commit,commit,kəˈmɪt,кэмит,совершить,wordnet,verb,глагол,92
commits,commits,kəˈmɪts,кэмитс,совершает,wordnet,verb,глагол,18
committing,committing,kəˈmɪtɪŋ,кэмитин,совершение,wordnet,verb,глагол,6
communication,communication,kəmˌjunəˈkeɪʃən,кмйунэкэйшн,коммуникация,wordnet,noun,существительное,1
composing,composing,kəmˈpoʊzɪŋ,кмпоузин,сочинение,wordnet,noun,существительное,1
comprehensive,comprehensive,ˌkɑmpriˈhɛnsɪv,камприхэнсив,всесторонний,wordnet,noun,существительное,1
concern,concern,kənˈsərn,кнсэрн,беспокойство,wordnet,noun,существительное,1
concise,concise,kənˈsaɪs,кнсайс,краткий,wordnet,adj,прилагательное,5
concisely,concisely,kənˈsaɪsli,кнсайсли,кратко,wordnet,adv,наречие,2
conference,conference,ˈkɑnfərəns,канфэрнс,конференция,wordnet,noun,существительное,1
confine,confine,kənˈfaɪn,кнфайн,ограничивать,wordnet,verb,глагол,1
confirm,confirm,kənˈfərm,кнфэрм,подтверждать,wordnet,verb,глагол,3
confirmation,confirmation,ˌkɑnfərˈmeɪʃən,канфэрмэйшн,подтверждение,wordnet,noun,существительное,4
confirmed,confirmed,kənˈfərmd,кнфэрмд,подтвержденный,wordnet,verb,глагол,20
confirming,confirming,kənˈfərmɪŋ,кнфэрмин,подтверждающий,wordnet,verb,глагол,4
conflict,conflict,ˈkɑnflɪkt,канфликт,конфликт,wordnet,noun,существительное,3
conflicting,conflicting,kənˈflɪktɪŋ,кнфликтин,противоречивый,wordnet,verb,глагол,1
congratulation,congratulation,kənˌgræʧəˈleɪʃən,кнгрэчэлэйшн,поздравление,wordnet,noun,существительное,1
congress,congress,ˈkɑŋgrəs,кангрэс,конгресс,wordnet,noun,существительное,1
connects,connects,kəˈnɛkts,кэнэктс,соединяет,wordnet,verb,глагол,2
considerable,considerable,kənˈsɪdərəbəl,кнсидэрэбл,значительный,wordnet,adj,прилагательное,1
considers,considers,kənˈsɪdərz,кнсидэрз,считает,wordnet,verb,глагол,4
consist,consist,kənˈsɪst,кнсист,состоять,wordnet,verb,глагол,2
consisted,consisted,kənˈsɪstɪd,кнсистид,состоял,wordnet,verb,глагол,2
consult,consult,kənˈsəlt,кнслт,проконсультироваться,wordnet,verb,глагол,1
continually,continually,kənˈtɪnjuəli,кнтинйули,постоянно,wordnet,adv,наречие,3
continuously,continuously,kənˈtɪnjuəsli,кнтинйуэсли,постоянно,wordnet,adv,наречие,4
contrary,contrary,ˈkɑntrɛri,кантрэри,вопреки,wordnet,noun,существительное,1
contributes,contributes,kənˈtrɪbjuts,кнтрибйутс,способствует,wordnet,verb,глагол,1
contributor,contributor,kənˈtrɪbjətər,кнтрибйэтэр,участник,wordnet,noun,существительное,1
controlled,controlled,kənˈtroʊld,кнтроулд,контролируемый,wordnet,verb,глагол,3
conventional,conventional,kənˈvɛnʃənəl,кнвэншнл,общепринятый,wordnet,adj,прилагательное,1
copying,copying,ˈkɑpiɪŋ,капиин,копирование,wordnet,noun,существительное,8
corporation,corporation,ˌkɔrpərˈeɪʃən,корпэрэйшн,корпорация,wordnet,noun,существительное,1
correcting,correcting,kərˈɛktɪŋ,кэрэктин,исправление,wordnet,verb,глагол,2
corrupted,corrupted,kərˈəptɪd,кэрэптид,испорченный,wordnet,verb,глагол,1
crashed,crashed,kræʃt,крэшт,разбился,wordnet,verb,глагол,1
crashing,crashing,ˈkræʃɪŋ,крэшин,сбой,wordnet,verb,глагол,1
cream,cream,krim,крим,крем,wordnet,noun,существительное,13
creative,creative,kriˈeɪtɪv,криэйтив,творческий,wordnet,adj,прилагательное,1
credential,credential,krɪˈdɛnʃəl,кридэншл,полномочия,wordnet,noun,существительное,1
critical,critical,ˈkrɪtɪkəl,критикл,критический,wordnet,adj,прилагательное,10
crust,crust,krəst,крэст,корка,wordnet,noun,существительное,6
cube,cube,kjub,кйуб,куб,wordnet,noun,существительное,16
cubic,cubic,ˈkjubɪk,кйубик,кубический,wordnet,adj,прилагательное,2
cuisine,cuisine,kwɪˈzin,куизин,кухня,wordnet,noun,существительное,1
curie,curie,ˈkjʊri,кюри,кюри,wordnet,noun,существительное,2
curiosity,curiosity,ˌkjʊriˈɑsəti,кюриасэти,любопытство,wordnet,noun,существительное,1
curl,curl,kərl,кэрл,завиток,wordnet,noun,существительное,14
curriculum,curriculum,kərˈɪkjələm,кэрикйлм,учебный план,wordnet,noun,существительное,1
cursor,cursor,ˈkərsər,кэрсэр,курсор,wordnet,noun,существительное,13
customized,customized,ˈkəstəˌmaɪzd,кэстмайзд,индивидуальный,wordnet,verb,глагол,3
cycling,cycling,ˈsaɪkəlɪŋ,сайклин,езда на велосипеде,wordnet,noun,существительное,1
dad,dad,dæd,дэд,папа,wordnet,noun,существительное,1
darker,darker,ˈdɑrkər,даркэр,темнее,wordnet,adj,прилагательное,4
dashboard,dashboard,ˈdæʃˌbɔrd,дэшборд,приборная панель,wordnet,noun,существительное,2
daunting,daunting,ˈdɔntɪŋ,донтин,устрашающий,wordnet,verb,глагол,1
deactivate,deactivate,ˌdiˈæktɪˌveɪt,диэктивэйт,деактивировать,wordnet,verb,глагол,2
deceased,deceased,dɪˈsist,дисист,покойный,wordnet,noun,существительное,1
declare,declare,dɪˈklɛr,диклэр,объявить,wordnet,verb,глагол,1
decreased,decreased,ˈdiˌkrist,дикрист,уменьшился,wordnet,verb,глагол,1
deemphasize,deemphasize,diˈɛmfəˌsaɪz,диэмфэсайз,преуменьшать значение,wordnet,,,2
deeply,deeply,ˈdipli,дипли,глубоко,wordnet,adv,наречие,5
del,del,dɛl,дэл,дель,wordnet,,,19
deletes,deletes,dɪˈlits,дилитс,удаляет,wordnet,verb,глагол,3
deli,deli,ˈdɛli,дэли,гастроном,wordnet,noun,существительное,3
demand,demand,dɪˈmænd,димэнд,требовать,wordnet,noun,существительное,2
deployed,deployed,dɪˈplɔɪd,диплойд,развернут,wordnet,verb,глагол,16
deploying,deploying,dɪˈplɔɪɪŋ,диплойин,развертывание,wordnet,verb,глагол,32
derived,derived,dəraɪvd,дэрайвд,полученный,wordnet,verb,глагол,1
descendant,descendant,dɪˈsɛndənt,дисэнднт,потомок,wordnet,noun,существительное,4
describes,describes,dɪˈskraɪbz,дискрайбз,описывает,wordnet,verb,глагол,8
desert,desert,ˈdɛzərt,дэзэрт,пустыня,wordnet,noun,существительное,2
designate,designate,ˈdɛzɪgˌneɪt,дэзигнэйт,назначать,wordnet,verb,глагол,1
desktop,desktop,ˈdɛskˌtɑp,дэсктап,рабочий стол,wordnet,noun,существительное,15
destroys,destroys,dɪˈstrɔɪz,дистройз,уничтожает,wordnet,verb,глагол,2
destructive,destructive,dɪˈstrəktɪv,дистрэктив,разрушительный,wordnet,adj,прилагательное,1
detached,detached,dɪˈtæʧt,дитэчт,обособленный,wordnet,verb,глагол,3
detect,detect,dɪˈtɛkt,дитэкт,обнаружить,wordnet,verb,глагол,7
detected,detected,dɪˈtɛktɪd,дитэктид,обнаружен,wordnet,verb,глагол,7
detecting,detecting,dɪˈtɛktɪŋ,дитэктин,обнаружение,wordnet,noun,существительное,7
detects,detects,dɪˈtɛkts,дитэктс,обнаруживает,wordnet,verb,глагол,6
determined,determined,dɪˈtərmənd,дитэрмнд,определенный,wordnet,verb,глагол,2
developmental,developmental,dɪˌvɛləpˈmɛnəl,дивэлэпмэнл,развивающий,wordnet,adj,прилагательное,1
device,device,dɪˈvaɪs,дивайс,устройство,wordnet,noun,существительное,6
devil,devil,ˈdɛvəl,дэвл,дьявол,wordnet,noun,существительное,2
diagonally,diagonally,daɪˈægənəli,дайэгнли,по диагонали,wordnet,adv,наречие,1
dialog,dialog,ˈdaɪəlɔg,дайлог,диалог,wordnet,noun,существительное,2
dick,dick,dɪk,дик,хуй,wordnet,noun,существительное,5
die,die,daɪ,дай,умереть,wordnet,noun,существительное,77
difficulty,difficulty,ˈdɪfɪˌkəlti,дификлти,трудность,wordnet,noun,существительное,14
digital,digital,ˈdɪʤɪtəl,диджитл,цифровой,wordnet,adj,прилагательное,2
diligence,diligence,ˈdɪlɪʤəns,дилиджнс,усердие,wordnet,noun,существительное,1
directive,directive,dɪˈrɛktɪv,дирэктив,директива,wordnet,noun,существительное,9
directs,directs,dɪˈrɛkts,дирэктс,направляет,wordnet,verb,глагол,3
disable,disable,dɪˈseɪbəl,дисэйбл,запрещать,wordnet,verb,глагол,1
disabled,disabled,dɪˈseɪbəld,дисэйблд,неполноценный,wordnet,noun,существительное,1
disappear,disappear,ˌdɪsəˈpɪr,дисэпир,пропадать,wordnet,verb,глагол,12
disappeared,disappeared,ˌdɪsəˈpɪrd,дисэпирд,исчезнувший,wordnet,verb,глагол,5
disappears,disappears,ˌdɪsəˈpɪrz,дисэпирз,исчезает,wordnet,verb,глагол,1
discard,discard,dɪˈskɑrd,дискард,отказаться,wordnet,noun,существительное,5
discord,discord,ˈdɪskɔrd,дискорд,раздор,wordnet,noun,существительное,8
discouraged,discouraged,dɪˈskərɪʤd,дискэриджд,обескураженный,wordnet,verb,глагол,1
discovers,discovers,dɪˈskəvərz,дискэвэрз,обнаруживает,wordnet,verb,глагол,1
disregard,disregard,ˌdɪsrɪˈgɑrd,дисригард,игнорировать,wordnet,noun,существительное,4
dissimilar,dissimilar,dɪˈsɪmələr,дисимлэр,непохожий,wordnet,adj,прилагательное,1
distract,distract,dɪˈstrækt,дистрэкт,отвлекать,wordnet,verb,глагол,2
distracting,distracting,dɪˈstræktɪŋ,дистрэктин,отвлекающий,wordnet,verb,глагол,7
distracts,distracts,dɪˈstrækts,дистрэктс,отвлекает,wordnet,verb,глагол,1
diverse,diverse,dɪˈvərs,дивэрс,разнообразный,wordnet,adj,прилагательное,7
divisible,divisible,dɪˈvɪzəbəl,дивизэбл,делимый,wordnet,adj,прилагательное,4
dog,dog,dɔg,дог,собака,wordnet,noun,существительное,136
doug,doug,dəg,дэг,Даг,wordnet,,,2
downloads,downloads,ˈdaʊnˌloʊdz,даунлоудз,загрузки,wordnet,verb,глагол,6
drastically,drastically,ˈdræstɪkli,дрэстикли,радикально,wordnet,adv,наречие,1
drink,drink,drɪŋk,дринк,напиток,wordnet,noun,существительное,1
duck,duck,dək,дэк,утка,wordnet,noun,существительное,6
dylan,dylan,ˈdɪlən,дилн,Дилан,wordnet,noun,существительное,2
earn,earn,ərn,эрн,зарабатывать,wordnet,verb,глагол,1
earned,earned,ərnd,эрнд,заработано,wordnet,verb,глагол,10
earthquake,earthquake,ˈərθkˌweɪk,эрскуэйк,землетрясение,wordnet,noun,существительное,88
eat,eat,it,ит,есть,wordnet,verb,глагол,1
economic,economic,ˌɛkəˈnɑmɪk,экэнамик,экономический,wordnet,adj,прилагательное,1
economics,economics,ˌɛkəˈnɑmɪks,экэнамикс,экономика,wordnet,noun,существительное,1
editorial,editorial,ˌɛdəˈtɔriəl,эдэторил,редакционная статья,wordnet,noun,существительное,1
edits,edits,ˈɛdɪts,эдитс,правки,wordnet,verb,глагол,1
edu,edu,ˈɛdju,эдйу,образование,wordnet,,,1
edward,edward,ˈɛdwərd,эдуэрд,Эдвард,wordnet,noun,существительное,12
effective,effective,ˈifɛktɪv,ифэктив,эффективный,wordnet,adj,прилагательное,6
egypt,egypt,ˈiʤɪpt,иджипт,Египет,wordnet,noun,существительное,2
einstein,einstein,ˈaɪnstaɪn,айнстайн,Эйнштейн,wordnet,noun,существительное,6
elder,elder,ˈɛldər,элдэр,старший,wordnet,noun,существительное,1
electric,electric,ɪˈlɛktrɪk,илэктрик,электрический,wordnet,noun,существительное,51
elevation,elevation,ˌɛləˈveɪʃən,элэвэйшн,высота,wordnet,noun,существительное,1
eli,eli,ˈilaɪ,илай,Эли,wordnet,,,8
ellingson,ellingson,ˈɛlɪŋsən,элинсн,Эллингсон,wordnet,,,1
elsewhere,elsewhere,ˈɛlsˌwɛr,элсуэр,в другом месте,wordnet,adv,наречие,1
emerge,emerge,ˈimərʤ,имэрдж,появляться,wordnet,verb,глагол,3
emphasize,emphasize,ˈɛmfəˌsaɪz,эмфэсайз,подчеркивать,wordnet,verb,глагол,5
emphasizing,emphasizing,ˈɛmfəˌsaɪzɪŋ,эмфэсайзин,подчеркивая,wordnet,noun,существительное,1
emptying,emptying,ˈɛmtiɪŋ,эмтиин,опорожнение,wordnet,noun,существительное,2
enclose,enclose,ɪnˈkloʊz,инклоуз,заключать,wordnet,verb,глагол,1
enclosed,enclosed,ɪnˈkloʊzd,инклоузд,закрытый,wordnet,verb,глагол,4
encourages,encourages,ɪnˈkərəʤəz,инкэрэджэз,поощряет,wordnet,verb,глагол,2
encouraging,encouraging,ɪnˈkərəʤɪŋ,инкэрэджин,обнадеживающий,wordnet,verb,глагол,1
engage,engage,ɪnˈgeɪʤ,ингэйдж,привлекать,wordnet,verb,глагол,1
enhance,enhance,ɛnˈhæns,энхэнс,усиливать,wordnet,verb,глагол,1
enjoy,enjoy,ˌɛnˈʤɔɪ,энджой,наслаждаться,wordnet,verb,глагол,2
enjoys,enjoys,ˌɛnˈʤɔɪz,энджойз,наслаждается,wordnet,verb,глагол,1
enrico,enrico,ɛnˈrikoʊ,энрикоу,Энрико,wordnet,,,3
entered,entered,ˈɛnərd,энэрд,вошел,wordnet,verb,глагол,21
entering,entering,ˈɛnərɪŋ,энэрин,входя,wordnet,noun,существительное,22
enters,enters,ˈɛnərz,энэрз,входит,wordnet,verb,глагол,18
entertaining,entertaining,ˌɛnərˈteɪnɪŋ,энэртэйнин,развлекательный,wordnet,verb,глагол,1
enthusiasm,enthusiasm,ɪnˈθuziˌæzəm,инсузиэзм,энтузиазм,wordnet,noun,существительное,1
enthusiastically,enthusiastically,ɪnˌθuziˈæstɪkli,инсузиэстикли,с энтузиазмом,wordnet,adv,наречие,1
enumerate,enumerate,ɪˈnumərˌeɪt,инумэрэйт,перечислять,wordnet,verb,глагол,6
equipment,equipment,ɪkˈwɪpmənt,икуипмнт,оборудование,wordnet,noun,существительное,2
era,era,ˈɪrə,ирэ,эпоха,wordnet,noun,существительное,1
erase,erase,ɪˈreɪs,ирэйс,стереть,wordnet,verb,глагол,1
erasing,erasing,ɪˈreɪsɪŋ,ирэйсин,стирание,wordnet,verb,глагол,1
eric,eric,ˈɛrɪk,эрик,Эрик,wordnet,,,33
erin,erin,ˈɛrɪn,эрин,Эрин,wordnet,noun,существительное,6
essential,essential,ɛˈsɛnʃəl,эсэншл,существенный,wordnet,noun,существительное,5
established,established,ɪˈstæblɪʃt,истэблишт,учредил,wordnet,verb,глагол,5
establishes,establishes,ɪˈstæblɪʃɪz,истэблишиз,устанавливает,wordnet,verb,глагол,1
estimated,estimated,ˈɛstəˌmeɪtɪd,эстмэйтид,оцененный,wordnet,verb,глагол,1
eva,eva,ˈivə,ивэ,ева,wordnet,,,2
evaluates,evaluates,ɪˈvæljuˌeɪts,ивэлйуэйтс,оценивает,wordnet,verb,глагол,21
everyone,everyone,ˈɛvriˌwən,эвриун,каждый,wordnet,,,34
evolved,evolved,ɪˈvɑlvd,ивалвд,развился,wordnet,verb,глагол,1
examine,examine,ɪgˈzæmɪn,игзэмин,исследовать,wordnet,verb,глагол,23
examines,examines,ɪgˈzæmənz,игзэмнз,исследует,wordnet,verb,глагол,4
examining,examining,ɪgˈzæmɪnɪŋ,игзэминин,изучение,wordnet,verb,глагол,6
exceed,exceed,ɪkˈsid,иксид,превосходить,wordnet,verb,глагол,1
excerpt,excerpt,ˈɛksərpt,эксэрпт,отрывок,wordnet,noun,существительное,1
excessively,excessively,ɪkˈsɛsɪvli,иксэсивли,чрезмерно,wordnet,adv,наречие,4
exciting,exciting,ɪkˈsaɪtɪŋ,иксайтин,захватывающий,wordnet,verb,глагол,1
exclude,exclude,ɪkˈsklud,иксклуд,исключать,wordnet,verb,глагол,1
exec,exec,ˌɛgˈzɛk,эгзэк,руководитель,wordnet,noun,существительное,1
executes,executes,ˈɛksəˌkjuts,эксэкйутс,выполняет,wordnet,verb,глагол,14
exhibit,exhibit,ɪgˈzɪbɪt,игзибит,выставка,wordnet,noun,существительное,1
existed,existed,ɪgˈzɪstəd,игзистэд,существовал,wordnet,verb,глагол,1
exiting,exiting,ˈɛgzɪtɪŋ,эгзитин,выход,wordnet,verb,глагол,1
expanding,expanding,ɪkˈspændɪŋ,икспэндин,расширение,wordnet,verb,глагол,2
experimental,experimental,ɪkˌspɛrɪˈmɛntəl,икспэримэнтл,экспериментальный,wordnet,adj,прилагательное,1
expires,expires,ɪkˈspaɪərz,икспайэрз,истекает,wordnet,verb,глагол,1
exploitation,exploitation,ˌɛkˌsplɔɪˈteɪʃən,эксплойтэйшн,эксплуатация,wordnet,noun,существительное,1
exponent,exponent,ˈɛkˌspoʊnənt,экспоуннт,показатель степени,wordnet,noun,существительное,5
exposed,exposed,ɪkˈspoʊzd,икспоузд,незащищенный,wordnet,verb,глагол,2
expressing,expressing,ɪkˈsprɛsɪŋ,икспрэсин,выражение,wordnet,verb,глагол,1
facilitates,facilitates,fəˈsɪləˌteɪts,фэсилэтэйтс,облегчает,wordnet,verb,глагол,1
fake,fake,feɪk,фэйк,фальшивый,wordnet,noun,существительное,1
falafel,falafel,fəˈlɑfəl,фэлафл,фалафель,wordnet,noun,существительное,9
familiarize,familiarize,fəˈmɪljərˌaɪz,фэмилйэрайз,ознакомить,wordnet,verb,глагол,1
father,father,ˈfɑðər,фазэр,отец,wordnet,noun,существительное,3
favor,favor,ˈfeɪvər,фэйвэр,услуга,wordnet,noun,существительное,1
favored,favored,ˈfeɪvərd,фэйвэрд,избранный,wordnet,verb,глагол,1
featuring,featuring,ˈfiʧərɪŋ,фичэрин,с участием,wordnet,verb,глагол,2
fee,fee,fi,фи,платеж,wordnet,noun,существительное,1
fermi,fermi,ˈfərmi,фэрми,ферми,wordnet,noun,существительное,3
festa,festa,ˈfɛstə,фэстэ,феста,wordnet,,,1
fig,fig,fɪg,фиг,инжир,wordnet,noun,существительное,62
fight,fight,faɪt,файт,драться,wordnet,noun,существительное,1
finder,finder,ˈfaɪndər,файндэр,искатель,wordnet,noun,существительное,3
fingerprint,fingerprint,ˈfɪŋgərˌprɪnt,фингэрпринт,отпечаток пальца,wordnet,noun,существительное,2
finishing,finishing,ˈfɪnɪʃɪŋ,финишин,отделка,wordnet,noun,существительное,1
firing,firing,ˈfaɪərrɪŋ,файэррин,стрельба,wordnet,noun,существительное,8
firm,firm,fərm,фэрм,твердый,wordnet,noun,существительное,1
firsthand,firsthand,ˈfərsthænd,фэрстхэнд,из первых рук,wordnet,adj,прилагательное,1
fixing,fixing,ˈfɪksɪŋ,фиксин,фиксация,wordnet,noun,существительное,1
fixture,fixture,ˈfɪksʧər,фиксчэр,приспособление,wordnet,noun,существительное,20
flash,flash,flæʃ,флэш,вспышка,wordnet,noun,существительное,1
flashcard,flashcard,ˈflæʃˌkɑrd,флэшкард,карточка,wordnet,noun,существительное,1
fleet,fleet,flit,флит,флот,wordnet,noun,существительное,160
flight,flight,flaɪt,флайт,полет,wordnet,noun,существительное,1
florence,florence,ˈflɔrəns,флорнс,Флоренция,wordnet,noun,существительное,12
fluid,fluid,fluɪd,флуид,жидкость,wordnet,noun,существительное,2
flush,flush,fləʃ,флэш,румянец,wordnet,noun,существительное,2
flying,flying,flaɪɪŋ,флайин,летающий,wordnet,noun,существительное,1
folder,folder,ˈfoʊldər,фоулдэр,папка,wordnet,noun,существительное,89
ford,ford,fɔrd,форд,Форд,wordnet,noun,существительное,7
forgery,forgery,ˈfɔrʤəri,форджэри,подделка,wordnet,noun,существительное,1
forgot,forgot,fərˈgɑt,фэргат,забыл,wordnet,verb,глагол,3
forgotten,forgotten,fərˈgɑtən,фэргатн,забытый,wordnet,verb,глагол,1
forking,forking,ˈfɔrkɪŋ,форкин,разветвление,wordnet,noun,существительное,1
fragment,fragment,ˈfrægmənt,фрэгмнт,фрагмент,wordnet,noun,существительное,1
francisco,francisco,frænˈsɪskoʊ,фрэнсискоу,Франциско,wordnet,,,9
franklin,franklin,ˈfræŋklɪn,фрэнклин,Франклин,wordnet,noun,существительное,1
freedom,freedom,ˈfridəm,фридм,свобода,wordnet,noun,существительное,3
freeze,freeze,friz,фриз,заморозить,wordnet,noun,существительное,3
fruit,fruit,frut,фрут,фрукты,wordnet,noun,существительное,8
frustrated,frustrated,ˈfrəˌstreɪtəd,фрэстрэйтэд,расстроенный,wordnet,verb,глагол,1
fry,fry,fraɪ,фрай,жарить,wordnet,noun,существительное,4
galaxy,galaxy,ˈgæləksi,гэлэкси,галактика,wordnet,noun,существительное,1
gallery,gallery,ˈgæləri,гэлэри,галерея,wordnet,noun,существительное,5
gameplay,gameplay,ˈgeɪmˌpleɪ,гэймплэй,геймплей,wordnet,,,7
gas,gas,gæs,гэс,газ,wordnet,noun,существительное,8
gateway,gateway,ˈgeɪtˌweɪ,гэйтуэй,шлюз,wordnet,noun,существительное,1
gear,gear,gɪr,гир,механизм,wordnet,noun,существительное,1
genetics,genetics,ʤəˈnɛtɪks,джэнэтикс,генетика,wordnet,noun,существительное,1
geo,geo,ˈʤioʊ,джиоу,гео,wordnet,,,10
geographic,geographic,ˌʤiəˈgræfɪk,джиэгрэфик,географический,wordnet,adj,прилагательное,1
geographical,geographical,ˌʤiəˈgræfɪkəl,джиэгрэфикл,географический,wordnet,adj,прилагательное,1
geological,geological,ˌʤiəˈlɑʤɪkəl,джиэладжикл,геологический,wordnet,adj,прилагательное,2
geologist,geologist,ʤiˈɑləʤəst,джиалэджэст,геолог,wordnet,noun,существительное,1
geometric,geometric,ˌʤiəˈmɛtrɪk,джиэмэтрик,геометрический,wordnet,adj,прилагательное,1
geometry,geometry,ʤiˈɑmətri,джиамэтри,геометрия,wordnet,noun,существительное,10
glaring,glaring,ˈglɛrɪŋ,глэрин,яркий,wordnet,verb,глагол,1
glass,glass,glæs,глэс,стекло,wordnet,noun,существительное,1
goldfish,goldfish,ˈgoʊldˌfɪʃ,гоулдфиш,золотая рыбка,wordnet,noun,существительное,3
gov,gov,gəv,гэв,правительство,wordnet,,,6
gracefully,gracefully,ˈgreɪsfəli,грэйсфли,изящно,wordnet,adv,наречие,2
gradually,gradually,ˈgræʤuəli,грэджули,постепенно,wordnet,adv,наречие,1
grain,grain,greɪn,грэйн,зерно,wordnet,noun,существительное,3
grained,grained,greɪnd,грэйнд,зернистый,wordnet,verb,глагол,1
graph,graph,græf,грэф,график,wordnet,noun,существительное,30
gray,gray,greɪ,грэй,серый,wordnet,noun,существительное,3
green,green,grin,грин,зеленый,wordnet,noun,существительное,76
greet,greet,grit,грит,приветствовать,wordnet,verb,глагол,50
greeting,greeting,ˈgritɪŋ,гритин,приветствие,wordnet,noun,существительное,38
greets,greets,grits,гритс,приветствует,wordnet,verb,глагол,4
greg,greg,grɛg,грэг,Грег,wordnet,,,1
growth,growth,groʊθ,гроус,рост,wordnet,noun,существительное,1
grunt,grunt,grənt,грнт,ворчать,wordnet,noun,существительное,1
guessing,guessing,ˈgɛsɪŋ,гэсин,угадывание,wordnet,noun,существительное,1
guest,guest,gɛst,гэст,гость,wordnet,noun,существительное,25
guideline,guideline,ˈgaɪˌdlaɪn,гайдлайн,ориентир,wordnet,noun,существительное,21
hacker,hacker,ˈhækər,хэкэр,хакер,wordnet,noun,существительное,22
halt,halt,hɔlt,холт,остановка,wordnet,noun,существительное,1
hamster,hamster,ˈhæmstər,хэмстэр,хомяк,wordnet,noun,существительное,24
handled,handled,ˈhændəld,хэндлд,обработанный,wordnet,verb,глагол,6
handling,handling,ˈhændəlɪŋ,хэндлин,умение обращаться,wordnet,noun,существительное,12
hannah,hannah,ˈhænə,хэнэ,Ханна,wordnet,,,2
happenstance,happenstance,ˈhæpənˌstæns,хэпнстэнс,случайность,wordnet,noun,существительное,1
hardly,hardly,ˈhɑrdli,хардли,едва ли,wordnet,adv,наречие,1
harry,harry,ˈhɛri,хэри,Гарри,wordnet,verb,глагол,23
hash,hash,hæʃ,хэш,хэш,wordnet,noun,существительное,14
hawaiian,hawaiian,həˈwaɪən,хэуайн,гавайский,wordnet,noun,существительное,1
heading,heading,ˈhɛdɪŋ,хэдин,заголовок,wordnet,noun,существительное,1
headline,headline,ˈhɛˌdlaɪn,хэдлайн,заголовок,wordnet,noun,существительное,2
height,height,haɪt,хайт,высота,wordnet,noun,существительное,45
hello,hello,hɛˈloʊ,хэлоу,привет,wordnet,noun,существительное,142
helping,helping,ˈhɛlpɪŋ,хэлпин,помощь,wordnet,noun,существительное,4
hendrix,hendrix,ˈhɛndrɪks,хэндрикс,Хендрикс,wordnet,noun,существительное,9
hewlett,hewlett,ˈhjulɪt,хйулит,Хьюлетт,wordnet,,,1
hex,hex,hɛks,хэкс,шестигранник,wordnet,noun,существительное,1
hidden,hidden,ˈhɪdən,хидн,скрытый,wordnet,verb,глагол,14
highlighted,highlighted,ˈhaɪˌlaɪtɪd,хайлайтид,выделено,wordnet,verb,глагол,4
histogram,histogram,ˈhɪstəˌgræm,хистэгрэм,гистограмма,wordnet,noun,существительное,4
historically,historically,hɪˈstɔrɪkəli,хисторикли,исторически,wordnet,adv,наречие,1
hitting,hitting,ˈhɪtɪŋ,хитин,удар,wordnet,noun,существительное,2
hobby,hobby,ˈhɑbi,хаби,хобби,wordnet,noun,существительное,1
hole,hole,hoʊl,хоул,дыра,wordnet,noun,существительное,1
honda,honda,ˈhɔndə,хондэ,Хонда,wordnet,,,33
hook,hook,hʊk,хук,крюк,wordnet,noun,существительное,3
hooker,hooker,ˈhʊkər,хукэр,проститутка,wordnet,noun,существительное,4
hoped,hoped,hoʊpt,хоупт,надеялся,wordnet,verb,глагол,1
hoping,hoping,ˈhoʊpɪŋ,хоупин,надеясь,wordnet,verb,глагол,1
horizontal,horizontal,ˌhɔrəˈzɑntəl,хорэзантл,горизонтальный,wordnet,noun,существительное,13
hovers,hovers,ˈhəvərz,хэвэрз,зависает,wordnet,verb,глагол,2
humbling,humbling,ˈhəmbəlɪŋ,хмблин,унизительный,wordnet,verb,глагол,1
hunting,hunting,ˈhəntɪŋ,хнтин,охота,wordnet,noun,существительное,1
hyperlink,hyperlink,ˈhaɪpərlɪŋk,хайпэрлинк,гиперссылка,wordnet,noun,существительное,1
ice,ice,aɪs,айс,лед,wordnet,noun,существительное,13
iceland,iceland,ˈaɪslənd,айслнд,Исландия,wordnet,noun,существительное,1
icon,icon,ˈaɪkɑn,айкан,икона,wordnet,noun,существительное,6
ide,ide,aɪd,айд,язь,wordnet,,,9
ideal,ideal,aɪˈdil,айдил,идеальный,wordnet,noun,существительное,5
identifies,identifies,aɪˈdɛntəˌfaɪz,айдэнтэфайз,идентифицирует,wordnet,verb,глагол,2
ignored,ignored,ˌɪgˈnɔrd,игнорд,игнорируется,wordnet,verb,глагол,4
ignores,ignores,ˌɪgˈnɔrz,игнорз,игнорирует,wordnet,verb,глагол,5
ignoring,ignoring,ˌɪgˈnɔrɪŋ,игнорин,игнорирование,wordnet,verb,глагол,9
illusion,illusion,ˌɪˈluʒən,илужн,иллюзия,wordnet,noun,существительное,1
illustrator,illustrator,ˈɪləˌstreɪtər,илэстрэйтэр,иллюстратор,wordnet,noun,существительное,1
immediate,immediate,ˌɪˈmiˌdiət,имидиэт,немедленный,wordnet,adj,прилагательное,1
immensely,immensely,ˌɪˈmɛnsli,имэнсли,безмерно,wordnet,adv,наречие,1
impossibly,impossibly,ˌɪmˈpɑsəbli,импасэбли,невозможно,wordnet,adv,наречие,1
impressive,impressive,ˌɪmˈprɛsɪv,импрэсив,впечатляющий,wordnet,adj,прилагательное,2
improperly,improperly,ˌɪmˈprɑpərli,импрапэрли,неправильно,wordnet,adv,наречие,1
inaccuracy,inaccuracy,ˌɪˈnækjərəsi,инэкйэрэси,неточность,wordnet,noun,существительное,1
inactive,inactive,ˌɪˈnæktɪv,инэктив,неактивный,wordnet,adj,прилагательное,14
inanimate,inanimate,ˌɪˈnænəmət,инэнмэт,неодушевленный,wordnet,adj,прилагательное,1
inch,inch,ɪnʧ,инч,дюйм,wordnet,noun,существительное,11
inclusive,inclusive,ˌɪnˈklusɪv,инклусив,инклюзивный,wordnet,adj,прилагательное,1
incoming,incoming,ˈɪnˌkəmɪŋ,инкмин,входящий,wordnet,noun,существительное,5
incorrect,incorrect,ˌɪnkərˈɛkt,инкэрэкт,неправильный,wordnet,adj,прилагательное,3
incorrectly,incorrectly,ˌɪnkərˈɛktli,инкэрэктли,неправильно,wordnet,adv,наречие,1
increment,increment,ˈɪnkrəmənt,инкрмнт,приращение,wordnet,noun,существительное,27
incremental,incremental,ˌɪnkrəˈmɛntəl,инкрэмэнтл,постепенный,wordnet,adj,прилагательное,1
indent,indent,ˌɪnˈdɛnt,индэнт,отступ,wordnet,noun,существительное,30
indicated,indicated,ˈɪndəˌkeɪtɪd,индэкэйтид,указано,wordnet,verb,глагол,3
indicator,indicator,ˈɪndəˌkeɪtər,индэкэйтэр,индикатор,wordnet,noun,существительное,2
indirectly,indirectly,ˌɪndərˈɛkˌtli,индэрэктли,косвенно,wordnet,adv,наречие,1
inequality,inequality,ˌɪnɪkˈwɑləti,иникуалэти,неравенство,wordnet,noun,существительное,9
informational,informational,ˌɪnˈfɔrˌmeɪʃənəl,информэйшнл,информационный,wordnet,adj,прилагательное,1
informed,informed,ˌɪnˈfɔrmd,информд,информированный,wordnet,verb,глагол,2
informing,informing,ˌɪnˈfɔrmɪŋ,информин,информирование,wordnet,noun,существительное,7
infrastructure,infrastructure,ˌɪnfrəˈstrəkʧər,инфрэстрэкчэр,инфраструктура,wordnet,noun,существительное,3
infringement,infringement,ˌɪnˈfrɪnʤmənt,инфринджмнт,нарушение,wordnet,noun,существительное,1
inherent,inherent,ˌɪnˈhɛrənt,инхэрнт,присущий,wordnet,adj,прилагательное,1
initialized,initialized,ˌɪˈnɪʃəˌlaɪzd,инишлайзд,инициализирован,wordnet,verb,глагол,4
initially,initially,ˌɪˈnɪʃəli,инишли,изначально,wordnet,adv,наречие,5
innocent,innocent,ˈɪnəsənt,инэснт,невиновный,wordnet,noun,существительное,2
inquiry,inquiry,ˌɪnkˈwaɪˌri,инкуайри,расследование,wordnet,noun,существительное,1
insensitive,insensitive,ˌɪnˈsɛnsɪtɪv,инсэнситив,бесчувственный,wordnet,adj,прилагательное,2
inspects,inspects,ˌɪnˈspɛkts,инспэктс,проверяет,wordnet,verb,глагол,1
inspire,inspire,ˌɪnˈspaɪr,инспайр,вдохновлять,wordnet,verb,глагол,1
intend,intend,ˌɪnˈtɛnd,интэнд,намереваться,wordnet,verb,глагол,2
intentional,intentional,ˌɪnˈtɛnʃənəl,интэншнл,преднамеренный,wordnet,adj,прилагательное,2
intentionally,intentionally,ˌɪnˈtɛnʃənəli,интэншнли,намеренно,wordnet,adv,наречие,1
interacts,interacts,ˌɪnərˈækts,инэрэктс,взаимодействует,wordnet,verb,глагол,2
interfering,interfering,ˌɪnərˈfɪrɪŋ,инэрфирин,мешающий,wordnet,verb,глагол,1
interior,interior,ˌɪnˈtɪriər,интириэр,интерьер,wordnet,noun,существительное,1
internet,internet,ˈɪntərˌnɛt,интэрнэт,Интернет,wordnet,noun,существительное,6
interpreter,interpreter,ˌɪnˈtərprətər,интэрпрэтэр,устный переводчик,wordnet,noun,существительное,39
interprets,interprets,ˌɪnˈtərprəts,интэрпрэтс,интерпретирует,wordnet,verb,глагол,8
interrupt,interrupt,ˌɪntərˈəpt,интэрэпт,прерывать,wordnet,noun,существительное,1
intrepid,intrepid,ˌɪnˈtrɛpəd,интрэпэд,бесстрашный,wordnet,adj,прилагательное,1
intricacy,intricacy,ˈɪntrəkəsi,интрэкэси,запутанность,wordnet,noun,существительное,1
intro,intro,ˈɪntroʊ,интроу,вступление,wordnet,noun,существительное,1
introspection,introspection,ˌɪntrəˈspɛkʃən,интрэспэкшн,самоанализ,wordnet,noun,существительное,1
invader,invader,ˌɪnˈveɪdər,инвэйдэр,захватчик,wordnet,noun,существительное,1
invasion,invasion,ˌɪnˈveɪʒən,инвэйжн,вторжение,wordnet,noun,существительное,147
invest,invest,ˌɪnˈvɛst,инвэст,инвестировать,wordnet,verb,глагол,1
invitation,invitation,ˌɪnvɪˈteɪʃən,инвитэйшн,приглашение,wordnet,noun,существительное,4
invite,invite,ˌɪnˈvaɪt,инвайт,приглашать,wordnet,noun,существительное,10
inviting,inviting,ˌɪnˈvaɪtɪŋ,инвайтин,приглашая,wordnet,verb,глагол,7
involve,involve,ˌɪnˈvɑlv,инвалв,вовлекать,wordnet,verb,глагол,8
involvement,involvement,ˌɪnˈvɑlvmənt,инвалвмнт,участие,wordnet,noun,существительное,1
involves,involves,ˌɪnˈvɑlvz,инвалвз,включает в себя,wordnet,verb,глагол,11
involving,involving,ˌɪnˈvɑlvɪŋ,инвалвин,с участием,wordnet,verb,глагол,2
irv,irv,ərv,эрв,IRV,wordnet,,,1
isolate,isolate,ˈaɪsəˌleɪt,айслэйт,изолировать,wordnet,verb,глагол,2
isolated,isolated,ˈaɪsəˌleɪtɪd,айслэйтид,изолированный,wordnet,verb,глагол,1
isolating,isolating,ˈaɪsəˌleɪtɪŋ,айслэйтин,изолирующий,wordnet,verb,глагол,1
issued,issued,ˈɪʃud,ишуд,изданный,wordnet,verb,глагол,4
issuing,issuing,ˈɪʃuɪŋ,ишуин,выпуск,wordnet,noun,существительное,5
janis,janis,ˈʤænɪs,джэнис,Дженис,wordnet,,,16
jen,jen,ʤɛn,джэн,Джен,wordnet,,,12
jennifer,jennifer,ˈʤɛnəfər,джэнэфэр,Дженнифер,wordnet,,,2
jesse,jesse,ˈʤɛsi,джэси,Джесси,wordnet,,,7
jill,jill,ʤɪl,джил,Джилл,wordnet,,,1
jimi,jimi,ˈʤɪmi,джими,Джими,wordnet,,,9
john,john,ʤɑn,джан,Джон,wordnet,noun,существительное,8
joplin,joplin,ˈʤɑplɪn,джаплин,Джоплин,wordnet,noun,существительное,16
journal,journal,ˈʤərnəl,джэрнл,журнал,wordnet,noun,существительное,6
judgement,judgement,ˈʤəʤmənt,джэджмнт,суждение,wordnet,noun,существительное,1
july,july,ˌʤuˈlaɪ,джулай,июль,wordnet,noun,существительное,5
jumbotron,jumbotron,ˈʤəmboʊtrɔn,джмбоутрон,Джамботрон,wordnet,,,7
jun,jun,ʤən,джн,июнь,wordnet,,,3
kalb,kalb,kælb,кэлб,калб,wordnet,,,1
kenneth,kenneth,ˈkɛnɪθ,кэнис,Кеннет,wordnet,,,6
kepler,kepler,ˈkɛplər,кэплэр,Кеплер,wordnet,noun,существительное,2
kid,kid,kɪd,кид,ребенок,wordnet,noun,существительное,4
knight,knight,naɪt,найт,рыцарь,wordnet,noun,существительное,2
laden,laden,ˈleɪdən,лэйдн,нагруженный,wordnet,verb,глагол,1
landslide,landslide,ˈlænsˌlaɪd,лэнслайд,оползень,wordnet,noun,существительное,1
largely,largely,ˈlɑrʤli,ларджли,в основном,wordnet,adv,наречие,1
lasting,lasting,ˈlæstɪŋ,лэстин,длительный,wordnet,verb,глагол,1
lastly,lastly,ˈlæstli,лэстли,наконец,wordnet,adv,наречие,1
lat,lat,lɑt,лат,лат.,wordnet,noun,существительное,19
latitude,latitude,ˈlætəˌtud,лэтэтуд,широта,wordnet,noun,существительное,15
laugh,laugh,læf,лэф,смех,wordnet,noun,существительное,1
lay,lay,leɪ,лэй,класть,wordnet,noun,существительное,2
leaf,leaf,lif,лиф,лист,wordnet,noun,существительное,50
lee,lee,li,ли,Ли,wordnet,noun,существительное,4
lengthy,lengthy,ˈlɛŋθi,лэнси,длинный,wordnet,adj,прилагательное,4
leveling,leveling,ˈlɛvəlɪŋ,лэвлин,выравнивание,wordnet,noun,существительное,2
licensed,licensed,ˈlaɪsənst,лайснст,лицензированный,wordnet,verb,глагол,1
licensing,licensing,ˈlaɪsənsɪŋ,лайснсин,лицензирование,wordnet,verb,глагол,1
lighter,lighter,ˈlaɪtər,лайтэр,легче,wordnet,noun,существительное,3
liked,liked,laɪkt,лайкт,понравилось,wordnet,verb,глагол,1
likely,likely,ˈlaɪkli,лайкли,вероятный,wordnet,adj,прилагательное,36
limitless,limitless,ˈlɪmətləs,лимэтлэс,безграничный,wordnet,adj,прилагательное,1
listen,listen,ˈlɪsən,лисн,слушать,wordnet,verb,глагол,1
listening,listening,ˈlɪsənɪŋ,лиснин,слушаю,wordnet,noun,существительное,1
literary,literary,ˈlɪtərˌɛri,литэрэри,литературный,wordnet,adj,прилагательное,3
lively,lively,ˈlaɪvli,лайвли,живой,wordnet,adj,прилагательное,1
liven,liven,ˈlaɪvən,лайвн,оживить,wordnet,verb,глагол,1
liz,liz,lɪz,лиз,Лиз,wordnet,,,1
logged,logged,lɔgd,логд,зарегистрирован,wordnet,verb,глагол,34
lon,lon,lɑn,лан,Лондон,wordnet,,,9
longitude,longitude,ˈlɑnʤəˌtud,ланджэтуд,долгота,wordnet,noun,существительное,16
longtime,longtime,ˈlɔŋˌtaɪm,лонтайм,много времени,wordnet,adj,прилагательное,1
lons,lons,lɑnz,ланз,долго,wordnet,,,10
loses,loses,ˈluzɪz,лузиз,проигрывает,wordnet,verb,глагол,4
lottery,lottery,ˈlɑtəri,латэри,лотерея,wordnet,noun,существительное,5
lovelace,lovelace,ˈləvˌleɪs,лэвлэйс,ловелас,wordnet,noun,существительное,12
lover,lover,ˈləvər,лэвэр,возлюбленный,wordnet,noun,существительное,1
lucy,lucy,ˈlusi,луси,Люси,wordnet,noun,существительное,4
lynn,lynn,lɪn,лин,Линн,wordnet,,,2
lytle,lytle,ˈlaɪtəl,лайтл,Литл,wordnet,,,1
magazine,magazine,ˈmægəˌzin,мэгэзин,журнал,wordnet,noun,существительное,1
magician,magician,məˈʤɪʃən,мэджишн,волшебник,wordnet,noun,существительное,81
maintained,maintained,meɪnˈteɪnd,мэйнтэйнд,поддерживается,wordnet,verb,глагол,2
maintaining,maintaining,meɪnˈteɪnɪŋ,мэйнтэйнин,поддержание,wordnet,verb,глагол,5
malfunction,malfunction,mælˈfəŋkʃən,мэлфэнкшн,неисправность,wordnet,noun,существительное,1
mandarin,mandarin,ˈmændərən,мэндэрн,мандарин,wordnet,noun,существительное,4
maneuverable,maneuverable,məˈnuvərəbəl,мэнувэрэбл,маневренный,wordnet,adj,прилагательное,1
margot,margot,ˈmɑrgoʊ,маргоу,Марго,wordnet,,,2
marie,marie,mərˈi,мэри,Мари,wordnet,,,5
marketing,marketing,ˈmɑrkətɪŋ,маркэтин,маркетинг,wordnet,noun,существительное,1
markup,markup,ˈmɑrˌkəp,маркэп,наценка,wordnet,noun,существительное,1
martina,martina,mɑrˈtinə,мартинэ,Мартина,wordnet,,,12
mastered,mastered,ˈmæstərd,мэстэрд,освоен,wordnet,verb,глагол,1
matthes,matthes,ˈmæθɪz,мэсиз,Маттес,wordnet,,,8
mature,mature,məˈʧʊr,мэчур,зрелый,wordnet,verb,глагол,1
mcnair,mcnair,məkˈnɛr,мэкнэр,Макнейр,wordnet,,,2
meaningless,meaningless,ˈminɪŋləs,мининлэс,бессмысленный,wordnet,adj,прилагательное,1
meat,meat,mit,мит,мясо,wordnet,noun,существительное,1
middle,middle,ˈmɪdəl,мидл,середина,wordnet,noun,существительное,60
midnight,midnight,ˈmɪdˌnaɪt,миднайт,полночь,wordnet,noun,существительное,1
migrates,migrates,ˈmaɪˌgreɪts,майгрэйтс,мигрирует,wordnet,verb,глагол,1
migration,migration,maɪˈgreɪʃən,майгрэйшн,миграция,wordnet,noun,существительное,32
mile,mile,maɪl,майл,миля,wordnet,noun,существительное,25
mindset,mindset,ˈmaɪndˌsɛt,майндсэт,мышление,wordnet,noun,существительное,1
minimalist,minimalist,ˈmɪnəməlɪst,минмлист,минималистский,wordnet,noun,существительное,2
minimally,minimally,ˈmɪnəməli,минмли,минимально,wordnet,adv,наречие,1
mismatched,mismatched,mɪsˈmæʧt,мисмэчт,несовпадающий,wordnet,verb,глагол,3
miss,miss,mɪs,мис,скучать,wordnet,noun,существительное,3
missed,missed,mɪst,мист,пропущенный,wordnet,verb,глагол,3
misspelled,misspelled,mɪˈspɛld,миспэлд,с ошибкой,wordnet,verb,глагол,3
mixed,mixed,mɪkst,микст,смешанный,wordnet,verb,глагол,1
mixer,mixer,ˈmɪksər,миксэр,миксер,wordnet,noun,существительное,1
moby,moby,ˈmoʊbi,моуби,Моби,wordnet,,,5
modeled,modeled,ˈmɑdəld,мадлд,смоделированный,wordnet,verb,глагол,3
moderate,moderate,ˈmɑdərˌeɪt,мадэрэйт,умеренный,wordnet,noun,существительное,2
molecular,molecular,məˈlɛkjələr,мэлэкйлэр,молекулярный,wordnet,adj,прилагательное,3
molecule,molecule,ˈmɑləˌkjul,малэкйул,молекула,wordnet,noun,существительное,1
momentarily,momentarily,ˌmoʊmənˈtɛrəli,моумнтэрли,на мгновение,wordnet,adv,наречие,1
mon,mon,mɑn,ман,понедельник,wordnet,noun,существительное,1
monday,monday,ˈmənˌdeɪ,мндэй,понедельник,wordnet,noun,существительное,1
monterey,monterey,ˌmɑntəˈreɪ,мантэрэй,Монтерей,wordnet,noun,существительное,1
monthly,monthly,ˈmənθli,мнсли,ежемесячно,wordnet,noun,существительное,1
monty,monty,ˈmɔnti,монти,Монти,wordnet,,,1
morrow,morrow,ˈmɔroʊ,мороу,завтра,wordnet,noun,существительное,2
moses,moses,ˈmoʊzɪs,моузис,Моисей,wordnet,noun,существительное,1
motionless,motionless,ˈmoʊʃənləs,моушнлэс,неподвижный,wordnet,adj,прилагательное,1
motivation,motivation,ˌmoʊtəˈveɪʃən,моутэвэйшн,мотивация,wordnet,noun,существительное,1
motorcycle,motorcycle,ˈmoʊtərˌsaɪkəl,моутэрсайкл,мотоцикл,wordnet,noun,существительное,79
mount,mount,maʊnt,маунт,устанавливать,wordnet,noun,существительное,3
mountain,mountain,ˈmaʊntən,маунтн,гора,wordnet,noun,существительное,9
mountainous,mountainous,ˈmaʊntənəs,маунтнэс,гористый,wordnet,adj,прилагательное,1
mouse,mouse,maʊs,маус,мышь,wordnet,noun,существительное,43
movie,movie,ˈmuvi,муви,фильм,wordnet,noun,существительное,4
mozart,mozart,ˈmoʊzɑrt,моузарт,Моцарт,wordnet,noun,существительное,4
multiplying,multiplying,ˈməltəˌplaɪɪŋ,млтэплайин,умножение,wordnet,verb,глагол,3
mushroom,mushroom,ˈməʃrum,мэшрум,гриб,wordnet,noun,существительное,37
music,music,mˈjuzɪk,мйузик,музыка,wordnet,noun,существительное,1
musician,musician,mjuˈzɪʃən,мйузишн,музыкант,wordnet,noun,существительное,15
mustang,mustang,ˈməˌstæŋ,мэстэн,мустанг,wordnet,noun,существительное,13
myth,myth,mɪθ,мис,миф,wordnet,noun,существительное,1
nasa,nasa,ˈnæsə,нэсэ,НАСА,wordnet,noun,существительное,1
nautilus,nautilus,ˈnɔtələs,нотлэс,Наутилус,wordnet,noun,существительное,1
nav,nav,næv,нэв,навигация,wordnet,,,13
navigation,navigation,ˌnævəˈgeɪʃən,нэвэгэйшн,навигация,wordnet,noun,существительное,33
near,near,nɪr,нир,около,wordnet,verb,глагол,9
nicer,nicer,ˈnaɪsər,найсэр,приятнее,wordnet,adj,прилагательное,1
nickname,nickname,ˈnɪkˌneɪm,никнэйм,прозвище,wordnet,noun,существительное,2
nile,nile,naɪl,найл,Нил,wordnet,noun,существительное,2
nissan,nissan,ˈnisɑn,нисан,Ниссан,wordnet,noun,существительное,20
nonsense,nonsense,ˈnɑnsɛns,нансэнс,ерунда,wordnet,noun,существительное,1
nonspecific,nonspecific,ˌnɑnspəˈsɪfɪk,нанспэсифик,неспецифический,wordnet,adj,прилагательное,1
nontechnical,nontechnical,nɑnˈtɛknɪkəl,нантэкникл,нетехнический,wordnet,adj,прилагательное,1
normally,normally,ˈnɔrməli,нормли,обычно,wordnet,adv,наречие,2
northwest,northwest,ˌnɔrθˈwɛst,норсуэст,северо-запад,wordnet,noun,существительное,1
numerous,numerous,ˈnumərəs,нумэрэс,многочисленные,wordnet,adj,прилагательное,1
nut,nut,nət,нэт,орех,wordnet,noun,существительное,1
obstacle,obstacle,ˈɑbstəkəl,абстэкл,препятствие,wordnet,noun,существительное,1
occasionally,occasionally,ɔˈkeɪʒənəˌli,окэйжнли,изредка,wordnet,adv,наречие,2
occupation,occupation,ˌɑkjəˈpeɪʃən,акйэпэйшн,занятие,wordnet,noun,существительное,1
occupies,occupies,ˈɑkjəˌpaɪz,акйэпайз,занимает,wordnet,verb,глагол,1
occur,occur,əˈkər,экэр,происходить,wordnet,verb,глагол,9
occurred,occurred,əˈkərd,экэрд,произошел,wordnet,verb,глагол,6
occurs,occurs,əˈkərz,экэрз,происходит,wordnet,verb,глагол,18
oct,oct,ɔkt,окт,октябрь,wordnet,noun,существительное,1
odometer,odometer,ˌoʊˈdɑmətər,оудамэтэр,одометр,wordnet,noun,существительное,81
oldest,oldest,ˈoʊldəst,оулдэст,самый старый,wordnet,adj,прилагательное,1
olive,olive,ˈɑlɪv,алив,оливковый,wordnet,noun,существительное,1
omitting,omitting,oʊˈmɪtɪŋ,оумитин,опуская,wordnet,verb,глагол,3
ongoing,ongoing,ˈɔnˌgoʊɪŋ,онгоуин,непрерывный,wordnet,adj,прилагательное,6
onion,onion,ˈənjən,нйн,лук,wordnet,noun,существительное,1
oop,oop,up,уп,упс,wordnet,,,3
opacity,opacity,oʊˈpæsəti,оупэсэти,непрозрачность,wordnet,noun,существительное,4
opened,opened,ˈoʊpənd,оупнд,открыт,wordnet,verb,глагол,4
openly,openly,ˈoʊpənli,оупнли,открыто,wordnet,adv,наречие,1
organize,organize,ˈɔrgəˌnaɪz,оргнайз,организовать,wordnet,verb,глагол,12
outback,outback,ˈaʊtˌbæk,аутбэк,глубинка,wordnet,noun,существительное,3
outdated,outdated,ˈaʊtˌdeɪtɪd,аутдэйтид,устаревший,wordnet,adj,прилагательное,4
overcrowding,overcrowding,ˈoʊvərˌkraʊdɪŋ,оувэркраудин,перенаселенность,wordnet,verb,глагол,1
overly,overly,ˈoʊvərli,оувэрли,чрезмерно,wordnet,adv,наречие,2
overwhelming,overwhelming,ˌoʊvərˈwɛlmɪŋ,оувэруэлмин,подавляющий,wordnet,verb,глагол,1
owned,owned,oʊnd,оунд,принадлежащий,wordnet,verb,глагол,13
ownership,ownership,ˈoʊnərˌʃɪp,оунэршип,собственность,wordnet,noun,существительное,1
owns,owns,oʊnz,оунз,владеет,wordnet,verb,глагол,2
paced,paced,peɪst,пэйст,шагал,wordnet,verb,глагол,1
pacific,pacific,pəˈsɪfɪk,пэсифик,Тихоокеанский,wordnet,noun,существительное,1
packard,packard,ˈpækərd,пэкэрд,паккард,wordnet,,,1
pane,pane,peɪn,пэйн,панель,wordnet,noun,существительное,3
paris,paris,ˈpɛrɪs,пэрис,Париж,wordnet,noun,существительное,2
parrot,parrot,ˈpɛrət,пэрэт,попугай,wordnet,noun,существительное,5
participant,participant,pɑrˈtɪsəpənt,партисэпнт,участник,wordnet,noun,существительное,1
participating,participating,pɑrˈtɪsəˌpeɪtɪŋ,партисэпэйтин,участие,wordnet,verb,глагол,1
particular,particular,ˌpɑˈtɪkjələr,патикйлэр,особый,wordnet,noun,существительное,41
pass,pas,pɑz,паз,пас,wordnet,noun,существительное,30
pastrami,pastrami,pəˈstrɑmi,пэстрами,пастрами,wordnet,noun,существительное,6
patch,patch,pæʧ,пэч,пластырь,wordnet,noun,существительное,1
pause,pause,pɔz,поз,пауза,wordnet,noun,существительное,11
payload,payload,ˈpeɪˌloʊd,пэйлоуд,полезная нагрузка,wordnet,noun,существительное,1
pendant,pendant,ˈpɛndənt,пэнднт,кулон,wordnet,noun,существительное,5
pepper,pepper,ˈpɛpər,пэпэр,перец,wordnet,noun,существительное,22
pepperoni,pepperoni,ˌpɛpərˈoʊni,пэпэроуни,пепперони,wordnet,noun,существительное,22
periodically,periodically,ˌpiriˈɑdɪkəli,пириадикли,периодически,wordnet,adv,наречие,1
perl,perl,pərl,пэрл,перл,wordnet,,,1
permanent,permanent,ˈpərmɑˌnɛnt,пэрманэнт,постоянный,wordnet,noun,существительное,2
persistent,persistent,pərˈsɪstənt,пэрсистнт,настойчивый,wordnet,adj,прилагательное,1
personalize,personalize,ˈpərsənəˌlaɪz,пэрснлайз,персонализировать,wordnet,verb,глагол,3
personalized,personalized,ˈpərsənəˌlaɪzd,пэрснлайзд,персонализированный,wordnet,verb,глагол,9
pet,pet,pɛt,пэт,домашний питомец,wordnet,noun,существительное,101
phenomenon,phenomenon,fəˈnɑməˌnɑn,фэнамнан,явление,wordnet,noun,существительное,1
phil,phil,fɪl,фил,Фил,wordnet,,,14
phone,phone,foʊn,фоун,телефон,wordnet,noun,существительное,9
photoshop,photoshop,ˈfoʊˌtoʊˌʃɑp,фоутоушап,фотошоп,wordnet,,,1
phrase,phrase,freɪz,фрэйз,фраза,wordnet,noun,существительное,5
piloting,piloting,ˈpaɪlətɪŋ,пайлэтин,пилотирование,wordnet,noun,существительное,2
pineapple,pineapple,ˈpaɪˌnæpəl,пайнэпл,ананас,wordnet,noun,существительное,3
pioneering,pioneering,ˌpaɪəˈnɪrɪŋ,пайэнирин,новаторский,wordnet,verb,глагол,1
pixel,pixel,ˈpɪksəl,пиксл,пиксель,wordnet,noun,существительное,18
pizza,pizza,ˈpitsə,питсэ,пицца,wordnet,noun,существительное,178
pizzeria,pizzeria,ˌpitsərˈiə,питсэриэ,пиццерия,wordnet,noun,существительное,17
placement,placement,ˈpleɪsmənt,плэйсмнт,размещение,wordnet,noun,существительное,4
placing,placing,ˈpleɪsɪŋ,плэйсин,размещение,wordnet,verb,глагол,2
plate,plate,pleɪt,плэйт,тарелка,wordnet,noun,существительное,1
played,played,pleɪd,плэйд,играл,wordnet,verb,глагол,1
pleasant,pleasant,ˈplɛzənt,плэзнт,приятный,wordnet,adj,прилагательное,1
plotted,plotted,ˈplɑtɪd,платид,построенный,wordnet,verb,глагол,9
plotting,plotting,ˈplɑtɪŋ,платин,заговор,wordnet,verb,глагол,23
pointless,pointless,ˈpɔɪntləs,пойнтлэс,бессмысленный,wordnet,adj,прилагательное,1
political,political,pəˈlɪtɪkəl,пэлитикл,политический,wordnet,adj,прилагательное,1
poll,poll,poʊl,поул,голосование,wordnet,noun,существительное,35
polled,polled,poʊld,поулд,опросили,wordnet,verb,глагол,1
pollen,pollen,ˈpɑlən,палн,пыльца,wordnet,noun,существительное,3
polling,polling,ˈpoʊlɪŋ,поулин,опрос,wordnet,verb,глагол,13
pollock,pollock,ˈpɑlək,палэк,минтай,wordnet,noun,существительное,2
popped,popped,pɑpt,папт,лопнул,wordnet,verb,глагол,5
popping,popping,ˈpɑpɪŋ,папин,треск,wordnet,noun,существительное,3
populated,populated,ˈpɑpjəˌleɪtəd,папйлэйтэд,населенный,wordnet,verb,глагол,1
population,population,ˌpɑpjəˈleɪʃən,папйэлэйшн,население,wordnet,noun,существительное,11
positioned,positioned,pəˈzɪʃənd,пэзишнд,расположен,wordnet,verb,глагол,1
positioning,positioning,pəˈzɪʃənɪŋ,пэзишнин,позиционирование,wordnet,noun,существительное,1
poss,poss,pɔs,пос,возможно,wordnet,,,10
possibly,possibly,ˈpɑsəbli,пасэбли,возможно,wordnet,adv,наречие,1
post,post,poʊst,поуст,почта,wordnet,noun,существительное,82
posting,posting,ˈpoʊstɪŋ,поустин,размещение,wordnet,noun,существительное,1
practically,practically,ˈpræktɪkəli,прэктикли,практически,wordnet,adv,наречие,1
practiced,practiced,ˈpræktɪst,прэктист,практиковался,wordnet,verb,глагол,1
practicing,practicing,ˈpræktɪsɪŋ,прэктисин,практикующий,wordnet,verb,глагол,3
praise,praise,preɪz,прэйз,хвалить,wordnet,noun,существительное,1
precipitation,precipitation,prɪˌsɪpɪˈteɪʃən,присипитэйшн,осадки,wordnet,noun,существительное,1
precisely,precisely,prɪˈsaɪsli,присайсли,именно так,wordnet,adv,наречие,2
preferably,preferably,ˈprɛfərəbli,прэфэрэбли,предпочтительно,wordnet,adv,наречие,1
prepares,prepares,pərˈpɛrz,пэрпэрз,готовит,wordnet,verb,глагол,1
prepped,prepped,prɛpt,прэпт,подготовленный,wordnet,,,1
prepping,prepping,ˈprɛpɪŋ,прэпин,подготовка,wordnet,,,2
presentable,presentable,prəˈzɛntəbəl,прэзэнтэбл,презентабельный,wordnet,adj,прилагательное,2
pressed,pressed,prɛst,прэст,прессованный,wordnet,verb,глагол,6
preventing,preventing,prɪˈvɛnɪŋ,привэнин,предотвращение,wordnet,verb,глагол,5
primarily,primarily,praɪˈmɛrəli,праймэрли,прежде всего,wordnet,adv,наречие,3
princeton,princeton,ˈprɪnstən,принстн,Принстон,wordnet,noun,существительное,5
printout,printout,ˈprɪnˌtaʊt,принтаут,распечатать,wordnet,noun,существительное,1
privilege,privilege,ˈprɪvɪlɪʤ,привилидж,привилегия,wordnet,noun,существительное,19
prize,prize,praɪz,прайз,приз,wordnet,noun,существительное,1
profession,profession,prəˈfɛʃən,прэфэшн,профессия,wordnet,noun,существительное,1
professionally,professionally,prəˈfɛʃənəli,прэфэшнли,профессионально,wordnet,adv,наречие,1
profound,profound,proʊˈfaʊnd,проуфаунд,глубокий,wordnet,adj,прилагательное,1
programmed,programmed,ˈproʊˌgræmd,проугрэмд,запрограммирован,wordnet,verb,глагол,2
progressive,progressive,prəˈgrɛsɪv,прэгрэсив,прогрессивный,wordnet,noun,существительное,1
progressively,progressively,prɑˈgrɛsɪvli,прагрэсивли,постепенно,wordnet,adv,наречие,1
promotional,promotional,pərˈmoʊʃənəl,пэрмоушнл,рекламный,wordnet,adj,прилагательное,1
prompted,prompted,ˈprɑmptɪd,прамптид,подсказал,wordnet,verb,глагол,2
prompting,prompting,ˈprɑmptɪŋ,прамптин,подсказка,wordnet,noun,существительное,3
protected,protected,prəˈtɛktɪd,прэтэктид,защищенный,wordnet,verb,глагол,3
protecting,protecting,prəˈtɛktɪŋ,прэтэктин,защита,wordnet,verb,глагол,6
protection,protection,prəˈtɛkʃən,прэтэкшн,защита,wordnet,noun,существительное,1
publicly,publicly,ˈpəblɪkli,пэбликли,публично,wordnet,adv,наречие,3
pulled,pulled,pʊld,пулд,вытащил,wordnet,verb,глагол,2
pulling,pulling,ˈpʊlɪŋ,пулин,тянет,wordnet,noun,существительное,4
purposely,purposely,ˈpərpəsli,пэрпэсли,намеренно,wordnet,adv,наречие,1
pursue,pursue,pərˈsu,пэрсу,преследовать,wordnet,verb,глагол,1
pursuit,pursuit,pərˈsut,пэрсут,преследование,wordnet,noun,существительное,1
pushed,pushed,pʊʃt,пушт,толкнул,wordnet,verb,глагол,4
pushing,pushing,ˈpʊʃɪŋ,пушин,толкая,wordnet,noun,существительное,13
qualifies,qualifies,kˈwɑləˌfaɪz,куалэфайз,квалифицируется,wordnet,verb,глагол,1
quest,quest,kwɛst,куэст,квест,wordnet,noun,существительное,1
quicker,quicker,kˈwɪkər,куикэр,быстрее,wordnet,adj,прилагательное,2
quit,quit,kwɪt,куит,покидать,wordnet,verb,глагол,83
quits,quits,kwɪts,куитс,уходит,wordnet,verb,глагол,1
quitting,quitting,kˈwɪtɪŋ,куитин,уход,wordnet,verb,глагол,1
rabbit,rabbit,ˈræbɪt,рэбит,кролик,wordnet,noun,существительное,3
rain,rain,reɪn,рэйн,дождь,wordnet,noun,существительное,2
raindrop,raindrop,ˈreɪnˌdrɑp,рэйндрап,капля дождя,wordnet,noun,существительное,6
rainforest,rainforest,ˈraɪnˌfɔrəst,райнфорэст,тропический лес,wordnet,noun,существительное,1
rama,rama,ˈrɑmə,рамэ,Рама,wordnet,noun,существительное,1
ramping,ramping,ˈræmpɪŋ,рэмпин,нарастание,wordnet,verb,глагол,1
ran,ran,ræn,рэн,побежал,wordnet,verb,глагол,7
randomness,randomness,ˈrændəmnəs,рэндмнэс,случайность,wordnet,noun,существительное,2
ray,ray,reɪ,рэй,луч,wordnet,noun,существительное,1
reappear,reappear,ˌriəˈpɪr,риэпир,вновь появиться,wordnet,verb,глагол,3
reappears,reappears,ˌriəˈpɪrz,риэпирз,появляется снова,wordnet,verb,глагол,1
reassign,reassign,ˌriəˈsaɪn,риэсайн,переназначить,wordnet,verb,глагол,1
rebuild,rebuild,riˈbɪld,рибилд,перестроить,wordnet,verb,глагол,2
rebuilding,rebuilding,riˈbɪldɪŋ,рибилдин,восстановление,wordnet,noun,существительное,1
rebuilds,rebuilds,riˈbɪldz,рибилдз,восстанавливает,wordnet,verb,глагол,1
receives,receives,rɪˈsivz,рисивз,получает,wordnet,verb,глагол,15
receiving,receiving,rɪˈsivɪŋ,рисивин,получение,wordnet,verb,глагол,2
recently,recently,ˈrisəntli,риснтли,недавно,wordnet,adv,наречие,7
reclaimer,reclaimer,riˈkleɪmər,риклэймэр,восстановитель,wordnet,,,1
recognizes,recognizes,ˈrɛkəgˌnaɪzɪz,рэкэгнайзиз,признает,wordnet,verb,глагол,6
recommendation,recommendation,ˌrɛkəmənˈdeɪʃən,рэкмндэйшн,рекомендация,wordnet,noun,существительное,4
reconsider,reconsider,ˌrikənˈsɪdər,рикнсидэр,пересмотреть,wordnet,verb,глагол,1
recording,recording,rɪˈkɔrdɪŋ,рикордин,запись,wordnet,noun,существительное,2
recovered,recovered,rɪˈkəvərd,рикэвэрд,выздоровел,wordnet,verb,глагол,3
rectangular,rectangular,rɛkˈtæŋgjələr,рэктэнгйлэр,прямоугольный,wordnet,adj,прилагательное,2
redefine,redefine,ridɪˈfaɪn,ридифайн,переопределить,wordnet,verb,глагол,1
redeploy,redeploy,ˌridɪˈplɔɪ,ридиплой,перераспределить,wordnet,verb,глагол,1
redirect,redirect,ˌridərˈɛkt,ридэрэкт,перенаправить,wordnet,verb,глагол,40
redirected,redirected,ˌridərˈɛktɪd,ридэрэктид,перенаправлен,wordnet,verb,глагол,3
redirecting,redirecting,ˌridərˈɛktɪŋ,ридэрэктин,перенаправление,wordnet,verb,глагол,1
redraw,redraw,riˈdrɔ,ридро,перерисовать,wordnet,,,4
redrawn,redrawn,riˈdrɔn,ридрон,перерисован,wordnet,,,1
ref,ref,rɛf,рэф,ссылка,wordnet,noun,существительное,2
refined,refined,rɪˈfaɪnd,рифайнд,изысканный,wordnet,verb,глагол,2
refining,refining,rɪˈfaɪnɪŋ,рифайнин,переработка,wordnet,noun,существительное,4
reflects,reflects,rɪˈflɛkts,рифлэктс,отражает,wordnet,verb,глагол,2
refresh,refresh,rɪˈfrɛʃ,рифрэш,обновить,wordnet,verb,глагол,3
refreshed,refreshed,riˈfrɛʃt,рифрэшт,обновленный,wordnet,verb,глагол,2
registration,registration,ˌrɛʤɪˈstreɪʃən,рэджистрэйшн,регистрация,wordnet,noun,существительное,36
regroup,regroup,riˈgrup,ригруп,перегруппироваться,wordnet,verb,глагол,1
regularity,regularity,ˌrɛgjəˈlɛrəti,рэгйэлэрэти,регулярность,wordnet,noun,существительное,1
reissue,reissue,riˈɪʃu,риишу,переиздание,wordnet,noun,существительное,5
reissuing,reissuing,riˈɪʃuɪŋ,риишуин,переиздание,wordnet,verb,глагол,1
reject,reject,ˈriʤɛkt,риджэкт,отклонять,wordnet,noun,существительное,5
rejected,rejected,rɪˈʤɛktɪd,риджэктид,отклоненный,wordnet,verb,глагол,1
relating,relating,rɪˈleɪtɪŋ,рилэйтин,относящийся,wordnet,verb,глагол,1
relentless,relentless,rɪˈlɛntlɪs,рилэнтлис,безжалостный,wordnet,adj,прилагательное,1
reload,reload,riˈloʊd,рилоуд,перезагрузить,wordnet,verb,глагол,1
remedy,remedy,ˈrɛmədi,рэмэди,средство,wordnet,noun,существительное,1
remembered,remembered,rɪˈmɛmbərd,римэмбэрд,вспомнил,wordnet,verb,глагол,2
remembers,remembers,rɪˈmɛmbərz,римэмбэрз,помнит,wordnet,verb,глагол,1
remind,remind,riˈmaɪnd,римайнд,напоминать,wordnet,verb,глагол,3
remote,remote,rɪˈmoʊt,римоут,удаленный,wordnet,noun,существительное,69
renamed,renamed,riˈneɪmd,ринэймд,переименован,wordnet,verb,глагол,1
render,render,ˈrɛndər,рэндэр,оказывать,wordnet,noun,существительное,49
rendering,rendering,ˈrɛndərɪŋ,рэндэрин,рендеринг,wordnet,noun,существительное,5
rent,rent,rɛnt,рэнт,арендовать,wordnet,noun,существительное,1
rental,rental,ˈrɛntəl,рэнтл,аренда,wordnet,noun,существительное,3
reopen,reopen,riˈoʊpən,риоупн,открыть заново,wordnet,verb,глагол,1
reply,reply,rɪˈplaɪ,риплай,отвечать,wordnet,noun,существительное,1
repos,repos,ˈriˌpoʊz,рипоуз,репо,wordnet,,,16
reposition,reposition,ˌripəˈzɪʃən,рипэзишн,переместить,wordnet,noun,существительное,1
repr,repr,ˈrɛpər,рэпэр,представитель,wordnet,,,1
requested,requested,rɪkˈwɛstɪd,рикуэстид,просил,wordnet,verb,глагол,79
requesting,requesting,rɪkˈwɛstɪŋ,рикуэстин,запрос,wordnet,verb,глагол,5
rerunning,rerunning,ˈriˈrənɪŋ,рирнин,повторный запуск,wordnet,verb,глагол,2
researching,researching,riˈsərʧɪŋ,рисэрчин,исследование,wordnet,verb,глагол,1
resistant,resistant,rɪˈzɪstənt,ризистнт,устойчивый,wordnet,adj,прилагательное,2
respond,respond,rɪˈspɑnd,риспанд,отвечать,wordnet,verb,глагол,48
responded,responded,rɪˈspɑndɪd,риспандид,ответил,wordnet,verb,глагол,2
respondent,respondent,rɪˈspɑndənt,риспанднт,ответчик,wordnet,noun,существительное,1
responding,responding,rɪˈspɑndɪŋ,риспандин,отвечая,wordnet,verb,глагол,15
responds,responds,rɪˈspɑndz,риспандз,отвечает,wordnet,verb,глагол,12
response,response,rɪˈspɑns,риспанс,ответ,wordnet,noun,существительное,182
responsive,responsive,rɪˈspɑnsɪv,риспансив,отзывчивый,wordnet,adj,прилагательное,2
restarted,restarted,riˈstɑrtɪd,ристартид,перезапущен,wordnet,verb,глагол,1
restaurant,restaurant,ˈrɛˌstrɑnt,рэстрант,ресторан,wordnet,noun,существительное,28
restore,restore,rɪˈstɔr,ристор,восстановить,wordnet,verb,глагол,7
restored,restored,rɪˈstɔrd,ристорд,восстановлен,wordnet,verb,глагол,2
restores,restores,rɪˈstɔrz,ристорз,восстанавливает,wordnet,verb,глагол,1
restricted,restricted,riˈstrɪktɪd,ристриктид,ограниченный,wordnet,verb,глагол,3
restructured,restructured,riˈstrəkʧərd,ристрэкчэрд,реструктурирован,wordnet,verb,глагол,1
resurgence,resurgence,riˈsərʤəns,рисэрджнс,возрождение,wordnet,noun,существительное,1
retain,retain,rɪˈteɪn,ритэйн,удерживать,wordnet,verb,глагол,5
retained,retained,rɪˈteɪnd,ритэйнд,сохранен,wordnet,verb,глагол,1
retains,retains,rɪˈteɪnz,ритэйнз,сохраняет,wordnet,verb,глагол,1
retiree,retiree,riˈtaɪˈri,ритайри,пенсионер,wordnet,noun,существительное,1
retrieve,retrieve,rɪˈtriv,ритрив,забрать,wordnet,verb,глагол,12
retrieves,retrieves,rɪˈtrivz,ритривз,извлекает,wordnet,verb,глагол,6
reused,reused,riuzd,риузд,повторно используемый,wordnet,verb,глагол,1
reveal,reveal,rɪˈvil,ривил,раскрывать,wordnet,verb,глагол,1
reversed,reversed,rɪˈvərst,ривэрст,перевернутый,wordnet,verb,глагол,1
revert,revert,rɪˈvərt,ривэрт,возвращаться,wordnet,verb,глагол,4
revise,revise,rɪˈvaɪz,ривайз,исправлять,wordnet,noun,существительное,1
revised,revised,rɪˈvaɪzd,ривайзд,пересмотренный,wordnet,verb,глагол,4
revising,revising,rɪˈvaɪzɪŋ,ривайзин,пересмотр,wordnet,noun,существительное,1
reykjavik,reykjavik,ˈrɛkjəvɪk,рэкйэвик,Рейкьявик,wordnet,noun,существительное,1
richter,richter,ˈrɪktər,риктэр,Рихтер,wordnet,,,1
ride,ride,raɪd,райд,поездка,wordnet,noun,существительное,4
ripping,ripping,ˈrɪpɪŋ,рипин,разрывание,wordnet,verb,глагол,1
river,river,ˈrɪvər,ривэр,река,wordnet,noun,существительное,7
robot,robot,ˈroʊˌbət,роубэт,робот,wordnet,noun,существительное,6
robotic,robotic,ˌroʊˈbɑtɪk,роубатик,роботизированный,wordnet,adj,прилагательное,1
rocket,rocket,ˈrɑkət,ракэт,ракета,wordnet,noun,существительное,9
roll,roll,roʊl,роул,рулон,wordnet,noun,существительное,71
rolled,rolled,roʊld,роулд,свернутый,wordnet,verb,глагол,3
roller,roller,ˈroʊlər,роулэр,ролик,wordnet,noun,существительное,1
rollercoaster,rollercoaster,ˈroʊlərˌkoʊstər,роулэркоустэр,американские горки,wordnet,,,2
roster,roster,ˈrɑstər,растэр,список,wordnet,noun,существительное,2
roughly,roughly,ˈrəfli,рэфли,грубо,wordnet,adv,наречие,3
rounded,rounded,ˈraʊndɪd,раундид,округлый,wordnet,verb,глагол,7
rounding,rounding,ˈraʊndɪŋ,раундин,округление,wordnet,noun,существительное,3
routed,routed,ˈrutɪd,рутид,разгромлен,wordnet,verb,глагол,1
rubber,rubber,ˈrəbər,рэбэр,резина,wordnet,noun,существительное,5
ruby,ruby,ˈrubi,руби,рубин,wordnet,noun,существительное,1
ruining,ruining,ˈruɪnɪŋ,руинин,разрушающий,wordnet,noun,существительное,1
ruler,ruler,ˈrulər,рулэр,правитель,wordnet,noun,существительное,4
rust,rust,rəst,рэст,ржавчина,wordnet,noun,существительное,15
safest,safest,ˈseɪfəst,сэйфэст,самый безопасный,wordnet,adj,прилагательное,1
sake,sake,seɪk,сэйк,ради,wordnet,noun,существительное,1
salary,salary,ˈsæləri,сэлэри,зарплата,wordnet,noun,существительное,2
san,san,sæn,сэн,Сан,wordnet,,,9
sandwich,sandwich,ˈsænwɪʧ,сэнуич,бутерброд,wordnet,noun,существительное,18
santiago,santiago,ˌsæntiˈɑgoʊ,сэнтиагоу,Сантьяго,wordnet,noun,существительное,5
sarah,sarah,ˈsɛrə,сэрэ,Сара,wordnet,noun,существительное,25
satisfaction,satisfaction,ˌsætɪsˈfækʃən,сэтисфэкшн,удовлетворение,wordnet,noun,существительное,2
saved,saved,seɪvd,сэйвд,сохранено,wordnet,verb,глагол,14
scatter,scatter,ˈskætər,скэтэр,разбрасывать,wordnet,noun,существительное,49
scene,scene,sin,син,сцена,wordnet,noun,существительное,3
scoreboard,scoreboard,ˈskɔrˌbɔrd,скорборд,табло,wordnet,noun,существительное,40
scorekeeping,scorekeeping,ˈskɔrˌkipɪŋ,скоркипин,ведение счета,wordnet,,,2
scout,scout,skaʊt,скаут,разведчик,wordnet,noun,существительное,1
scrutinize,scrutinize,ˈskrutəˌnaɪz,скрутнайз,тщательно изучать,wordnet,verb,глагол,1
seating,seating,ˈsitɪŋ,ситин,сидение,wordnet,noun,существительное,2
secondary,secondary,ˈsɛkənˌdɛri,сэкндэри,вторичный,wordnet,noun,существительное,1
securing,securing,sɪˈkjʊrɪŋ,сикюрин,обеспечение,wordnet,verb,глагол,4
senior,senior,ˈsinjər,синйэр,старший,wordnet,noun,существительное,2
seriously,seriously,ˈsɪriəsli,сириэсли,серьезно,wordnet,adv,наречие,1
serving,serving,ˈsərvɪŋ,сэрвин,сервировка,wordnet,noun,существительное,1
several,several,ˈsɛvərəl,сэвэрл,несколько,wordnet,adj,прилагательное,40
severe,severe,səˈvɪr,сэвир,серьезный,wordnet,adj,прилагательное,1
severity,severity,sɪˈvɛrɪti,сивэрити,тяжесть,wordnet,noun,существительное,2
sha,sha,ʃɑ,ша,ша,wordnet,,,1
shaded,shaded,ˈʃeɪdɪd,шэйдид,заштрихованный,wordnet,verb,глагол,4
shading,shading,ˈʃeɪdɪŋ,шэйдин,затенение,wordnet,noun,существительное,5
shaped,shaped,ʃeɪpt,шэйпт,сформированный,wordnet,verb,глагол,1
sheet,sheet,ʃit,шит,лист,wordnet,noun,существительное,2
shield,shield,ʃild,шилд,щит,wordnet,noun,существительное,1
ship,ship,ʃɪp,шип,корабль,wordnet,noun,существительное,455
shirt,shirt,ʃərt,шэрт,рубашка,wordnet,noun,существительное,13
shoot,shoot,ʃut,шут,стрелять,wordnet,noun,существительное,22
shooter,shooter,ˈʃutər,шутэр,стрелок,wordnet,noun,существительное,10
shooting,shooting,ˈʃutɪŋ,шутин,стрельба,wordnet,noun,существительное,10
shopping,shopping,ˈʃɑpɪŋ,шапин,шопинг,wordnet,noun,существительное,1
shorten,shorten,ˈʃɔrtən,шортн,сокращать,wordnet,verb,глагол,3
shortest,shortest,ˈʃɔrtɪst,шортист,самый короткий,wordnet,adj,прилагательное,1
shortly,shortly,ˈʃɔrtli,шортли,вскоре,wordnet,adv,наречие,1
shrinking,shrinking,ʃˈrɪŋkɪŋ,шринкин,сокращение,wordnet,noun,существительное,2
shy,shy,ʃaɪ,шай,застенчивый,wordnet,noun,существительное,1
siddhartha,siddhartha,sɪˈdɑrˌtə,сидартэ,Сиддхартха,wordnet,noun,существительное,7
sided,sided,ˈsaɪdɪd,сайдид,односторонний,wordnet,verb,глагол,13
sideways,sideways,ˈsaɪdˌweɪz,сайдуэйз,вбок,wordnet,adj,прилагательное,13
sift,sift,sɪft,сифт,просеять,wordnet,verb,глагол,1
sight,sight,saɪt,сайт,взгляд,wordnet,noun,существительное,1
significance,significance,sɪgˈnɪfɪkəns,сигнификнс,значение,wordnet,noun,существительное,1
signify,signify,ˈsɪgnəˌfaɪ,сигнэфай,обозначать,wordnet,verb,глагол,1
silenced,silenced,ˈsaɪlənst,сайлнст,заставил замолчать,wordnet,verb,глагол,1
silent,silent,ˈsaɪlənt,сайлнт,тихий,wordnet,adj,прилагательное,2
silently,silently,ˈsaɪləntli,сайлнтли,молча,wordnet,adv,наречие,8
simulated,simulated,ˈsɪmjəˌleɪtɪd,симйлэйтид,смоделированный,wordnet,verb,глагол,2
simulates,simulates,ˈsɪmjəˌleɪts,симйлэйтс,имитирует,wordnet,verb,глагол,4
simulation,simulation,ˌsɪmjəˈleɪʃən,симйэлэйшн,моделирование,wordnet,noun,существительное,2
simultaneously,simultaneously,ˌsaɪməlˈteɪniəsli,саймлтэйниэсли,одновременно,wordnet,adv,наречие,2
sitka,sitka,ˈsɪtkə,ситкэ,Ситка,wordnet,noun,существительное,41
sixth,sixth,sɪksθ,сиксс,шестой,wordnet,noun,существительное,1
sized,sized,saɪzd,сайзд,размерный,wordnet,verb,глагол,2
skilled,skilled,skɪld,скилд,опытный,wordnet,adj,прилагательное,2
skimming,skimming,ˈskɪmɪŋ,скимин,скимминг,wordnet,noun,существительное,1
skipped,skipped,skɪpt,скипт,пропущен,wordnet,verb,глагол,1
sky,sky,skaɪ,скай,небо,wordnet,noun,существительное,5
smallest,smallest,sˈmɔləst,смолэст,самый маленький,wordnet,adj,прилагательное,5
smooth,smooth,smuð,смуз,гладкий,wordnet,noun,существительное,1
smoother,smoother,sˈmuðər,смузэр,более гладкий,wordnet,noun,существительное,2
smoothly,smoothly,sˈmuðli,смузли,плавно,wordnet,adv,наречие,1
snack,snack,snæk,снэк,закуска,wordnet,noun,существительное,1
snapshot,snapshot,sˈnæpˌʃɑt,снэпшат,снимок,wordnet,noun,существительное,7
snip,snip,snɪp,снип,надрезать,wordnet,noun,существительное,287
social,social,ˈsoʊʃəl,соушл,социальный,wordnet,noun,существительное,1
socioeconomic,socioeconomic,soʊˌsiˌoʊˌɛkəˈnɑmɪk,соусиоуэкэнамик,социально-экономический,wordnet,adj,прилагательное,1
socket,socket,ˈsɑkət,сакэт,розетка,wordnet,noun,существительное,3
sold,sold,soʊld,соулд,продал,wordnet,verb,глагол,1
solidify,solidify,səˈlɪdəˌfaɪ,сэлидэфай,затвердевать,wordnet,verb,глагол,1
solitary,solitary,ˈsɑləˌtɛri,салэтэри,одинокий,wordnet,noun,существительное,1
solo,solo,ˈsoʊˌloʊ,соулоу,соло,wordnet,noun,существительное,2
solves,solves,sɑlvz,салвз,решает,wordnet,verb,глагол,1
someday,someday,ˈsəmˌdeɪ,смдэй,когда-нибудь,wordnet,adv,наречие,3
somehow,somehow,ˈsəmˌhaʊ,смхау,как-то,wordnet,adv,наречие,2
somewhat,somewhat,ˈsəmˈwət,смуэт,несколько,wordnet,adv,наречие,1
son,son,sən,сн,сын,wordnet,noun,существительное,1
song,song,sɔŋ,сон,песня,wordnet,noun,существительное,3
sorry,sorry,ˈsɑri,сари,извини,wordnet,adj,прилагательное,12
sorting,sorting,ˈsɔrtɪŋ,сортин,сортировка,wordnet,noun,существительное,11
southeast,southeast,ˌsaʊˈθist,саусист,юго-восток,wordnet,noun,существительное,1
spam,spam,spæm,спэм,спам,wordnet,noun,существительное,2
spanish,spanish,ˈspænɪʃ,спэниш,испанский,wordnet,noun,существительное,4
spanning,spanning,ˈspænɪŋ,спэнин,охватывающий,wordnet,verb,глагол,1
spare,spare,spɛr,спэр,запасной,wordnet,noun,существительное,2
sparsely,sparsely,ˈspɑrsli,спарсли,редко,wordnet,adv,наречие,1
speaker,speaker,ˈspikər,спикэр,оратор,wordnet,noun,существительное,1
specialist,specialist,ˈspɛʃəlɪst,спэшлист,специалист,wordnet,noun,существительное,2
speedup,speedup,ˈspiˌdəp,спидэп,ускорение,wordnet,noun,существительное,11
spell,spell,spɛl,спэл,заклинание,wordnet,noun,существительное,1
spelled,spelled,spɛld,спэлд,пишется,wordnet,verb,глагол,1
spending,spending,ˈspɛndɪŋ,спэндин,расходы,wordnet,noun,существительное,3
spread,spread,sprɛd,спрэд,распространение,wordnet,noun,существительное,1
sprite,sprite,spraɪt,спрайт,спрайт,wordnet,noun,существительное,41
squared,squared,skwɛrd,скуэрд,в квадрате,wordnet,verb,глагол,1
squaring,squaring,skˈwɛrɪŋ,скуэрин,возводить в квадрат,wordnet,verb,глагол,1
stable,stable,ˈsteɪbəl,стэйбл,стабильный,wordnet,noun,существительное,2
staff,staff,stæf,стэф,персонал,wordnet,noun,существительное,1
staple,staple,ˈsteɪpəl,стэйпл,штапель,wordnet,noun,существительное,1
stargazer,stargazer,ˈstɑrˌgeɪzər,старгэйзэр,звездочет,wordnet,noun,существительное,5
starred,starred,stɑrd,стард,снялся в главной роли,wordnet,verb,глагол,8
stated,stated,ˈsteɪtɪd,стэйтид,заявил,wordnet,verb,глагол,1
stating,stating,ˈsteɪtɪŋ,стэйтин,заявляя,wordnet,verb,глагол,2
steadily,steadily,ˈstɛdəli,стэдли,стабильно,wordnet,adv,наречие,2
stone,stone,stoʊn,стоун,камень,wordnet,noun,существительное,1
stopped,stopped,stɑpt,стапт,остановился,wordnet,verb,глагол,1
stopping,stopping,ˈstɑpɪŋ,стапин,остановка,wordnet,noun,существительное,1
street,street,strit,стрит,улица,wordnet,noun,существительное,1
stretch,stretch,strɛʧ,стрэч,потягиваться,wordnet,noun,существительное,1
strike,strike,straɪk,страйк,ударять,wordnet,noun,существительное,1
strip,strip,strɪp,стрип,полоска,wordnet,noun,существительное,11
stripped,stripped,strɪpt,стрипт,лишенный,wordnet,verb,глагол,1
stripping,stripping,ˈstrɪpɪŋ,стрипин,зачистка,wordnet,noun,существительное,7
strongest,strongest,ˈstrɔŋgəst,стронгэст,сильнейший,wordnet,adj,прилагательное,1
stubborn,stubborn,ˈstəbərn,стэбэрн,упрямый,wordnet,adj,прилагательное,1
studio,studio,ˈstudiˌoʊ,студиоу,студия,wordnet,noun,существительное,3
studying,studying,ˈstədiɪŋ,стэдиин,изучение,wordnet,noun,существительное,1
styled,styled,staɪld,стайлд,стильный,wordnet,verb,глагол,9
stylish,stylish,ˈstaɪlɪʃ,стайлиш,стильный,wordnet,adj,прилагательное,2
subaru,subaru,ˈsubəru,субэру,Субару,wordnet,,,21
sublime,sublime,səˈblaɪm,сэблайм,возвышенный,wordnet,verb,глагол,6
submission,submission,səbˈmɪʃən,сэбмишн,подчинение,wordnet,noun,существительное,45
subplots,subplots,ˈsəbplɑts,сэбплатс,сюжетные линии,wordnet,,,24
subtracted,subtracted,səbˈtræktɪd,сэбтрэктид,вычтено,wordnet,verb,глагол,1
subtraction,subtraction,səbˈtrækʃən,сэбтрэкшн,вычитание,wordnet,noun,существительное,2
suddenly,suddenly,ˈsədənli,сэднли,внезапно,wordnet,adv,наречие,1
suggested,suggested,səˈʤɛstɪd,сэджэстид,предложенный,wordnet,verb,глагол,1
suggestion,suggestion,səˈʤɛsʧən,сэджэсчн,предположение,wordnet,noun,существительное,18
sunny,sunny,ˈsəni,сни,солнечный,wordnet,adj,прилагательное,1
superb,superb,sʊˈpərb,супэрб,превосходно,wordnet,adj,прилагательное,1
supervised,supervised,ˈsupərˌvaɪzd,супэрвайзд,контролируемый,wordnet,verb,глагол,1
supplement,supplement,ˌsəpləˈmɛnt,сэплэмэнт,добавка,wordnet,noun,существительное,1
supplementary,supplementary,ˌsəpləˈmɛntəˌri,сэплэмэнтэри,дополнительный,wordnet,adj,прилагательное,1
supplied,supplied,səˈplaɪd,сэплайд,поставляется,wordnet,verb,глагол,2
supply,supply,səˈplaɪ,сэплай,поставлять,wordnet,noun,существительное,1
supportive,supportive,səˈpɔrtɪv,сэпортив,поддерживающий,wordnet,adj,прилагательное,4
supposed,supposed,səˈpoʊzd,сэпоузд,предполагаемый,wordnet,verb,глагол,12
suppress,suppress,səˈprɛs,сэпрэс,подавлять,wordnet,verb,глагол,1
surrounded,surrounded,sərˈaʊndɪd,сэраундид,окруженный,wordnet,verb,глагол,1
survey,survey,ˈsərˌveɪ,сэрвэй,опрос,wordnet,noun,существительное,70
sus,sus,səs,сэс,сус,wordnet,noun,существительное,1
suspect,suspect,ˈsəˌspɛkt,сэспэкт,подозревать,wordnet,noun,существительное,1
suspend,suspend,səˈspɛnd,сэспэнд,приостановить,wordnet,verb,глагол,1
suspended,suspended,səˈspɛndɪd,сэспэндид,приостановленный,wordnet,verb,глагол,1
suzuki,suzuki,səˈzuki,сэзуки,Сузуки,wordnet,,,34
sweet,sweet,swit,суит,сладкий,wordnet,noun,существительное,1
sweigart,sweigart,sˈwigɑrt,суигарт,Свейгарт,wordnet,,,3
switched,switched,swɪʧt,суичт,переключился,wordnet,verb,глагол,1
switching,switching,sˈwɪʧɪŋ,суичин,переключение,wordnet,noun,существительное,3
tackled,tackled,ˈtækəld,тэклд,взялся за дело,wordnet,verb,глагол,1
tactic,tactic,ˈtæktɪk,тэктик,тактика,wordnet,noun,существительное,1
tag,tag,tæg,тэг,ярлык,wordnet,noun,существительное,73
talented,talented,ˈtæləntɪd,тэлнтид,талантливый,wordnet,adj,прилагательное,1
tall,tall,tɔl,тол,высокий,wordnet,noun,существительное,6
taller,taller,ˈtɔlər,толэр,выше,wordnet,adj,прилагательное,1
tank,tank,tæŋk,тэнк,танк,wordnet,noun,существительное,6
teacher,teacher,ˈtiʧər,тичэр,учитель,wordnet,noun,существительное,3
tectonic,tectonic,tɛkˈtɑnɪk,тэктаник,тектонический,wordnet,adj,прилагательное,1
teenager,teenager,ˈtiˌneɪʤər,тинэйджэр,подросток,wordnet,noun,существительное,1
temperate,temperate,ˈtɛmpərət,тэмпэрэт,умеренный,wordnet,adj,прилагательное,1
tempo,tempo,ˈtɛmˌpoʊ,тэмпоу,темп,wordnet,noun,существительное,3
thanked,thanked,θæŋkt,сэнкт,поблагодарил,wordnet,verb,глагол,1
thanking,thanking,ˈθæŋkɪŋ,сэнкин,поблагодарив,wordnet,verb,глагол,2
theater,theater,ˈθieɪtər,сиэйтэр,театр,wordnet,noun,существительное,1
theme,theme,θim,сим,тема,wordnet,noun,существительное,4
themed,themed,θimd,симд,тематический,wordnet,verb,глагол,1
thick,thick,θɪk,сик,толстый,wordnet,noun,существительное,3
thicker,thicker,ˈθɪkər,сикэр,толще,wordnet,adj,прилагательное,1
thickness,thickness,ˈθɪknəs,сикнэс,толщина,wordnet,noun,существительное,4
thinner,thinner,ˈθɪnər,синэр,тоньше,wordnet,noun,существительное,1
tick,tick,tɪk,тик,галочка,wordnet,noun,существительное,36
ticking,ticking,ˈtɪkɪŋ,тикин,тиканье,wordnet,noun,существительное,1
tier,tier,tir,тир,уровень,wordnet,noun,существительное,3
tight,tight,taɪt,тайт,тугой,wordnet,adj,прилагательное,1
timeframe,timeframe,ˈtaɪmˌfreɪm,таймфрэйм,временные рамки,wordnet,,,2
tin,tin,tɪn,тин,олово,wordnet,noun,существительное,1
ting,ting,tɪŋ,тин,тинг,wordnet,noun,существительное,3
tiny,tiny,ˈtaɪni,тайни,крошечный,wordnet,adj,прилагательное,1
titled,titled,ˈtaɪtəld,тайтлд,под названием,wordnet,verb,глагол,1
"toddler,toddler,ˈtɑdlər,тадлэр,""ребенок, начинающий ходить"",wordnet,noun,существительное,1"
toggle,toggle,ˈtɑgəl,тагл,переключать,wordnet,noun,существительное,4
topping,topping,ˈtɑpɪŋ,тапин,топпинг,wordnet,noun,существительное,144
tow,tow,toʊ,тоу,буксир,wordnet,noun,существительное,1
toyota,toyota,toʊˈjoʊtə,тоуйоутэ,Тойота,wordnet,noun,существительное,14
tracked,tracked,trækt,трэкт,отслеживается,wordnet,verb,глагол,1
trademarked,trademarked,ˈtreɪdˌmɑrkt,трэйдмаркт,зарегистрированный товарный знак,wordnet,verb,глагол,1
tradition,tradition,trəˈdɪʃən,трэдишн,традиция,wordnet,noun,существительное,1
traffic,traffic,ˈtræfɪk,трэфик,трафик,wordnet,noun,существительное,2
trait,trait,treɪt,трэйт,черта,wordnet,noun,существительное,1
transparency,transparency,trænˈspɛrənsi,трэнспэрнси,прозрачность,wordnet,noun,существительное,2
transparent,transparent,trænˈspɛrənt,трэнспэрнт,прозрачный,wordnet,adj,прилагательное,3
transportation,transportation,ˌtrænspərˈteɪʃən,трэнспэртэйшн,транспорт,wordnet,noun,существительное,1
traveling,traveling,ˈtrævəlɪŋ,трэвлин,путешествие,wordnet,noun,существительное,1
trek,trek,trɛk,трэк,поход,wordnet,noun,существительное,11
triangle,triangle,ˈtraɪˌæŋgəl,трайэнгл,треугольник,wordnet,noun,существительное,1
trivial,trivial,ˈtrɪviəl,тривил,тривиальный,wordnet,adj,прилагательное,1
trust,trust,trəst,трэст,доверять,wordnet,noun,существительное,9
tube,tube,tub,туб,трубка,wordnet,noun,существительное,1
tuna,tuna,ˈtunə,тунэ,тунец,wordnet,noun,существительное,1
tutorial,tutorial,tuˈtɔriəl,туторил,учебник,wordnet,noun,существительное,3
twitter,twitter,tˈwɪtər,туитэр,Твиттер,wordnet,noun,существительное,1
ubuntu,ubuntu,ˌuˈbuˌtu,убуту,убунту,wordnet,,,6
ugly,ugly,ˈəgli,эгли,уродливый,wordnet,adj,прилагательное,1
unaffected,unaffected,ˌənəˈfɛktɪd,нэфэктид,незатронутый,wordnet,adj,прилагательное,3
unattainable,unattainable,ˌənəˈteɪnəbəl,нэтэйнэбл,недостижимый,wordnet,adj,прилагательное,1
unauthorized,unauthorized,əˈnɔθərˌaɪzd,эносэрайзд,несанкционированный,wordnet,adj,прилагательное,1
unavailable,unavailable,ˌənəˈveɪləbəl,нэвэйлэбл,недоступен,wordnet,adj,прилагательное,3
unavoidable,unavoidable,ˌənəˈvɔɪdəbəl,нэвойдэбл,неизбежный,wordnet,adj,прилагательное,1
unclear,unclear,ənˈklɪr,нклир,неясно,wordnet,adj,прилагательное,1
uncluttered,uncluttered,ənˈklətərd,нклэтэрд,незагроможденный,wordnet,verb,глагол,1
uncomplicated,uncomplicated,ənˈkɑmpləˌkeɪtɪd,нкамплэкэйтид,несложный,wordnet,adj,прилагательное,1
unconfirmed,unconfirmed,ˌənkənˈfərmd,нкнфэрмд,неподтвержденный,wordnet,adj,прилагательное,11
undo,undo,ənˈdu,нду,отменить,wordnet,verb,глагол,5
unexpected,unexpected,ˌənɪkˈspɛktɪd,никспэктид,непредвиденный,wordnet,adj,прилагательное,10
unexpectedly,unexpectedly,ˌənɪkˈspɛktɪdli,никспэктидли,неожиданно,wordnet,adv,наречие,2
unhappy,unhappy,ənˈhæpi,нхэпи,несчастный,wordnet,adj,прилагательное,1
uninterrupted,uninterrupted,ˌənɪnərˈəptɪd,нинэрэптид,непрерывный,wordnet,adj,прилагательное,1
uniquely,uniquely,juˈnikli,йуникли,уникально,wordnet,adv,наречие,1
unlabeled,unlabeled,ənˈleɪbəld,нлэйблд,немаркированный,wordnet,adj,прилагательное,1
unlikely,unlikely,ənˈlaɪkli,нлайкли,маловероятно,wordnet,adj,прилагательное,2
unlimited,unlimited,ənˈlɪmɪtɪd,нлимитид,неограниченный,wordnet,adj,прилагательное,2
unnecessarily,unnecessarily,ənˈnɛsəˌsɛrəli,ннэсэсэрли,излишне,wordnet,adv,наречие,5
unneeded,unneeded,ənˈnidɪd,ннидид,ненужный,wordnet,adj,прилагательное,1
unpredictable,unpredictable,ˌənprɪˈdɪktəbəl,нпридиктэбл,непредсказуемый,wordnet,adj,прилагательное,1
unregistered,unregistered,ənˈrɛʤɪstərd,нрэджистэрд,незарегистрированный,wordnet,adj,прилагательное,1
unrelated,unrelated,ˌənrɪˈleɪtɪd,нрилэйтид,несвязанный,wordnet,adj,прилагательное,1
unrestricted,unrestricted,ˌənriˈstrɪktɪd,нристриктид,неограниченный,wordnet,adj,прилагательное,3
unstuck,unstuck,ənˈstək,нстэк,отклеился,wordnet,adj,прилагательное,2
unusual,unusual,ənˈjuˌʒuəl,нйужул,необычный,wordnet,adj,прилагательное,2
unverified,unverified,ənˈvɛrɪˌfaɪd,нвэрифайд,непроверенный,wordnet,adj,прилагательное,2
upgraded,upgraded,ˈəpˌgreɪdɪd,эпгрэйдид,обновленный,wordnet,verb,глагол,1
upgrading,upgrading,ˈəpˌgreɪdɪŋ,эпгрэйдин,модернизация,wordnet,verb,глагол,1
upstream,upstream,ˈəpˈstrim,эпстрим,вверх по течению,wordnet,adj,прилагательное,3
utilize,utilize,ˈjutəˌlaɪz,йутлайз,использовать,wordnet,verb,глагол,1
vacation,vacation,veɪˈkeɪʃən,вэйкэйшн,отпуск,wordnet,noun,существительное,3
varies,varies,ˈvɛriz,вэриз,варьируется,wordnet,verb,глагол,1
varying,varying,ˈvɛriɪŋ,вэриин,меняющийся,wordnet,verb,глагол,1
vehicle,vehicle,ˈviɪkəl,виикл,транспортное средство,wordnet,noun,существительное,6
verifies,verifies,ˈvɛrəˌfaɪz,вэрэфайз,проверяет,wordnet,verb,глагол,4
verifying,verifying,ˈvɛrəˌfaɪɪŋ,вэрэфайин,проверка,wordnet,verb,глагол,5
vertically,vertically,ˈvərtɪkli,вэртикли,вертикально,wordnet,adv,наречие,4
viewed,viewed,vjud,вйуд,просмотрено,wordnet,verb,глагол,1
viewer,viewer,vjuər,вйуэр,зритель,wordnet,noun,существительное,14
viewing,viewing,vjuɪŋ,вйуин,просмотр,wordnet,noun,существительное,8
viridis,viridis,ˈvɪrɪˌdɪs,виридис,виридис,wordnet,,,2
visited,visited,ˈvɪzɪtɪd,визитид,посетил,wordnet,verb,глагол,5
visiting,visiting,ˈvɪzɪtɪŋ,визитин,посещение,wordnet,noun,существительное,2
visitor,visitor,ˈvɪzɪtər,визитэр,посетитель,wordnet,noun,существительное,1
visualizing,visualizing,ˈvɪʒwəˌlaɪzɪŋ,вижулайзин,визуализация,wordnet,verb,глагол,4
vital,vital,ˈvaɪtəl,вайтл,жизненно важный,wordnet,adj,прилагательное,1
vote,vote,voʊt,воут,голосование,wordnet,noun,существительное,22
voted,voted,ˈvoʊtɪd,воутид,проголосовал,wordnet,verb,глагол,1
voting,voting,ˈvoʊtɪŋ,воутин,голосование,wordnet,noun,существительное,3
vulnerable,vulnerable,ˈvəlnərəbəl,влнэрэбл,уязвимый,wordnet,adj,прилагательное,1
wall,wall,wɔl,уол,стена,wordnet,noun,существительное,2
wander,wander,ˈwɑndər,уандэр,бродить,wordnet,verb,глагол,1
warmer,warmer,ˈwɔrmər,уормэр,теплее,wordnet,noun,существительное,1
warranty,warranty,ˈwɔrənti,уорнти,гарантия,wordnet,noun,существительное,1
watcher,watcher,ˈwɑʧər,уачэр,наблюдатель,wordnet,noun,существительное,2
watching,watching,ˈwɑʧɪŋ,уачин,наблюдаю,wordnet,noun,существительное,2
weekday,weekday,ˈwikˌdeɪ,уикдэй,будний день,wordnet,noun,существительное,1
welcoming,welcoming,ˈwɛlkəmɪŋ,уэлкмин,гостеприимный,wordnet,verb,глагол,2
whatever,whatever,ˌwəˈtɛvər,уэтэвэр,что бы ни,wordnet,adj,прилагательное,8
wherever,wherever,wɛˈrɛvər,уэрэвэр,где угодно,wordnet,adv,наречие,1
"whichever,whichever,wɪˈʧɛvər,уичэвэр,""в зависимости от того, что"",wordnet,,,3"
white,white,waɪt,уайт,белый,wordnet,noun,существительное,1
widespread,widespread,ˈwaɪdˈsprɛd,уайдспрэд,широко распространенный,wordnet,adj,прилагательное,1
widget,widget,ˈwɪʤɪt,уиджит,виджет,wordnet,noun,существительное,6
wife,wife,waɪf,уайф,жена,wordnet,noun,существительное,1
willie,willie,ˈwɪli,уили,Вилли,wordnet,,,28
wind,wind,wɪnd,уинд,ветер,wordnet,noun,существительное,2
wipe,wipe,waɪp,уайп,вытирать,wordnet,noun,существительное,1
wispy,wispy,ˈwɪspi,уиспи,тонкий,wordnet,adj,прилагательное,1
wolfgang,wolfgang,ˈwʊlfˌgæŋ,уулфгэн,Вольфганг,wordnet,,,4
wonderful,wonderful,ˈwəndərfəl,ундэрфл,замечательный,wordnet,adj,прилагательное,1
wonderland,wonderland,ˈwəndərˌlænd,ундэрлэнд,страна чудес,wordnet,noun,существительное,6
wording,wording,ˈwərdɪŋ,уэрдин,формулировка,wordnet,noun,существительное,1
wow,wow,waʊ,уау,ух ты,wordnet,noun,существительное,1
wrestle,wrestle,ˈrɛsəl,рэсл,бороться,wordnet,noun,существительное,2
writer,writer,ˈraɪtər,райтэр,писатель,wordnet,noun,существительное,4
yamaha,yamaha,ˈjɑmɑˌhɑ,йамаха,Ямаха,wordnet,,,30
young,young,jəŋ,йэн,молодой,wordnet,noun,существительное,4
zen,zen,zɛn,зэн,дзен,wordnet,noun,существительное,8
aaa,aaa,ˌtrɪpəˈleɪ,трипэлэй,ааа,wordnet,noun,существительное,1
aardvark,aardvark,ˈɑrdˌvɑrk,ардварк,трубкозуб,wordnet,noun,существительное,8
abba,abba,ˈæbə,эбэ,Абба,wordnet,,,1
abbreviated,abbreviated,əˈbriviˌeɪtɪd,эбривиэйтид,сокращенный,wordnet,verb,глагол,2
abc,abc,ˈeɪˌbiˌsi,эйбиси,абв,wordnet,noun,существительное,7
abel,abel,ˈeɪbəl,эйбл,Авель,wordnet,noun,существительное,1
accel,accel,əkˈsɛl,эксэл,ускоряться,wordnet,,,1
accented,accented,ˈæksɛntɪd,эксэнтид,акцентированный,wordnet,verb,глагол,2
accessibility,accessibility,ˌæksɛsəˈbɪlɪti,эксэсэбилити,доступность,wordnet,noun,существительное,4
accessory,accessory,ækˈsɛsəri,эксэсэри,аксессуар,wordnet,noun,существительное,2
accomplishment,accomplishment,əˈkɑmplɪʃmənt,экамплишмнт,достижение,wordnet,noun,существительное,1
accustomed,accustomed,əˈkəstəmd,экэстмд,привыкший,wordnet,verb,глагол,1
acting,acting,ˈæktɪŋ,эктин,актерское мастерство,wordnet,noun,существительное,3
activates,activates,ˈæktəˌveɪts,эктэвэйтс,активирует,wordnet,verb,глагол,3
activation,activation,ˌæktəˈveɪʃən,эктэвэйшн,активация,wordnet,noun,существительное,2
actor,actor,ˈæktər,эктэр,актер,wordnet,noun,существительное,1
adjacent,adjacent,əˈʤeɪsənt,эджэйснт,соседний,wordnet,adj,прилагательное,1
administered,administered,ədˈmɪnɪstərd,эдминистэрд,управляется,wordnet,verb,глагол,4
adobe,adobe,əˈdoʊbi,эдоуби,саман,wordnet,noun,существительное,1
adverb,adverb,ˈædvərb,эдвэрб,наречие,wordnet,noun,существительное,1
advertise,advertise,ˈædvərˌtaɪz,эдвэртайз,рекламировать,wordnet,verb,глагол,1
advertisement,advertisement,ˌædvərˈtaɪzmənt,эдвэртайзмнт,реклама,wordnet,noun,существительное,1
advertises,advertises,ˈædvərˌtaɪzɪz,эдвэртайзиз,рекламирует,wordnet,verb,глагол,1
advise,advise,ədˈvaɪz,эдвайз,советовать,wordnet,verb,глагол,2
affair,affair,əˈfɛr,эфэр,роман,wordnet,noun,существительное,1
affectionately,affectionately,əˈfɛkʃənətli,эфэкшнэтли,ласково,wordnet,adv,наречие,1
afternoon,afternoon,ˌæftərˈnun,эфтэрнун,полдень,wordnet,noun,существительное,12
agency,agency,ˈeɪʤənsi,эйджнси,агентство,wordnet,noun,существительное,1
agent,agent,ˈeɪʤənt,эйджнт,агент,wordnet,noun,существительное,15
aging,aging,ˈeɪʤɪŋ,эйджин,старение,wordnet,noun,существительное,1
agitated,agitated,ˈæʤəˌteɪtəd,эджэтэйтэд,взволнованный,wordnet,verb,глагол,2
agony,agony,ˈægəni,эгни,агония,wordnet,noun,существительное,1
agreement,agreement,əˈgrimənt,эгримнт,соглашение,wordnet,noun,существительное,2
aid,aid,eɪd,эйд,помогать,wordnet,noun,существительное,1
ala,ala,ˈælə,элэ,аля,wordnet,noun,существительное,1
alabama,alabama,ˌæləˈbæmə,элэбэмэ,Алабама,wordnet,noun,существительное,1
alarm,alarm,əˈlɑrm,эларм,тревога,wordnet,noun,существительное,8
albany,albany,ˈɔlbəni,олбни,Олбани,wordnet,noun,существительное,1
alert,alert,əˈlərt,элэрт,тревога,wordnet,noun,существительное,6
aleutian,aleutian,əˈluʃən,элушн,алеутский,wordnet,noun,существительное,2
algebraic,algebraic,ˌælʤəˈbreɪɪk,элджэбрэйик,алгебраический,wordnet,adj,прилагательное,3
alleviate,alleviate,əˈliviˌeɪt,эливиэйт,облегчить,wordnet,verb,глагол,1
alling,alling,ˈɔlɪŋ,олин,аллинг,wordnet,,,6
allison,allison,ˈælɪsən,элисн,Эллисон,wordnet,,,2
aloud,aloud,əˈlaʊd,элауд,вслух,wordnet,adv,наречие,1
alphabetize,alphabetize,ˈælfəbəˌtaɪz,элфэбэтайз,располагать в алфавитном порядке,wordnet,verb,глагол,1
alread,alread,ˈɑlrid,алрид,уже,wordnet,,,1
altered,altered,ˈɔltərd,олтэрд,измененный,wordnet,verb,глагол,1
alternation,alternation,ˈɔltərˌneɪʃən,олтэрнэйшн,чередование,wordnet,noun,существительное,1
alters,alters,ˈɔltərz,олтэрз,изменяет,wordnet,verb,глагол,1
amateur,amateur,ˈæməˌʧər,эмэчэр,любитель,wordnet,noun,существительное,1
ambient,ambient,ˈæmbiənt,эмбинт,окружающий,wordnet,adj,прилагательное,1
ambiguity,ambiguity,ˌæmbɪˈgjuəti,эмбигйуэти,двусмысленность,wordnet,noun,существительное,1
ame,ame,eɪm,эйм,я,wordnet,,,2
amended,amended,əˈmɛndɪd,эмэндид,исправленный,wordnet,verb,глагол,1
american,american,əˈmɛrɪkən,эмэрикн,американский,wordnet,noun,существительное,4
amo,amo,ˈɑmoʊ,амоу,амо,wordnet,,,1
amounted,amounted,əˈmaʊnɪd,эмаунид,составил,wordnet,verb,глагол,2
amp,amp,æmp,эмп,усилитель,wordnet,noun,существительное,3
analogous,analogous,əˈnæləgəs,энэлэгэс,аналогичный,wordnet,adj,прилагательное,8
ancestor,ancestor,ˈænˌsɛstər,энсэстэр,предок,wordnet,noun,существительное,1
ancho,ancho,ˈænʧoʊ,энчоу,анчо,wordnet,,,1
anchorage,anchorage,ˈæŋkərɪʤ,энкэридж,якорная стоянка,wordnet,noun,существительное,8
ancient,ancient,ˈeɪnʧənt,эйнчнт,древний,wordnet,noun,существительное,1
android,android,ˈænˌdrɔɪd,эндройд,андроид,wordnet,noun,существительное,3
annapolis,annapolis,əˈnæpəlɪs,энэплис,Аннаполис,wordnet,noun,существительное,1
anniversary,anniversary,ˌænəˈvərsəri,энэвэрсэри,годовщина,wordnet,noun,существительное,1
anthony,anthony,ˈænθɔˌni,энсони,Энтони,wordnet,noun,существительное,1
anticipated,anticipated,ænˈtɪsəˌpeɪtɪd,энтисэпэйтид,ожидаемый,wordnet,verb,глагол,1
anxiety,anxiety,æŋˈzaɪəti,энзайэти,беспокойство,wordnet,noun,существительное,4
apologize,apologize,əˈpɑləˌʤaɪz,эпалэджайз,извиняться,wordnet,verb,глагол,1
appliance,appliance,əˈplaɪəns,эплайнс,прибор,wordnet,noun,существительное,2
appointment,appointment,əˈpɔɪntmənt,эпойнтмнт,встреча,wordnet,noun,существительное,1
apprentice,apprentice,əˈprɛntɪs,эпрэнтис,ученик,wordnet,noun,существительное,2
approval,approval,əˈpruvəl,эпрувл,одобрение,wordnet,noun,существительное,1
aqua,aqua,ˈɑkwə,акуэ,вода,wordnet,noun,существительное,1
aquarium,aquarium,əkˈwɛriəm,экуэрим,аквариум,wordnet,noun,существительное,3
ara,ara,ˈærə,эрэ,ара,wordnet,noun,существительное,1
arch,arch,ɑrʧ,арч,арка,wordnet,noun,существительное,1
argon,argon,ˈɑrˌgɑn,арган,аргон,wordnet,noun,существительное,2
argues,argues,ˈɑrgjuz,аргйуз,утверждает,wordnet,verb,глагол,1
ari,ari,ˈɑri,ари,Ари,wordnet,,,1
arkansas,arkansas,ˈɑrkənˌsɑ,аркнса,Арканзас,wordnet,noun,существительное,1
arrange,arrange,əreɪnʤ,эрэйндж,договариваться,wordnet,verb,глагол,1
arrived,arrived,əraɪvd,эрайвд,приехал,wordnet,verb,глагол,1
ary,ary,ˈɛri,эри,ари,wordnet,,,3
ash,ash,æʃ,эш,пепел,wordnet,noun,существительное,1
asparagus,asparagus,əˈspɛrəgəs,эспэрэгэс,спаржа,wordnet,noun,существительное,1
asserted,asserted,əˈsərtəd,эсэртэд,утверждал,wordnet,verb,глагол,1
asserts,asserts,əˈsərts,эсэртс,утверждает,wordnet,verb,глагол,1
assistant,assistant,əˈsɪstənt,эсистнт,помощник,wordnet,noun,существительное,2
assurance,assurance,əˈʃʊrəns,эшурнс,гарантия,wordnet,noun,существительное,1
asynchronous,asynchronous,ˈeɪˈsɪŋkrənəs,эйсинкрнэс,асинхронный,wordnet,adj,прилагательное,1
ata,ata,ˈɑtə,атэ,ата,wordnet,,,4
ate,ate,eɪt,эйт,ел,wordnet,noun,существительное,3
atlanta,atlanta,æˈtlæntə,этлэнтэ,Атланта,wordnet,noun,существительное,1
atm,atm,ˈeɪˌtiˈɛm,эйтиэм,банкомат,wordnet,noun,существительное,1
atom,atom,ˈætəm,этм,атом,wordnet,noun,существительное,2
atomic,atomic,əˈtɑmɪk,этамик,атомный,wordnet,adj,прилагательное,3
attachment,attachment,əˈtæʧmənt,этэчмнт,вложение,wordnet,noun,существительное,18
attributing,attributing,əˈtrɪbjətɪŋ,этрибйэтин,приписывание,wordnet,verb,глагол,1
audio,audio,ˈɑdiˌoʊ,адиоу,аудио,wordnet,noun,существительное,51
audit,audit,ˈɔdɪt,одит,аудит,wordnet,noun,существительное,3
audrey,audrey,ˈɔdri,одри,Одри,wordnet,,,1
august,august,ˈɔgəst,огэст,август,wordnet,noun,существительное,1
augusta,augusta,əˈgəstə,эгэстэ,Августа,wordnet,noun,существительное,1
austin,austin,ˈɔstən,остн,Остин,wordnet,noun,существительное,1
authorize,authorize,ˈɔθərˌaɪz,осэрайз,разрешать,wordnet,verb,глагол,1
avenue,avenue,ˈævəˌnu,эвну,проспект,wordnet,noun,существительное,1
awkward,awkward,ˈɔkwərd,окуэрд,неуклюжий,wordnet,adj,прилагательное,1
azeri,azeri,əˈzɛri,эзэри,азербайджанец,wordnet,noun,существительное,2
backed,backed,bækt,бэкт,поддержанный,wordnet,verb,глагол,4
backing,backing,ˈbækɪŋ,бэкин,поддержка,wordnet,noun,существительное,1
backslashes,backslashes,ˈbæksˌlæʃəz,бэкслэшэз,обратная косая черта,wordnet,,,11
badger,badger,ˈbæʤər,бэджэр,барсук,wordnet,noun,существительное,5
bak,bak,bæk,бэк,бак,wordnet,,,1
band,band,bænd,бэнд,группа,wordnet,noun,существительное,2
bandwidth,bandwidth,ˈbændwɪdθ,бэндуидс,пропускная способность,wordnet,noun,существительное,1
banker,banker,ˈbæŋkər,бэнкэр,банкир,wordnet,noun,существительное,1
batchelder,batchelder,ˈbæˌʧɛldər,бэчэлдэр,дозатор,wordnet,,,1
bay,bay,beɪ,бэй,залив,wordnet,noun,существительное,1
bbc,bbc,ˌbibiˈsi,бибиси,Би-би-си,wordnet,,,1
bean,bean,bin,бин,фасоль,wordnet,noun,существительное,9
beep,beep,bip,бип,звуковой сигнал,wordnet,noun,существительное,2
beer,beer,bɪr,бир,пиво,wordnet,noun,существительное,9
beethoven,beethoven,ˈbeɪtoʊvən,бэйтоувн,Бетховен,wordnet,noun,существительное,1
begging,begging,ˈbɛgɪŋ,бэгин,попрошайничество,wordnet,noun,существительное,1
beheld,beheld,biˈhɛld,бихэлд,видел,wordnet,verb,глагол,1
believing,believing,bɪˈlivɪŋ,биливин,веря,wordnet,noun,существительное,1
bengal,bengal,ˈbɛŋgəl,бэнгл,бенгальский,wordnet,noun,существительное,10
bet,bet,bɛt,бэт,ставка,wordnet,noun,существительное,2
bethel,bethel,ˈbɛθəl,бэсл,Вефиль,wordnet,noun,существительное,1
billion,billion,ˈbɪljən,билйн,миллиард,wordnet,noun,существительное,3
binder,binder,ˈbaɪndər,байндэр,связующее,wordnet,noun,существительное,2
binding,binding,ˈbaɪndɪŋ,байндин,обязательность,wordnet,noun,существительное,2
biologist,biologist,baɪˈɑləʤɪst,байалэджист,биолог,wordnet,noun,существительное,2
bird,bird,bərd,бэрд,птица,wordnet,noun,существительное,2
birdie,birdie,ˈbərdi,бэрди,птичка,wordnet,noun,существительное,1
bismarck,bismarck,ˈbɪzˌmɑrk,бизмарк,Бисмарк,wordnet,noun,существительное,1
blatantly,blatantly,ˈbleɪtəntli,блэйтнтли,явно,wordnet,adv,наречие,1
blaze,blaze,bleɪz,блэйз,полыхать,wordnet,noun,существительное,1
bled,bled,blɛd,блэд,истекать кровью,wordnet,verb,глагол,1
bloated,bloated,ˈbloʊtɪd,блоутид,раздутый,wordnet,verb,глагол,1
blob,blob,blɑb,блаб,капля,wordnet,noun,существительное,1
blocked,blocked,blɑkt,блакт,заблокирован,wordnet,verb,глагол,2
bobby,bobby,ˈbɑbi,баби,Бобби,wordnet,noun,существительное,2
bol,bol,bɑl,бал,бол,wordnet,,,1
boole,boole,bul,бул,буль,wordnet,noun,существительное,1
borin,borin,ˈbɔrɪn,борин,борин,wordnet,,,1
born,born,bɔrn,борн,рожденный,wordnet,noun,существительное,4
bos,bos,bɑs,бас,бос,wordnet,noun,существительное,1
bottle,bottle,ˈbɑtəl,батл,бутылка,wordnet,noun,существительное,13
bounce,bounce,baʊns,баунс,подпрыгивать,wordnet,noun,существительное,1
boy,boy,bɔɪ,бой,мальчик,wordnet,noun,существительное,1
branching,branching,ˈbrænʧɪŋ,брэнчин,ветвление,wordnet,noun,существительное,2
breakthrough,breakthrough,ˈbreɪkθˌru,брэйксру,прорыв,wordnet,noun,существительное,1
breathed,breathed,briðd,бризд,дышал,wordnet,verb,глагол,2
breathless,breathless,ˈbrɛθləs,брэслэс,задыхающийся,wordnet,adj,прилагательное,1
brevity,brevity,ˈbrɛvəti,брэвэти,краткость,wordnet,noun,существительное,1
brick,brick,brɪk,брик,кирпич,wordnet,noun,существительное,1
bristol,bristol,ˈbrɪstəl,бристл,Бристоль,wordnet,noun,существительное,1
british,british,ˈbrɪtɪʃ,бритиш,британский,wordnet,noun,существительное,1
bro,bro,broʊ,броу,братан,wordnet,,,1
broker,broker,ˈbroʊkər,броукэр,маклер,wordnet,noun,существительное,1
broom,broom,brum,брум,метла,wordnet,noun,существительное,1
brother,brother,ˈbrəðər,брэзэр,брат,wordnet,noun,существительное,1
brown,brown,braʊn,браун,коричневый,wordnet,noun,существительное,2
browsing,browsing,ˈbraʊzɪŋ,браузин,просмотр,wordnet,noun,существительное,4
brute,brute,brut,брут,грубый,wordnet,noun,существительное,1
budget,budget,ˈbəʤɪt,бэджит,бюджет,wordnet,noun,существительное,1
bump,bump,bəmp,бмп,ударяться,wordnet,noun,существительное,1
bunn,bunn,bən,бн,кролик,wordnet,,,1
burden,burden,ˈbərdən,бэрдн,груз,wordnet,noun,существительное,2
burnt,burnt,bərnt,бэрнт,сожженный,wordnet,verb,глагол,1
burrito,burrito,bərˈitoʊ,бэритоу,буррито,wordnet,noun,существительное,2
bute,bute,bjut,бйут,Бьют,wordnet,,,18
calculates,calculates,ˈkælkjəˌleɪts,кэлкйлэйтс,вычисляет,wordnet,verb,глагол,1
calendar,calendar,ˈkæləndər,кэлндэр,календарь,wordnet,noun,существительное,1
calico,calico,ˈkæləˌkoʊ,кэлэкоу,бязь,wordnet,noun,существительное,1
came,came,keɪm,кэйм,пришел,wordnet,verb,глагол,6
camel,camel,ˈkæməl,кэмл,верблюд,wordnet,noun,существительное,1
camera,camera,ˈkæmərə,кэмэрэ,камера,wordnet,noun,существительное,3
canal,canal,kəˈnæl,кэнэл,канал,wordnet,noun,существительное,2
candle,candle,ˈkændəl,кэндл,свеча,wordnet,noun,существительное,1
canvas,canvas,ˈkænvəs,кэнвэс,холст,wordnet,noun,существительное,3
capitalizing,capitalizing,ˈkæpɪtəˌlaɪzɪŋ,кэпитлайзин,капитализация,wordnet,verb,глагол,2
carbon,carbon,ˈkɑrbən,карбн,углерод,wordnet,noun,существительное,4
carl,carl,kɑrl,карл,Карл,wordnet,,,1
carol,carol,ˈkɛrəl,кэрл,Кэрол,wordnet,noun,существительное,15
carrier,carrier,ˈkɛriər,кэриэр,перевозчик,wordnet,noun,существительное,2
carson,carson,ˈkɑrzən,карзн,Карсон,wordnet,noun,существительное,1
casing,casing,ˈkeɪsɪŋ,кэйсин,корпус,wordnet,noun,существительное,2
catacomb,catacomb,ˈkætəˌkoʊm,кэтэкоум,катакомбы,wordnet,noun,существительное,1
catastrophe,catastrophe,kəˈtæstrəfi,кэтэстрэфи,катастрофа,wordnet,noun,существительное,3
categorize,categorize,ˈkætəgərˌaɪz,кэтэгэрайз,классифицировать,wordnet,verb,глагол,1
caterpillar,caterpillar,ˈkætəˌpɪlər,кэтэпилэр,гусеница,wordnet,noun,существительное,1
cel,cel,sɛl,сэл,чел.,wordnet,,,3
celebrate,celebrate,ˈsɛləˌbreɪt,сэлэбрэйт,праздновать,wordnet,verb,глагол,1
celery,celery,ˈsɛləri,сэлэри,сельдерей,wordnet,noun,существительное,7
celine,celine,səˈlin,сэлин,Селин,wordnet,,,2
cellular,cellular,ˈsɛljələr,сэлйлэр,сотовый,wordnet,adj,прилагательное,2
censor,censor,ˈsɛnsər,сэнсэр,цензор,wordnet,noun,существительное,1
censored,censored,ˈsɛnsərd,сэнсэрд,подвергнутый цензуре,wordnet,verb,глагол,4
census,census,ˈsɛnsəs,сэнсэс,перепись,wordnet,noun,существительное,25
cent,cent,sɛnt,сэнт,цент,wordnet,noun,существительное,1
centimeter,centimeter,ˈsɛntəˌmitər,сэнтмитэр,сантиметр,wordnet,noun,существительное,2
chan,chan,ʧæn,чэн,чан,wordnet,,,1
chandelier,chandelier,ʃændəˈlɪr,шэндэлир,люстра,wordnet,noun,существительное,2
chang,chang,ʧæŋ,чэн,Чанг,wordnet,noun,существительное,1
charleston,charleston,ˈʧɑrəlstən,чарлстн,Чарльстон,wordnet,noun,существительное,2
cheaper,cheaper,ˈʧipər,чипэр,дешевле,wordnet,adj,прилагательное,1
chema,chema,ˈʧɛmɑ,чэма,хима,wordnet,,,1
cherry,cherry,ˈʧɛri,чэри,вишня,wordnet,noun,существительное,11
chessboard,chessboard,ˈʧɛsˌbɔrd,чэсборд,шахматная доска,wordnet,noun,существительное,61
chicken,chicken,ˈʧɪkən,чикн,курица,wordnet,noun,существительное,13
chief,chief,ʧif,чиф,главный,wordnet,noun,существительное,1
chiefly,chiefly,ˈʧifli,чифли,главным образом,wordnet,adv,наречие,1
ching,ching,ʧɪŋ,чин,цзин,wordnet,,,9
chop,chop,ʧɑp,чап,нарезать,wordnet,noun,существительное,1
chore,chore,ʧɔr,чор,работа по дому,wordnet,noun,существительное,1
christmas,christmas,ˈkrɪsməs,крисмэс,Рождество,wordnet,noun,существительное,1
chrome,chrome,kroʊm,кроум,хром,wordnet,noun,существительное,5
chromium,chromium,ˈkroʊmiəm,кроумим,хром,wordnet,noun,существительное,1
chun,chun,ʧən,чн,чун,wordnet,,,1
cid,cid,sɪd,сид,Сид,wordnet,noun,существительное,2
circled,circled,ˈsərkəld,сэрклд,обведено кружком,wordnet,verb,глагол,1
circumventing,circumventing,ˌsərkəmˈvɛntɪŋ,сэркмвэнтин,обход,wordnet,verb,глагол,1
claire,claire,klɛr,клэр,Клэр,wordnet,,,1
cleanly,cleanly,ˈklinli,клинли,чисто,wordnet,adj,прилагательное,1
clemons,clemons,ˈklɛmənz,клэмнз,лимоны,wordnet,,,1
clerk,clerk,klərk,клэрк,клерк,wordnet,noun,существительное,1
cleverness,cleverness,ˈklɛvərnəs,клэвэрнэс,ум,wordnet,noun,существительное,1
clip,clip,klɪp,клип,клип,wordnet,noun,существительное,1
clipboard,clipboard,ˈklɪpˌbɔrd,клипборд,буфер обмена,wordnet,noun,существительное,126
clockwise,clockwise,ˈklɑkˌwaɪz,клакуайз,по часовой стрелке,wordnet,adj,прилагательное,5
cod,cod,ˈsiˈoʊˈdi,сиоуди,треска,wordnet,noun,существительное,1
cody,cody,ˈkoʊdi,коуди,Коди,wordnet,noun,существительное,1
coffee,coffee,ˈkɔfi,кофи,кофе,wordnet,noun,существительное,2
coincidentally,coincidentally,koʊˌɪnsɪˈdɛntəli,коуинсидэнтли,случайно,wordnet,adv,наречие,1
colby,colby,ˈkoʊlbi,коулби,Колби,wordnet,,,1
colin,colin,ˈkoʊlɪn,коулин,Колин,wordnet,,,1
collectible,collectible,kəˈlɛktəbəl,кэлэктэбл,коллекционный,wordnet,noun,существительное,1
collectively,collectively,kəˈlɛktɪvli,кэлэктивли,коллективно,wordnet,adv,наречие,1
colorado,colorado,ˌkɑlərˈɑdoʊ,калэрадоу,Колорадо,wordnet,noun,существительное,1
colorful,colorful,ˈkələrfəl,клэрфл,красочный,wordnet,adj,прилагательное,6
columbia,columbia,kəˈləmbiə,кэлмбиэ,Колумбия,wordnet,noun,существительное,1
columbus,columbus,kəˈləmbəs,кэлмбэс,Колумб,wordnet,noun,существительное,1
comic,comic,ˈkɑmɪk,камик,комикс,wordnet,noun,существительное,58
commander,commander,kəˈmændər,кэмэндэр,командир,wordnet,noun,существительное,2
commandment,commandment,kəˈmændmənt,кэмэндмнт,заповедь,wordnet,noun,существительное,1
commerce,commerce,ˈkɑmərs,камэрс,коммерция,wordnet,noun,существительное,2
commercially,commercially,kəˈmərʃəli,кэмэршли,коммерчески,wordnet,adv,наречие,1
commute,commute,kəmˈjut,кмйут,добираться,wordnet,noun,существительное,1
compact,compact,ˈkɑmpækt,кампэкт,компактный,wordnet,noun,существительное,2
compartmentalize,compartmentalize,kəmˌpɑrtˈmɛntəˌlaɪz,кмпартмэнтлайз,разделять,wordnet,verb,глагол,1
competitor,competitor,kəmˈpɛtɪtər,кмпэтитэр,конкурент,wordnet,noun,существительное,6
compiled,compiled,kəmˈpaɪld,кмпайлд,скомпилировано,wordnet,verb,глагол,6
compiler,compiler,kəmˈpaɪlər,кмпайлэр,компилятор,wordnet,noun,существительное,1
compiling,compiling,kəmˈpaɪlɪŋ,кмпайлин,компиляция,wordnet,noun,существительное,5
complement,complement,ˈkɑmpləmənt,камплмнт,дополнять,wordnet,noun,существительное,1
compliance,compliance,kəmˈplaɪəns,кмплайнс,согласие,wordnet,noun,существительное,1
composite,composite,kəmˈpɑzət,кмпазэт,композитный,wordnet,noun,существительное,1
compress,compress,ˈkɑmprɛs,кампрэс,компресс,wordnet,noun,существительное,8
compressed,compressed,kəmˈprɛst,кмпрэст,сжатый,wordnet,verb,глагол,12
compressing,compressing,kəmˈprɛsɪŋ,кмпрэсин,сжимающий,wordnet,noun,существительное,5
compression,compression,kəmˈprɛʃən,кмпрэшн,сжатие,wordnet,noun,существительное,3
compromised,compromised,ˈkɑmprəˌmaɪzd,кампрмайзд,скомпрометирован,wordnet,verb,глагол,1
computerized,computerized,kəmˈpjutərˌaɪzd,кмпйутэрайзд,компьютеризированный,wordnet,verb,глагол,1
con,con,kɑn,кан,мошенничество,wordnet,noun,существительное,2
concatenated,concatenated,kənˈkætəˌneɪtəd,кнкэтнэйтэд,объединенный,wordnet,verb,глагол,5
concatenates,concatenates,kənˈkætəˌneɪts,кнкэтнэйтс,объединяет,wordnet,verb,глагол,1
concatenating,concatenating,kənˈkætəˌneɪtɪŋ,кнкэтнэйтин,конкатенация,wordnet,verb,глагол,1
concentrate,concentrate,ˈkɑnsənˌtreɪt,канснтрэйт,сконцентрироваться,wordnet,noun,существительное,3
conceptual,conceptual,kənˈsɛpʧuəl,кнсэпчул,концептуальный,wordnet,adj,прилагательное,1
confusingly,confusingly,kənfˈjuzɪŋli,кнфйузинли,запутанно,wordnet,adv,наречие,1
conn,conn,kɑn,кан,конн,wordnet,verb,глагол,116
connecticut,connecticut,kəˈnɛtəkət,кэнэтэкэт,Коннектикут,wordnet,noun,существительное,1
connor,connor,ˈkɑnər,канэр,Коннор,wordnet,,,3
connotation,connotation,ˌkɑnəˈteɪʃən,канэтэйшн,коннотация,wordnet,noun,существительное,1
conscious,conscious,ˈkɑnʃəs,каншэс,сознательный,wordnet,adj,прилагательное,1
consent,consent,kənˈsɛnt,кнсэнт,согласие,wordnet,noun,существительное,11
consequence,consequence,ˈkɑnsəkwəns,кансэкунс,последствие,wordnet,noun,существительное,1
consisting,consisting,kənˈsɪstɪŋ,кнсистин,состоящий,wordnet,verb,глагол,2
contacted,contacted,ˈkɑnˌtæktɪd,кантэктид,связался,wordnet,verb,глагол,2
convey,convey,kənˈveɪ,кнвэй,передавать,wordnet,verb,глагол,2
convoluted,convoluted,ˈkɑnvəˌlutəd,канвлутэд,запутанный,wordnet,verb,глагол,2
cooperative,cooperative,koʊˈɑpərˌeɪtɪv,коуапэрэйтив,кооператив,wordnet,noun,существительное,1
coordinated,coordinated,koʊˈɔrdəneɪtɪd,коуорднэйтид,скоординированный,wordnet,verb,глагол,1
copilot,copilot,ˈkoʊpaɪlət,коупайлэт,второй пилот,wordnet,noun,существительное,1
cornflower,cornflower,ˈkɔrnˌflaʊər,корнфлауэр,василек,wordnet,noun,существительное,1
corrected,corrected,kərˈɛktɪd,кэрэктид,исправленный,wordnet,verb,глагол,4
correction,correction,kərˈɛkʃən,кэрэкшн,исправление,wordnet,noun,существительное,2
corrects,corrects,kərˈɛkts,кэрэктс,исправляет,wordnet,verb,глагол,2
corrupt,corrupt,kərəpt,кэрэпт,коррумпированный,wordnet,verb,глагол,2
cory,cory,ˈkɔˌri,кори,Кори,wordnet,,,2
cosmetic,cosmetic,kɑzˈmɛtɪk,казмэтик,косметический,wordnet,noun,существительное,2
cou,cou,ku,ку,ку,wordnet,,,1
countdown,countdown,ˈkaʊntˌdaʊn,каунтдаун,обратный отсчет,wordnet,noun,существительное,20
counterclockwise,counterclockwise,ˌkaʊnərˈklɔkwaɪz,каунэрклокуайз,против часовой стрелки,wordnet,adj,прилагательное,6
counterfeit,counterfeit,ˈkaʊnərˌfɪt,каунэрфит,поддельный,wordnet,noun,существительное,2
countless,countless,ˈkaʊntləs,каунтлэс,бесчисленное множество,wordnet,adj,прилагательное,2
county,county,ˈkaʊnti,каунти,графство,wordnet,noun,существительное,52
cousin,cousin,ˈkəzən,кэзн,двоюродный брат,wordnet,noun,существительное,3
coworker,coworker,ˈkoʊˈwərkər,коууэркэр,коллега,wordnet,,,1
crawling,crawling,ˈkrɔlɪŋ,кролин,ползать,wordnet,noun,существительное,1
creature,creature,ˈkriʧər,кричэр,существо,wordnet,noun,существительное,2
credited,credited,ˈkrɛdɪtɪd,крэдитид,зачислено,wordnet,verb,глагол,1
credulous,credulous,ˈkrɛʤələs,крэджлэс,доверчивый,wordnet,adj,прилагательное,1
crib,crib,krɪb,криб,кроватка,wordnet,noun,существительное,1
cricket,cricket,ˈkrɪkɪt,крикит,крикет,wordnet,noun,существительное,1
criterion,criterion,kraɪˈtɪriən,крайтирин,критерий,wordnet,noun,существительное,3
critically,critically,ˈkrɪtɪkəli,критикли,критически,wordnet,adv,наречие,1
cron,cron,krɑn,кран,хрон,wordnet,,,3
crop,crop,krɑp,крап,обрезать,wordnet,noun,существительное,14
cropped,cropped,krɑpt,крапт,обрезанный,wordnet,verb,глагол,12
cropping,cropping,ˈkrɑpɪŋ,крапин,обрезка,wordnet,verb,глагол,7
crosby,crosby,ˈkrɔzbi,крозби,Кросби,wordnet,noun,существительное,1
crud,crud,krəd,крэд,грязь,wordnet,noun,существительное,7
cruel,cruel,kruəl,крул,жестокий,wordnet,adj,прилагательное,1
crummy,crummy,ˈkrəmi,крми,вялый,wordnet,adj,прилагательное,1
crunch,crunch,krənʧ,крнч,хруст,wordnet,noun,существительное,1
cry,cry,kraɪ,край,плакать,wordnet,noun,существительное,1
cur,cur,kər,кэр,дворняга,wordnet,noun,существительное,4
currency,currency,ˈkərənsi,кэрнси,валюта,wordnet,noun,существительное,1
curse,curse,kərs,кэрс,проклинать,wordnet,noun,существительное,2
cutting,cutting,ˈkətɪŋ,кэтин,резка,wordnet,noun,существительное,1
cyan,cyan,saɪæn,сайэн,голубой,wordnet,noun,существительное,1
cyrillic,cyrillic,sərˈɪlɪk,сэрилик,кириллица,wordnet,noun,существительное,1
dab,dab,dæb,дэб,мазать,wordnet,noun,существительное,3
dagger,dagger,ˈdægər,дэгэр,кинжал,wordnet,noun,существительное,5
daisy,daisy,ˈdeɪzi,дэйзи,маргаритка,wordnet,noun,существительное,2
dakota,dakota,dəˈkoʊtə,дэкоутэ,Дакота,wordnet,noun,существительное,2
dat,dat,dæt,дэт,это,wordnet,noun,существительное,1
deaf,deaf,dɛf,дэф,глухой,wordnet,noun,существительное,2
dear,dear,dɪr,дир,дорогой,wordnet,noun,существительное,5
debarros,debarros,deɪˈbɑroʊz,дэйбароуз,дебаррос,wordnet,,,1
debating,debating,dəˈbeɪtɪŋ,дэбэйтин,обсуждение,wordnet,verb,глагол,1
dec,dec,dɛk,дэк,декабрь,wordnet,noun,существительное,3
december,december,dɪˈsɛmbər,дисэмбэр,декабрь,wordnet,noun,существительное,1
decidedly,decidedly,ˌdɪˈsaɪdədli,дисайдэдли,решительно,wordnet,adv,наречие,2
declared,declared,dɪˈklɛrd,диклэрд,заявил,wordnet,verb,глагол,1
declares,declares,dɪˈklɛrz,диклэрз,заявляет,wordnet,verb,глагол,1
declaring,declaring,dɪˈklɛrɪŋ,диклэрин,объявляя,wordnet,verb,глагол,2
decode,decode,dɪˈkoʊd,дикоуд,декодировать,wordnet,verb,глагол,3
decoration,decoration,ˌdɛkərˈeɪʃən,дэкэрэйшн,украшение,wordnet,noun,существительное,1
deduct,deduct,dɪˈdəkt,дидэкт,вычесть,wordnet,verb,глагол,1
deducted,deducted,dɪˈdəktɪd,дидэктид,вычтено,wordnet,verb,глагол,1
deduction,deduction,dɪˈdəkʃən,дидэкшн,вычет,wordnet,noun,существительное,2
defeat,defeat,dɪˈfit,дифит,поражение,wordnet,noun,существительное,1
defense,defense,dɪˈfɛns,дифэнс,защита,wordnet,noun,существительное,1
deflate,deflate,dɪˈfleɪt,дифлэйт,сдувать,wordnet,verb,глагол,2
deflated,deflated,dɪˈfleɪtɪd,дифлэйтид,сдутый,wordnet,verb,глагол,3
delaware,delaware,ˈdɛləˌwɛr,дэлэуэр,Делавэр,wordnet,noun,существительное,1
delay,delay,dɪˈleɪ,дилэй,задерживать,wordnet,noun,существительное,7
delayed,delayed,dɪˈleɪd,дилэйд,отложенный,wordnet,verb,глагол,1
delgado,delgado,dɛlˈgɑdoʊ,дэлгадоу,Дельгадо,wordnet,,,1
delicious,delicious,dɪˈlɪʃəs,дилишэс,вкусный,wordnet,noun,существительное,5
deliver,deliver,dɪˈlɪvər,диливэр,доставлять,wordnet,verb,глагол,2
delivered,delivered,dɪˈlɪvərd,диливэрд,доставленный,wordnet,verb,глагол,1
delivers,delivers,dɪˈlɪvərz,диливэрз,доставляет,wordnet,verb,глагол,1
demo,demo,ˈdɛmoʊ,дэмоу,демо,wordnet,noun,существительное,8
denied,denied,dɪˈnaɪd,динайд,отклонен,wordnet,verb,глагол,2
denotes,denotes,dɪˈnoʊts,диноутс,обозначает,wordnet,verb,глагол,1
denver,denver,ˈdɛnvər,дэнвэр,Денвер,wordnet,noun,существительное,2
deployable,deployable,dɪˈplɔɪəbəl,диплойэбл,развертываемый,wordnet,,,2
deposited,deposited,dɪˈpɑzətəd,дипазэтэд,депонированный,wordnet,verb,глагол,1
deprecate,deprecate,ˈdɛprəˌkeɪt,дэпрэкэйт,осуждать,wordnet,verb,глагол,1
deprive,deprive,dɪˈpraɪv,дипрайв,лишать,wordnet,verb,глагол,1
der,der,dər,дэр,дер,wordnet,adj,прилагательное,4
despair,despair,dɪˈspɛr,диспэр,отчаяние,wordnet,noun,существительное,1
detailing,detailing,dɪˈteɪlɪŋ,дитэйлин,детализация,wordnet,noun,существительное,1
detection,detection,dɪˈtɛkʃən,дитэкшн,обнаружение,wordnet,noun,существительное,3
detour,detour,ˈditʊr,дитур,объезд,wordnet,noun,существительное,1
diamond,diamond,ˈdaɪmənd,даймнд,алмаз,wordnet,noun,существительное,4
diced,diced,daɪst,дайст,нарезанный кубиками,wordnet,verb,глагол,1
ding,ding,dɪŋ,дин,звон,wordnet,noun,существительное,16
dinosaur,dinosaur,ˈdaɪnəˌsɔr,дайнэсор,динозавр,wordnet,noun,существительное,4
directing,directing,dɪˈrɛktɪŋ,дирэктин,режиссура,wordnet,verb,глагол,1
dis,dis,dɪs,дис,дис,wordnet,noun,существительное,2
disability,disability,ˌdɪsəˈbɪlɪti,дисэбилити,инвалидность,wordnet,noun,существительное,1
disables,disables,dɪˈseɪbəlz,дисэйблз,отключает,wordnet,verb,глагол,1
disagree,disagree,dɪsəˈgri,дисэгри,не согласен,wordnet,verb,глагол,2
disc,disc,dɪsk,диск,диск,wordnet,noun,существительное,4
discontinued,discontinued,dɪskənˈtɪnjud,дискнтинйуд,прекращено,wordnet,verb,глагол,1
discrepancy,discrepancy,dɪˈskrɛpənsi,дискрэпнси,несоответствие,wordnet,noun,существительное,12
disgrace,disgrace,dɪsˈgreɪs,дисгрэйс,позор,wordnet,noun,существительное,2
dishonest,dishonest,dɪˈsɑnəst,дисанэст,нечестный,wordnet,adj,прилагательное,2
dismally,dismally,ˈdɪzməli,дизмли,уныло,wordnet,adv,наречие,2
disney,disney,ˈdɪzni,дизни,Дисней,wordnet,noun,существительное,1
displacing,displacing,dɪˈspleɪsɪŋ,дисплэйсин,вытеснение,wordnet,verb,глагол,1
disposable,disposable,dɪˈspoʊzəbəl,диспоузэбл,одноразовый,wordnet,noun,существительное,2
disposition,disposition,ˌdɪspəˈzɪʃən,диспэзишн,расположение,wordnet,noun,существительное,4
distorted,distorted,dɪˈstɔrtɪd,дистортид,искаженный,wordnet,verb,глагол,1
dom,dom,dɑm,дам,дом,wordnet,,,6
door,door,dɔr,дор,дверь,wordnet,noun,существительное,1
doubtful,doubtful,ˈdaʊtfəl,даутфл,сомнительный,wordnet,adj,прилагательное,2
dove,dove,dəv,дэв,голубь,wordnet,noun,существительное,2
dow,dow,daʊ,дау,Доу,wordnet,,,1
downgrade,downgrade,ˈdaʊnˈgreɪd,даунгрэйд,понизить рейтинг,wordnet,noun,существительное,1
downright,downright,ˈdaʊnˌraɪt,даунрайт,совершенно,wordnet,adj,прилагательное,1
downside,downside,ˈdaʊnˌsaɪd,даунсайд,обратная сторона,wordnet,noun,существительное,3
downward,downward,ˈdaʊnwərd,даунуэрд,вниз,wordnet,adj,прилагательное,3
doyle,doyle,dɔɪl,дойл,Дойл,wordnet,,,1
dragged,dragged,drægd,дрэгд,тащили,wordnet,verb,глагол,1
dragging,dragging,ˈdrægɪŋ,дрэгин,перетаскивание,wordnet,verb,глагол,6
dragon,dragon,ˈdrægən,дрэгн,дракон,wordnet,noun,существительное,5
dreary,dreary,ˈdrɪri,дрири,унылый,wordnet,adj,прилагательное,3
drummer,drummer,ˈdrəmər,дрмэр,барабанщик,wordnet,noun,существительное,4
duke,duke,duk,дук,герцог,wordnet,noun,существительное,1
dule,dule,dul,дул,дул,wordnet,,,4
dull,dull,dəl,дл,тупой,wordnet,verb,глагол,1
durable,durable,ˈdʊrəbəl,дурэбл,прочный,wordnet,adj,прилагательное,4
dusty,dusty,ˈdəsti,дэсти,пыльный,wordnet,adj,прилагательное,1
dvd,dvd,ˌdiˌviˈdi,дивиди,DVD,wordnet,noun,существительное,6
ear,ear,ɪr,ир,ухо,wordnet,noun,существительное,1
earliest,earliest,ˈərliəst,эрлиэст,самый ранний,wordnet,adj,прилагательное,1
earnest,earnest,ˈərnɪst,эрнист,серьезный,wordnet,noun,существительное,1
eaten,eaten,ˈitən,итн,съеденный,wordnet,verb,глагол,1
eating,eating,ˈitɪŋ,итин,еда,wordnet,noun,существительное,1
economical,economical,ˌɛkəˈnɑmɪkəl,экэнамикл,экономичный,wordnet,adj,прилагательное,1
education,education,ˌɛʤəˈkeɪʃən,эджэкэйшн,образование,wordnet,noun,существительное,2
effectiveness,effectiveness,ˈifɛktɪvnəs,ифэктивнэс,эффективность,wordnet,noun,существительное,1
egg,egg,ɛg,эг,яйцо,wordnet,noun,существительное,253
ein,ein,aɪn,айн,Эйн,wordnet,,,2
ela,ela,ˈɛlə,элэ,Эла,wordnet,noun,существительное,1
elaborate,elaborate,ɪˈlæbərˌeɪt,илэбэрэйт,разрабатывать,wordnet,verb,глагол,1
elapsed,elapsed,ɪˈlæpst,илэпст,истек,wordnet,verb,глагол,7
electronics,electronics,ˌɪˌlɛkˈtrɑnɪks,илэктраникс,электроника,wordnet,noun,существительное,1
elephant,elephant,ˈɛləfənt,элэфнт,слон,wordnet,noun,существительное,32
elevator,elevator,ˈɛləˌveɪtər,элэвэйтэр,лифт,wordnet,noun,существительное,1
ell,ell,ɛl,эл,элл,wordnet,noun,существительное,1
ellipse,ellipse,ɪˈlɪps,илипс,эллипс,wordnet,noun,существительное,8
elton,elton,ˈɛltən,элтн,Элтон,wordnet,,,3
emboss,emboss,ɪmˈbɔs,имбос,тиснять,wordnet,verb,глагол,1
emo,emo,ˈiˌmoʊ,имоу,эмо,wordnet,,,1
emory,emory,ˈɛməri,эмэри,Эмори,wordnet,,,1
employ,employ,ɪmˈplɔɪ,имплой,нанимать,wordnet,noun,существительное,1
enabling,enabling,ɪˈneɪbəlɪŋ,инэйблин,позволяющий,wordnet,verb,глагол,2
enchanted,enchanted,ɛnˈʧænɪd,энчэнид,очарованный,wordnet,verb,глагол,1
encountering,encountering,ɛnˈkaʊnərɪŋ,энкаунэрин,встреча,wordnet,verb,глагол,1
encrypt,encrypt,ɪnˈkrɪpt,инкрипт,шифровать,wordnet,verb,глагол,8
encrypted,encrypted,ɪnˈkrɪptɪd,инкриптид,зашифрованный,wordnet,verb,глагол,21
encryption,encryption,ɛnˈkrɪpʃən,энкрипшн,шифрование,wordnet,noun,существительное,3
endpoint,endpoint,ˈɛndˌpɔɪnt,эндпойнт,конечная точка,wordnet,noun,существительное,7
energetic,energetic,ˌɛnərˈʤɛtɪk,энэрджэтик,энергичный,wordnet,adj,прилагательное,1
enhanced,enhanced,ɛnˈhænst,энхэнст,улучшенный,wordnet,verb,глагол,1
enlarge,enlarge,ˌɛnˈlɑrʤ,энлардж,увеличить,wordnet,verb,глагол,1
enlightenment,enlightenment,ˌɛnˈlaɪtənmənt,энлайтнмнт,просветление,wordnet,noun,существительное,1
ent,ent,ɛnt,энт,ент,wordnet,,,4
enterprise,enterprise,ˈɛnərˌpraɪz,энэрпрайз,предприятие,wordnet,noun,существительное,1
enumeration,enumeration,ɪˌnumərˈeɪʃən,инумэрэйшн,перечисление,wordnet,noun,существительное,2
erased,erased,ɪˈreɪst,ирэйст,стёрт,wordnet,verb,глагол,1
erases,erases,ɪˈreɪsɪz,ирэйсиз,стирает,wordnet,verb,глагол,2
errand,errand,ˈɛrənd,эрнд,поручение,wordnet,noun,существительное,1
escaped,escaped,ɪˈskeɪpt,искэйпт,сбежал,wordnet,verb,глагол,10
escaping,escaping,ɪˈskeɪpɪŋ,искэйпин,побег,wordnet,verb,глагол,2
estimate,estimate,ˈɛstəˌmeɪt,эстмэйт,оценивать,wordnet,noun,существительное,1
etched,etched,ɛʧt,эчт,запечатленный,wordnet,verb,глагол,1
ethic,ethic,ˈɛθɪk,эсик,этика,wordnet,noun,существительное,1
etiquette,etiquette,ˈɛtəkət,этэкэт,этикет,wordnet,noun,существительное,1
european,european,ˌjʊrəˈpiən,юрэпин,европейский,wordnet,noun,существительное,3
evader,evader,ɪˈveɪdər,ивэйдэр,уклонист,wordnet,,,1
eve,eve,iv,ив,канун,wordnet,noun,существительное,12
evening,evening,ˈivnɪŋ,ивнин,вечер,wordnet,noun,существительное,12
everyday,everyday,ˈɛvriˈdeɪ,эвридэй,каждый день,wordnet,adj,прилагательное,1
evidenced,evidenced,ˈɛvɪdənst,эвиднст,доказано,wordnet,verb,глагол,1
exaggerated,exaggerated,ɪgˈzæʤərˌeɪtɪd,игзэджэрэйтид,преувеличенный,wordnet,verb,глагол,1
exceeded,exceeded,ɪkˈsidɪd,иксидид,превысил,wordnet,verb,глагол,2
exceeding,exceeding,ɪkˈsidɪŋ,иксидин,превышающий,wordnet,verb,глагол,1
exceptionally,exceptionally,ɪkˈsɛpʃənəli,иксэпшнли,исключительно,wordnet,adv,наречие,1
excitement,excitement,ɪkˈsaɪtmənt,иксайтмнт,возбуждение,wordnet,noun,существительное,1
exclamation,exclamation,ˌɛkskləˈmeɪʃən,эксклэмэйшн,восклицание,wordnet,noun,существительное,4
excludes,excludes,ɪkˈskludz,иксклудз,исключает,wordnet,verb,глагол,1
extinguished,extinguished,ɪkˈstɪŋgwɪʃt,икстингуишт,потухший,wordnet,verb,глагол,1
extraordinary,extraordinary,ˌɛkstrəˈɔrdəˌnɛri,экстрэорднэри,необыкновенный,wordnet,adj,прилагательное,1
fallback,fallback,ˈfɔlˌbæk,фолбэк,отступать,wordnet,noun,существительное,2
fallen,fallen,ˈfɑlən,фалн,упал,wordnet,verb,глагол,1
falsehood,falsehood,ˈfælsˌhʊd,фэлсхуд,ложь,wordnet,noun,существительное,3
fancier,fancier,ˈfænsiər,фэнсиэр,любитель,wordnet,noun,существительное,1
fancy,fancy,ˈfænsi,фэнси,изысканный,wordnet,noun,существительное,1
fantasia,fantasia,fænˈteɪʒə,фэнтэйжэ,фантазия,wordnet,noun,существительное,1
fantasy,fantasy,ˈfænəsi,фэнэси,фантастика,wordnet,noun,существительное,4
fashioned,fashioned,ˈfæʃənd,фэшнд,вылепленный,wordnet,verb,глагол,1
fate,fate,feɪt,фэйт,судьба,wordnet,noun,существительное,2
fava,fava,ˈfɑvə,фавэ,фава,wordnet,,,3
featured,featured,ˈfiʧərd,фичэрд,избранный,wordnet,verb,глагол,4
fedora,fedora,fɪˈdɔrə,фидорэ,шляпа-федора,wordnet,noun,существительное,1
feline,feline,ˈfiˌlaɪn,филайн,кошачий,wordnet,noun,существительное,13
female,female,ˈfiˌmeɪl,фимэйл,женский,wordnet,noun,существительное,1
fetching,fetching,ˈfɛʧɪŋ,фэчин,получение,wordnet,verb,глагол,1
fiction,fiction,ˈfɪkʃən,фикшн,вымысел,wordnet,noun,существительное,2
fiers,fiers,firz,фирз,гирлянды,wordnet,,,1
figured,figured,ˈfɪgjərd,фигйэрд,понял,wordnet,verb,глагол,1
fil,fil,fɪl,фил,фил,wordnet,,,1
film,film,fɪlm,филм,фильм,wordnet,noun,существительное,3
finger,finger,ˈfɪŋgər,фингэр,палец,wordnet,noun,существительное,4
finicky,finicky,ˈfɪnəki,финэки,привередливый,wordnet,adj,прилагательное,1
fish,fish,fɪʃ,фиш,рыба,wordnet,noun,существительное,6
fizz,fizz,fɪz,физ,шипение,wordnet,noun,существительное,7
flashy,flashy,ˈflæʃi,флэши,яркий,wordnet,adj,прилагательное,1
flat,flat,flæt,флэт,плоский,wordnet,noun,существительное,1
flatbed,flatbed,ˈflætˌbɛd,флэтбэд,бортовой,wordnet,noun,существительное,3
flaw,flaw,flɔ,фло,недостаток,wordnet,noun,существительное,1
flexibly,flexibly,ˈflɛksəbli,флэксэбли,гибко,wordnet,adv,наречие,1
flickr,flickr,ˈflɪkər,фликэр,фликр,wordnet,,,3
flood,flood,fləd,флэд,наводнение,wordnet,noun,существительное,3
flooding,flooding,ˈflədɪŋ,флэдин,наводнение,wordnet,noun,существительное,1
floppy,floppy,ˈflɑpi,флапи,гибкий,wordnet,noun,существительное,2
flowchart,flowchart,ˈfloʊˌʧɑrt,флоучарт,блок-схема,wordnet,noun,существительное,47
flowery,flowery,ˈflaʊəri,флауэри,цветочный,wordnet,adj,прилагательное,1
flowing,flowing,floʊɪŋ,флоуин,текущий,wordnet,noun,существительное,2
fluffy,fluffy,ˈfləfi,флэфи,пушистый,wordnet,adj,прилагательное,5
foo,foo,fu,фу,фу,wordnet,,,5
foolish,foolish,ˈfulɪʃ,фулиш,глупый,wordnet,adj,прилагательное,1
footer,footer,ˈfʊtər,футэр,нижний колонтитул,wordnet,noun,существительное,2
forecast,forecast,ˈfɔrˌkæst,форкэст,прогноз,wordnet,noun,существительное,16
foreground,foreground,ˈfɔrˌgraʊnd,форграунд,передний план,wordnet,noun,существительное,4
foresee,foresee,fɔrˈsi,форси,предвидеть,wordnet,verb,глагол,1
foreword,foreword,ˈfɔrˌwərd,форуэрд,предисловие,wordnet,noun,существительное,2
forgo,forgo,fɔrˈgoʊ,форгоу,отказаться,wordnet,verb,глагол,1
fork,fork,fɔrk,форк,вилка,wordnet,noun,существительное,1
fortune,fortune,ˈfɔrʧən,форчн,удача,wordnet,noun,существительное,8
forty,forty,ˈfɔrti,форти,сорок,wordnet,noun,существительное,4
founder,founder,ˈfaʊndər,фаундэр,основатель,wordnet,noun,существительное,1
fox,fox,fɑks,факс,лиса,wordnet,noun,существительное,2
fractional,fractional,ˈfrækʃənəl,фрэкшнл,дробный,wordnet,adj,прилагательное,2
france,france,fræns,фрэнс,Франция,wordnet,noun,существительное,2
francis,francis,ˈfrænsɪs,фрэнсис,Фрэнсис,wordnet,,,2
frankenstein,frankenstein,ˈfræŋkənˌstin,фрэнкнстин,Франкенштейн,wordnet,noun,существительное,13
frankfort,frankfort,ˈfræŋkfərt,фрэнкфэрт,Франкфурт,wordnet,noun,существительное,1
freeform,freeform,ˈfriˌfɔrm,фриформ,произвольная форма,wordnet,,,1
freeing,freeing,friɪŋ,фриин,освобождение,wordnet,noun,существительное,2
freezing,freezing,ˈfrizɪŋ,фризин,замораживание,wordnet,noun,существительное,2
friday,friday,ˈfraɪˌdeɪ,фрайдэй,пятница,wordnet,noun,существительное,6
fridge,fridge,frɪʤ,фридж,холодильник,wordnet,noun,существительное,1
friedrich,friedrich,ˈfridrɪk,фридрик,Фридрих,wordnet,,,2
frozen,frozen,ˈfroʊzən,фроузн,замороженный,wordnet,verb,глагол,9
fund,fund,fənd,фнд,фонд,wordnet,noun,существительное,1
fur,fur,fər,фэр,шерсть,wordnet,noun,существительное,45
furiously,furiously,fˈjʊriəsli,фюриэсли,яростно,wordnet,adv,наречие,1
garlic,garlic,ˈgɑrlɪk,гарлик,чеснок,wordnet,noun,существительное,10
gasp,gasp,gæsp,гэсп,задыхаться,wordnet,noun,существительное,1
gathering,gathering,ˈgæðərɪŋ,гэзэрин,встреча,wordnet,noun,существительное,1
gauss,gauss,gaʊs,гаус,гаусс,wordnet,noun,существительное,4
gecko,gecko,ˈgɛkoʊ,гэкоу,геккон,wordnet,noun,существительное,1
gemini,gemini,ˈʤɛməˌni,джэмни,Близнецы,wordnet,noun,существительное,2
gender,gender,ˈʤɛndər,джэндэр,пол,wordnet,noun,существительное,4
generative,generative,ˈʤɛnərətɪv,джэнэрэтив,порождающий,wordnet,adj,прилагательное,2
generous,generous,ˈʤɛnərəs,джэнэрэс,щедрый,wordnet,adj,прилагательное,1
gentle,gentle,ˈʤɛnəl,джэнл,нежный,wordnet,verb,глагол,1
genuine,genuine,ˈʤɛnjuˌaɪn,джэнйуайн,подлинный,wordnet,adj,прилагательное,1
geography,geography,ʤiˈɑgrəfi,джиагрэфи,география,wordnet,noun,существительное,1
george,george,ʤɔrʤ,джордж,Джордж,wordnet,noun,существительное,1
georgia,georgia,ˈʤɔrʤə,джорджэ,Грузия,wordnet,noun,существительное,1
germ,germ,ʤərm,джэрм,зародыш,wordnet,noun,существительное,1
german,german,ˈʤərmən,джэрмн,немецкий,wordnet,noun,существительное,1
gibberish,gibberish,ˈgɪbərɪʃ,гибэриш,тарабарщина,wordnet,noun,существительное,1
gibbs,gibbs,gɪbz,гибз,Гиббс,wordnet,noun,существительное,1
ging,ging,ʤɪŋ,джин,имбирь,wordnet,,,4
ginger,ginger,ˈʤɪnʤər,джинджэр,имбирь,wordnet,noun,существительное,1
glimmer,glimmer,ˈglɪmər,глимэр,мерцать,wordnet,noun,существительное,1
glowing,glowing,gloʊɪŋ,глоуин,светящийся,wordnet,noun,существительное,2
gnome,gnome,noʊm,ноум,гном,wordnet,noun,существительное,4
goodbye,goodbye,ˌgʊdˈbaɪ,гудбай,до свидания,wordnet,noun,существительное,9
goose,goose,gus,гус,Гусь,wordnet,noun,существительное,4
goto,goto,ˈgoʊˌtu,гоуту,перейти к,wordnet,,,8
gradual,gradual,ˈgræʤuəl,грэджул,постепенный,wordnet,noun,существительное,1
graduation,graduation,ˌgræʤəˈweɪʃən,грэджэуэйшн,выпускной,wordnet,noun,существительное,1
grandiose,grandiose,ˌgrændiˈoʊs,грэндиоус,грандиозный,wordnet,adj,прилагательное,1
grant,grant,grænt,грэнт,предоставить,wordnet,noun,существительное,1
granted,granted,ˈgrænɪd,грэнид,предоставленный,wordnet,verb,глагол,10
greedy,greedy,ˈgridi,гриди,жадный,wordnet,adj,прилагательное,29
griffith,griffith,ˈgrɪfɪθ,грифис,Гриффит,wordnet,noun,существительное,1
gro,gro,groʊ,гроу,гро,wordnet,,,1
grossly,grossly,ˈgroʊsli,гроусли,грубо,wordnet,adv,наречие,1
grounded,grounded,ˈgraʊndɪd,граундид,заземленный,wordnet,verb,глагол,1
guardian,guardian,ˈgɑrdiən,гардин,опекун,wordnet,noun,существительное,1
guitar,guitar,gɪˈtɑr,гитар,гитара,wordnet,noun,существительное,1
gust,gust,gəst,гэст,порыв,wordnet,noun,существительное,1
hacking,hacking,ˈhækɪŋ,хэкин,взлом,wordnet,verb,глагол,2
halloween,halloween,ˌhæləˈwin,хэлэуин,Хэллоуин,wordnet,noun,существительное,12
hallucinating,hallucinating,həˈlusɪneɪtɪŋ,хэлусинэйтин,галлюцинации,wordnet,verb,глагол,2
ham,ham,hæm,хэм,ветчина,wordnet,noun,существительное,19
hamburger,hamburger,ˈhæmbərgər,хэмбэргэр,гамбургер,wordnet,noun,существительное,1
hampshire,hampshire,ˈhæmʃər,хэмшэр,Хэмпшир,wordnet,noun,существительное,1
han,han,hɑn,хан,Хан,wordnet,noun,существительное,1
handiest,handiest,ˈhændiəst,хэндиэст,самый удобный,wordnet,adj,прилагательное,1
handwritten,handwritten,ˈhænˌdrɪtən,хэндритн,рукописный,wordnet,adj,прилагательное,2
harassing,harassing,hərˈæsɪŋ,хэрэсин,преследование,wordnet,verb,глагол,1
harkins,harkins,ˈhɑrkɪnz,харкинз,Харкинс,wordnet,,,1
harness,harness,ˈhɑrnɪs,харнис,обуздать,wordnet,noun,существительное,1
harrisburg,harrisburg,ˈhɛrɪsbərg,хэрисбэрг,Гаррисберг,wordnet,noun,существительное,3
hart,hart,hɑrt,харт,сердце,wordnet,noun,существительное,2
hartford,hartford,ˈhɑrtfərd,хартфэрд,Хартфорд,wordnet,noun,существительное,2
hartley,hartley,ˈhɑrtli,хартли,Хартли,wordnet,noun,существительное,1
harvesting,harvesting,ˈhɑrvəstɪŋ,харвэстин,сбор урожая,wordnet,noun,существительное,1
hashtag,hashtag,ˈhæʃˌtæg,хэштэг,хэштег,wordnet,,,1
hawaii,hawaii,həˈwaɪˌi,хэуайи,Гавайи,wordnet,noun,существительное,1
hazy,hazy,ˈheɪzi,хэйзи,туманный,wordnet,adj,прилагательное,2
headless,headless,ˈhɛdləs,хэдлэс,безголовый,wordnet,adj,прилагательное,10
heaven,heaven,ˈhɛvən,хэвн,небеса,wordnet,noun,существительное,2
helena,helena,ˈhɛlənə,хэлнэ,Елена,wordnet,noun,существительное,1
hilary,hilary,ˈhɪləri,хилэри,Хилари,wordnet,,,1
hing,hing,hɪŋ,хин,хинг,wordnet,,,9
hogging,hogging,ˈhɔgɪŋ,хогин,жадность,wordnet,verb,глагол,1
holding,holding,ˈhoʊldɪŋ,хоулдин,проведение,wordnet,noun,существительное,5
hollie,hollie,ˈhɑli,хали,Холли,wordnet,,,1
house,house,haʊs,хаус,дом,wordnet,noun,существительное,3
household,household,ˈhaʊsˌhoʊld,хаусхоулд,семья,wordnet,noun,существительное,1
howdy,howdy,ˈhaʊdi,хауди,привет,wordnet,noun,существительное,18
howl,howl,haʊl,хаул,вой,wordnet,noun,существительное,3
humidity,humidity,hjuˈmɪdəti,хйумидэти,влажность,wordnet,noun,существительное,3
humongous,humongous,hjuˈmɔŋgəs,хйумонгэс,огромный,wordnet,adj,прилагательное,1
hump,hump,həmp,хмп,горб,wordnet,noun,существительное,1
hunger,hunger,ˈhəŋgər,хэнгэр,голод,wordnet,noun,существительное,1
hydrant,hydrant,ˈhaɪdrənt,хайдрнт,гидрант,wordnet,noun,существительное,1
hype,hype,haɪp,хайп,шумиха,wordnet,noun,существительное,5
hypertext,hypertext,ˈhaɪpərˌtɛkst,хайпэртэкст,гипертекст,wordnet,noun,существительное,3
hyphen,hyphen,ˈhaɪfən,хайфн,дефис,wordnet,noun,существительное,16
hyphenated,hyphenated,ˈhaɪfəˌneɪtɪd,хайфнэйтид,через дефис,wordnet,verb,глагол,3
hyphenation,hyphenation,ˌhaɪfəˈneɪʃən,хайфэнэйшн,расстановка переносов,wordnet,noun,существительное,1
hypnotic,hypnotic,hɪpˈnɑtɪk,хипнатик,гипнотический,wordnet,noun,существительное,1
hypothetically,hypothetically,ˌhaɪpəˈθɛtɪkli,хайпэсэтикли,гипотетически,wordnet,adv,наречие,1
identifiable,identifiable,aɪˈdɛntəˌfaɪəbəl,айдэнтэфайэбл,опознаваемый,wordnet,adj,прилагательное,1
idiot,idiot,ˈɪˌdiət,идиэт,идиот,wordnet,noun,существительное,1
illinois,illinois,ˌɪləˈnɔɪz,илэнойз,Иллинойс,wordnet,noun,существительное,1
illuminating,illuminating,ˌɪˈluməˌneɪtɪŋ,илумнэйтин,освещающий,wordnet,verb,глагол,1
imagination,imagination,ˌɪˌmæʤəˈneɪʃən,имэджэнэйшн,воображение,wordnet,noun,существительное,1
immortal,immortal,ˌɪˈmɔrtəl,имортл,бессмертный,wordnet,noun,существительное,3
imp,imp,ɪmp,имп,имп,wordnet,noun,существительное,1
impaired,impaired,ˌɪmˈpɛrd,импэрд,ослабленный,wordnet,verb,глагол,1
imperfect,imperfect,ˌɪmˈpərfɪkt,импэрфикт,несовершенный,wordnet,noun,существительное,2
imperial,imperial,ˌɪmˈpɪriəl,импирил,имперский,wordnet,noun,существительное,1
impression,impression,ˌɪmˈprɛʃən,импрэшн,впечатление,wordnet,noun,существительное,1
imprint,imprint,ˌɪmˈprɪnt,импринт,отпечаток,wordnet,noun,существительное,1
inaccurate,inaccurate,ˌɪˈnækjərət,инэкйэрэт,неточный,wordnet,adj,прилагательное,1
inaccurately,inaccurately,ˌɪˈnækjərətli,инэкйэрэтли,неточно,wordnet,adv,наречие,1
incidentally,incidentally,ˌɪnsɪˈdɛntəli,инсидэнтли,кстати,wordnet,adv,наречие,1
incompatibility,incompatibility,ˌɪnˌkɑmpətɪˈbɪlɪti,инкампэтибилити,несовместимость,wordnet,noun,существительное,2
inconsistent,inconsistent,ˌɪnkənˈsɪstənt,инкнсистнт,непоследовательный,wordnet,adj,прилагательное,2
indiana,indiana,ˌɪndiˈænə,индиэнэ,Индиана,wordnet,noun,существительное,1
inexpensive,inexpensive,ˌɪnɪkˈspɛnsɪv,иникспэнсив,недорогой,wordnet,adj,прилагательное,1
infuse,infuse,ˌɪnfˈjuz,инфйуз,вселить,wordnet,verb,глагол,1
innermost,innermost,ˈɪnərˌmoʊst,инэрмоуст,сокровенный,wordnet,adj,прилагательное,1
innovation,innovation,ˌɪnəˈveɪʃən,инэвэйшн,инновации,wordnet,noun,существительное,2
innovative,innovative,ˈɪnəˌveɪtɪv,инэвэйтив,инновационный,wordnet,adj,прилагательное,1
insignificant,insignificant,ˌɪnsɪgnˈjɪfɪkənt,инсигнйификнт,незначительный,wordnet,adj,прилагательное,2
insist,insist,ˌɪnˈsɪst,инсист,настаивать,wordnet,verb,глагол,1
inspected,inspected,ˌɪnˈspɛktɪd,инспэктид,проверено,wordnet,verb,глагол,1
inspecting,inspecting,ˌɪnˈspɛktɪŋ,инспэктин,проверка,wordnet,verb,глагол,1
inspector,inspector,ˌɪnˈspɛktər,инспэктэр,инспектор,wordnet,noun,существительное,4
installers,installers,ˌɪnˈstɔlərz,инстолэрз,монтажники,wordnet,,,1
instant,instant,ˈɪnstənt,инстнт,мгновенный,wordnet,noun,существительное,2
instrument,instrument,ˈɪnstrəmənt,инстрмнт,инструмент,wordnet,noun,существительное,2
intends,intends,ˌɪnˈtɛndz,интэндз,намеревается,wordnet,verb,глагол,2
intensity,intensity,ˌɪnˈtɛnsɪti,интэнсити,интенсивность,wordnet,noun,существительное,1
intermittently,intermittently,ˌɪntərˈmɪtəntli,интэрмитнтли,периодически,wordnet,adv,наречие,1
international,international,ˌɪnərˈnæʃənɑl,инэрнэшнал,международный,wordnet,noun,существительное,2
internationally,internationally,ˌɪnərˈnæʃənɑli,инэрнэшнали,на международном уровне,wordnet,adv,наречие,1
intricate,intricate,ˈɪntrəkət,интрэкэт,сложный,wordnet,adj,прилагательное,1
invade,invade,ˌɪnˈveɪd,инвэйд,вторгаться,wordnet,verb,глагол,1
invading,invading,ˌɪnˈveɪdɪŋ,инвэйдин,вторжение,wordnet,verb,глагол,1
invent,invent,ˌɪnˈvɛnt,инвэнт,изобретать,wordnet,verb,глагол,3
inventory,inventory,ˌɪnvənˈtɔri,инвнтори,инвентарь,wordnet,noun,существительное,25
invents,invents,ˌɪnˈvɛnts,инвэнтс,изобретает,wordnet,verb,глагол,1
inverse,inverse,ˌɪnˈvərs,инвэрс,обратный,wordnet,noun,существительное,1
investment,investment,ˌɪnˈvɛstmənt,инвэстмнт,инвестиции,wordnet,noun,существительное,1
investor,investor,ˌɪnˈvɛstər,инвэстэр,инвестор,wordnet,noun,существительное,1
invoke,invoke,ˌɪnˈvoʊk,инвоук,вызывать,wordnet,verb,глагол,1
ion,ion,aɪən,айн,ион,wordnet,noun,существительное,7
iphone,iphone,ˈaɪˌfoʊn,айфоун,айфон,wordnet,,,1
iris,iris,ˈaɪrɪs,айрис,ирис,wordnet,noun,существительное,3
iron,iron,aɪərn,айэрн,железо,wordnet,noun,существительное,1
irrefutable,irrefutable,ˌɪrəfˈjutəbəl,ирэфйутэбл,неопровержимый,wordnet,adj,прилагательное,1
irresponsible,irresponsible,ˌɪrəˈspɑnsəbəl,ирэспансэбл,безответственный,wordnet,adj,прилагательное,1
irreversibly,irreversibly,ˌɪrɪˈvərsəbli,иривэрсэбли,необратимо,wordnet,adv,наречие,1
irritating,irritating,ˈɪrəˌteɪtɪŋ,ирэтэйтин,раздражающий,wordnet,verb,глагол,1
isola,isola,aɪˈsɑlə,айсалэ,Изола,wordnet,,,13
isolation,isolation,ˌaɪsəˈleɪʃən,айсэлэйшн,изоляция,wordnet,noun,существительное,11
ita,ita,ˈaɪˈtiˈeɪ,айтиэй,ита,wordnet,,,2
italic,italic,aɪˈtælɪk,айтэлик,курсив,wordnet,noun,существительное,22
jacob,jacob,ˈʤeɪkəb,джэйкэб,Джейкоб,wordnet,noun,существительное,10
jamison,jamison,ˈʤeɪmɪsən,джэймисн,Джеймисон,wordnet,noun,существительное,1
japanese,japanese,ˌʤæpəˈniz,джэпэниз,японский,wordnet,noun,существительное,8
jargon,jargon,ˈʤɑrgən,джаргн,жаргонизм,wordnet,noun,существительное,1
jasmine,jasmine,ˈʤæzmɪn,джэзмин,жасмин,wordnet,noun,существительное,2
jason,jason,ˈʤeɪsən,джэйсн,Джейсон,wordnet,noun,существительное,1
jay,jay,ʤeɪ,джэй,Джей,wordnet,noun,существительное,2
jefferson,jefferson,ˈʤɛfərsən,джэфэрсн,Джефферсон,wordnet,noun,существительное,1
joke,joke,ʤoʊk,джоук,шутить,wordnet,noun,существительное,1
jon,jon,ʤɑn,джан,Джон,wordnet,,,4
journalism,journalism,ˈʤərnəˌlɪzəm,джэрнлизм,журналистика,wordnet,noun,существительное,1
journalist,journalist,ˈʤərnəlɪst,джэрнлист,журналист,wordnet,noun,существительное,1
julien,julien,ˈʤuliən,джулин,Жюльен,wordnet,,,1
juliet,juliet,ˈʤuliˌɛt,джулиэт,Джульетта,wordnet,,,5
justification,justification,ˌʤəstəfəˈkeɪʃən,джэстэфэкэйшн,оправдание,wordnet,noun,существительное,1
justified,justified,ˈʤəstəˌfaɪd,джэстэфайд,оправданный,wordnet,verb,глагол,3
justify,justify,ˈʤəstəˌfaɪ,джэстэфай,оправдывать,wordnet,verb,глагол,4
justifying,justifying,ˈʤəstəˌfaɪɪŋ,джэстэфайин,оправдывающий,wordnet,verb,глагол,2
kage,kage,keɪʤ,кэйдж,Каге,wordnet,,,2
kentucky,kentucky,kənˈtəki,кнтэки,Кентукки,wordnet,noun,существительное,1
keyed,keyed,kid,кид,с ключом,wordnet,verb,глагол,1
keynote,keynote,ˈkiˌnoʊt,киноут,основной доклад,wordnet,noun,существительное,2
kilogram,kilogram,ˈkɪləˌgræm,килэгрэм,килограмм,wordnet,noun,существительное,2
kitchen,kitchen,ˈkɪʧən,кичн,кухня,wordnet,noun,существительное,1
knife,knife,naɪf,найф,нож,wordnet,noun,существительное,1
knit,knit,nɪt,нит,вязать,wordnet,noun,существительное,1
knitting,knitting,ˈnɪtɪŋ,нитин,вязание,wordnet,noun,существительное,1
lack,lack,læk,лэк,недостаток,wordnet,noun,существительное,3
lacking,lacking,ˈlækɪŋ,лэкин,не хватает,wordnet,verb,глагол,1
lady,lady,ˈleɪdi,лэйди,леди,wordnet,noun,существительное,4
lak,lak,læk,лэк,лак,wordnet,,,1
land,land,lænd,лэнд,земля,wordnet,noun,существительное,1
lane,lane,leɪn,лэйн,переулок,wordnet,noun,существительное,1
lank,lank,læŋk,лэнк,тощий,wordnet,adj,прилагательное,1
lansing,lansing,ˈlænsɪŋ,лэнсин,Лансинг,wordnet,noun,существительное,1
lap,lap,læp,лэп,колени,wordnet,noun,существительное,40
larkin,larkin,ˈlɑrkɪn,ларкин,шутник,wordnet,,,16
laser,laser,ˈleɪzər,лэйзэр,лазер,wordnet,noun,существительное,1
lash,lash,læʃ,лэш,плетка,wordnet,noun,существительное,1
latin,latin,ˈlætən,лэтн,латинский,wordnet,noun,существительное,19
laurel,laurel,ˈlɔrəl,лорл,лавр,wordnet,noun,существительное,1
law,law,lɔ,ло,закон,wordnet,noun,существительное,2
lax,lax,læks,лэкс,слабый,wordnet,adj,прилагательное,1
laying,laying,leɪɪŋ,лэйин,укладка,wordnet,noun,существительное,3
leak,leak,lik,лик,утечка,wordnet,noun,существительное,1
lean,lean,lin,лин,наклонять,wordnet,noun,существительное,2
leap,leap,lip,лип,прыгнуть,wordnet,noun,существительное,4
learner,learner,ˈlərnər,лэрнэр,ученик,wordnet,noun,существительное,1
lecture,lecture,ˈlɛkʧər,лэкчэр,лекция,wordnet,noun,существительное,1
led,led,lɛd,лэд,вел,wordnet,noun,существительное,1
legible,legible,ˈlɛʤəbəl,лэджэбл,разборчивый,wordnet,adj,прилагательное,1
lego,lego,ˈlɛgoʊ,лэгоу,лего,wordnet,noun,существительное,2
leslie,leslie,ˈlɛsli,лэсли,Лесли,wordnet,,,1
lettered,lettered,ˈlɛtərd,лэтэрд,с буквами,wordnet,verb,глагол,1
lettering,lettering,ˈlɛtərɪŋ,лэтэрин,надпись,wordnet,noun,существительное,1
lewis,lewis,luɪs,луис,Льюис,wordnet,noun,существительное,1
lie,lie,laɪ,лай,ложь,wordnet,noun,существительное,5
lifeless,lifeless,ˈlaɪfləs,лайфлэс,безжизненный,wordnet,adj,прилагательное,2
lifetime,lifetime,ˈlaɪfˌtaɪm,лайфтайм,продолжительность жизни,wordnet,noun,существительное,2
limb,limb,lɪm,лим,конечность,wordnet,noun,существительное,2
lincoln,lincoln,ˈlɪŋkən,линкн,Линкольн,wordnet,noun,существительное,1
linus,linus,ˈlaɪnəs,лайнэс,Линус,wordnet,,,1
lite,lite,laɪt,лайт,облегченный,wordnet,adj,прилагательное,1
liu,liu,lju,лйу,Лю,wordnet,,,1
llama,llama,ˈlɑmə,ламэ,лама,wordnet,noun,существительное,2
locate,locate,ˈloʊˌkeɪt,лоукэйт,найти,wordnet,verb,глагол,11
locates,locates,ˈloʊˌkeɪts,лоукэйтс,находит,wordnet,verb,глагол,2
locating,locating,ˈloʊˌkeɪtɪŋ,лоукэйтин,обнаружение,wordnet,noun,существительное,1
locator,locator,ˈloʊˌkeɪtər,лоукэйтэр,локатор,wordnet,noun,существительное,45
lone,lone,loʊn,лоун,одинокий,wordnet,adj,прилагательное,1
lookup,lookup,ˈlʊkəp,лукэп,искать,wordnet,noun,существительное,1
loot,loot,lut,лут,грабить,wordnet,noun,существительное,8
lor,lor,lɔr,лор,лор,wordnet,,,1
lord,lord,lɔrd,лорд,господин,wordnet,noun,существительное,1
loring,loring,ˈlɔrɪŋ,лорин,лоринг,wordnet,,,2
losing,losing,ˈluzɪŋ,лузин,потерять,wordnet,verb,глагол,3
lou,lou,lu,лу,Лу,wordnet,,,1
loud,loud,laʊd,лауд,громкий,wordnet,adj,прилагательное,5
loved,loved,ləvd,лэвд,любил,wordnet,verb,глагол,3
luggage,luggage,ˈləgɪʤ,лэгидж,багаж,wordnet,noun,существительное,2
lying,lying,laɪɪŋ,лайин,врущий,wordnet,noun,существительное,1
lyric,lyric,ˈlɪrɪk,лирик,лирический,wordnet,noun,существительное,2
macbeth,macbeth,məkˈbɛθ,мэкбэс,Макбет,wordnet,noun,существительное,3
machi,machi,ˈmɑki,маки,мачи,wordnet,,,1
mad,mad,mæd,мэд,безумный,wordnet,adj,прилагательное,2
madison,madison,ˈmædɪsən,мэдисн,Мэдисон,wordnet,noun,существительное,1
magenta,magenta,məˈʤɛntə,мэджэнтэ,пурпурный,wordnet,noun,существительное,1
mail,mail,meɪl,мэйл,почта,wordnet,noun,существительное,8
mailed,mailed,meɪld,мэйлд,отправлено по почте,wordnet,verb,глагол,1
mailing,mailing,ˈmeɪlɪŋ,мэйлин,рассылка,wordnet,noun,существительное,2
maine,maine,meɪn,мэйн,Мэн,wordnet,noun,существительное,1
maker,maker,ˈmeɪkər,мэйкэр,создатель,wordnet,noun,существительное,6
mango,mango,ˈmæŋgoʊ,мэнгоу,манго,wordnet,noun,существительное,4
mannheim,mannheim,ˈmænhaɪm,мэнхайм,Мангейм,wordnet,noun,существительное,1
manufacturing,manufacturing,ˌmænjəˈfækʧərɪŋ,мэнйэфэкчэрин,производство,wordnet,noun,существительное,1
mar,mar,mɑr,мар,март,wordnet,noun,существительное,2
marked,marked,mɑrkt,маркт,отмеченный,wordnet,verb,глагол,1
market,market,ˈmɑrkɪt,маркит,рынок,wordnet,noun,существительное,1
marketed,marketed,ˈmɑrkətɪd,маркэтид,проданный,wordnet,verb,глагол,2
marketer,marketer,ˈmɑrkətər,маркэтэр,маркетолог,wordnet,noun,существительное,1
marking,marking,ˈmɑrkɪŋ,маркин,маркировка,wordnet,noun,существительное,2
marvel,marvel,ˈmɑrvəl,марвл,удивляться,wordnet,noun,существительное,1
mary,mary,ˈmɛri,мэри,Мэри,wordnet,noun,существительное,32
maryland,maryland,ˈmɛrələnd,мэрлнд,Мэриленд,wordnet,noun,существительное,1
masked,masked,mæskt,мэскт,в маске,wordnet,verb,глагол,1
mason,mason,ˈmeɪsən,мэйсн,каменщик,wordnet,noun,существительное,1
mastery,mastery,ˈmæstəri,мэстэри,мастерство,wordnet,noun,существительное,1
mat,mat,mæt,мэт,мат,wordnet,noun,существительное,2
mathematician,mathematician,ˌmæθəməˈtɪʃən,мэсмэтишн,математик,wordnet,noun,существительное,3
mathematics,mathematics,ˌmæθəˈmætɪks,мэсэмэтикс,математика,wordnet,noun,существительное,8
matt,matt,mæt,мэт,матовый,wordnet,noun,существительное,1
maxim,maxim,ˈmæksəm,мэксм,максима,wordnet,noun,существительное,1
maximized,maximized,ˈmæksəˌmaɪzd,мэксмайзд,максимизированный,wordnet,verb,глагол,2
maximizes,maximizes,ˈmæksəˌmaɪzɪz,мэксмайзиз,максимизирует,wordnet,verb,глагол,1
mckenzie,mckenzie,məˈkɛnzi,мэкэнзи,Маккензи,wordnet,,,1
meandering,meandering,miˈændərɪŋ,миэндэрин,извилистый,wordnet,verb,глагол,3
meanwhile,meanwhile,ˈminˌwaɪl,минуайл,тем временем,wordnet,noun,существительное,1
measured,measured,ˈmɛʒərd,мэжэрд,измеренный,wordnet,verb,глагол,1
med,med,mɛd,мэд,медицина,wordnet,noun,существительное,3
medical,medical,ˈmɛdɪkəl,мэдикл,медицинский,wordnet,noun,существительное,1
medieval,medieval,mɪˈdjivəl,мидйивл,средневековый,wordnet,adj,прилагательное,1
meeting,meeting,ˈmitɪŋ,митин,встреча,wordnet,noun,существительное,1
memorize,memorize,ˈmɛmərˌaɪz,мэмэрайз,запоминать,wordnet,verb,глагол,1
memorizing,memorizing,ˈmɛmərˌaɪzɪŋ,мэмэрайзин,запоминание,wordnet,verb,глагол,1
men,men,mɛn,мэн,мужчины,wordnet,noun,существительное,2
menial,menial,ˈminiəl,минил,чернорабочий,wordnet,noun,существительное,1
mercenary,mercenary,ˈmərsəˌnɛri,мэрснэри,наемник,wordnet,noun,существительное,1
merging,merging,ˈmərʤɪŋ,мэрджин,слияние,wordnet,noun,существительное,4
merit,merit,ˈmɛrət,мэрэт,заслуга,wordnet,noun,существительное,1
messaging,messaging,ˈmɛsɪʤɪŋ,мэсиджин,обмен сообщениями,wordnet,noun,существительное,5
messenger,messenger,ˈmɛsɪnʤər,мэсинджэр,посланник,wordnet,noun,существительное,1
metaphor,metaphor,ˈmɛtəfɔr,мэтэфор,метафора,wordnet,noun,существительное,5
metro,metro,ˈmɛˌtroʊ,мэтроу,метро,wordnet,noun,существительное,1
mexico,mexico,ˈmɛksəˌkoʊ,мэксэкоу,Мексика,wordnet,noun,существительное,1
michigan,michigan,ˈmɪʃɪgən,мишигн,Мичиган,wordnet,noun,существительное,1
mickey,mickey,ˈmɪki,мики,Микки,wordnet,noun,существительное,1
micro,micro,ˈmaɪˌkroʊ,майкроу,микро,wordnet,adj,прилагательное,1
mig,mig,mɪg,миг,миг,wordnet,,,3
miguel,miguel,mɪˈgɛl,мигэл,Мигель,wordnet,,,5
milk,milk,mɪlk,милк,молоко,wordnet,noun,существительное,4
milli,milli,ˈmɪli,мили,Милли,wordnet,,,1
millisecond,millisecond,ˈmɪlɪˌsɛkənd,милисэкнд,миллисекунда,wordnet,noun,существительное,2
mindlessly,mindlessly,ˈmaɪndləsli,майндлэсли,бездумно,wordnet,adv,наречие,1
mined,mined,maɪnd,майнд,добытый,wordnet,verb,глагол,2
minimized,minimized,ˈmɪnəˌmaɪzd,минмайзд,сведен к минимуму,wordnet,verb,глагол,1
minimizes,minimizes,ˈmɪnəˌmaɪzəz,минмайзэз,сводит к минимуму,wordnet,verb,глагол,1
minnesota,minnesota,ˌmɪnɪˈsoʊtə,минисоутэ,Миннесота,wordnet,noun,существительное,1
miracle,miracle,ˈmɪrəkəl,мирэкл,чудо,wordnet,noun,существительное,2
misconception,misconception,mɪskənˈsɛpʃən,мискнсэпшн,заблуждение,wordnet,noun,существительное,2
mishandles,mishandles,mɪsˈhændəlz,мисхэндлз,неправильно обращается,wordnet,verb,глагол,1
misinformation,misinformation,ˌmɪsɪnfərˈmeɪʃən,мисинфэрмэйшн,дезинформация,wordnet,noun,существительное,1
misleading,misleading,mɪsˈlidɪŋ,мислидин,вводящий в заблуждение,wordnet,verb,глагол,2
missouri,missouri,məˈzʊri,мэзури,Миссури,wordnet,noun,существительное,1
mistakenly,mistakenly,mɪˈsteɪkənli,мистэйкнли,по ошибке,wordnet,adv,наречие,2
misty,misty,ˈmɪsti,мисти,туманный,wordnet,adj,прилагательное,2
misunderstand,misunderstand,ˌmɪsəndərˈstænd,мисндэрстэнд,неправильно понять,wordnet,verb,глагол,1
misunderstanding,misunderstanding,ˌmɪsəndərˈstændɪŋ,мисндэрстэндин,недоразумение,wordnet,noun,существительное,1
misuse,misuse,mɪsˈjuz,мисйуз,злоупотребление,wordnet,noun,существительное,1
miter,miter,ˈmaɪtər,майтэр,митра,wordnet,noun,существительное,1
mitigate,mitigate,ˈmɪtəˌgeɪt,митэгэйт,смягчать,wordnet,verb,глагол,4
mitten,mitten,ˈmɪtən,митн,варежка,wordnet,noun,существительное,1
mnemonic,mnemonic,nɪˈmɑnɪk,ниманик,мнемонический,wordnet,noun,существительное,1
moderately,moderately,ˈmɑdərətli,мадэрэтли,умеренно,wordnet,adv,наречие,1
molly,molly,ˈmɑli,мали,Молли,wordnet,noun,существительное,1
montana,montana,mɑnˈtænə,мантэнэ,Монтана,wordnet,noun,существительное,1
montgomery,montgomery,mɑntˈgəmri,мантгмри,Монтгомери,wordnet,noun,существительное,1
montpelier,montpelier,mɑntˈpiliər,мантпилиэр,Монтпилиер,wordnet,noun,существительное,1
moose,moose,mus,мус,лось,wordnet,noun,существительное,15
moral,moral,ˈmɔrəl,морл,моральный,wordnet,noun,существительное,1
morning,morning,ˈmɔrnɪŋ,морнин,утро,wordnet,noun,существительное,14
morse,morse,mɔrs,морс,Морс,wordnet,noun,существительное,2
mother,mother,ˈməðər,мэзэр,мать,wordnet,noun,существительное,1
motivated,motivated,ˈmoʊtəˌveɪtəd,моутэвэйтэд,мотивированный,wordnet,verb,глагол,1
mph,mph,ˈɛmˈpiˈeɪʧ,эмпиэйч,миль в час,wordnet,noun,существительное,1
mula,mula,mˈjulə,мйулэ,мула,wordnet,,,1
multimedia,multimedia,ˌməltiˈmidiə,млтимидиэ,мультимедиа,wordnet,noun,существительное,1
multiplies,multiplies,ˈməltəˌplaɪz,млтэплайз,умножает,wordnet,verb,глагол,2
mustard,mustard,ˈməstərd,мэстэрд,горчица,wordnet,noun,существительное,1
mutable,mutable,mˈjutəbəl,мйутэбл,изменчивый,wordnet,adj,прилагательное,13
mutate,mutate,mˈjuˌteɪt,мйутэйт,мутировать,wordnet,verb,глагол,1
mutated,mutated,mˈjuˌteɪtɪd,мйутэйтид,мутировал,wordnet,verb,глагол,1
mute,mute,mjut,мйут,немой,wordnet,noun,существительное,3
muted,muted,mˈjutɪd,мйутид,приглушенный,wordnet,verb,глагол,2
nam,nam,næm,нэм,нам,wordnet,,,2
nanotechnology,nanotechnology,ˌnænoʊˌtɛkˈnɑləˌʤi,нэноутэкналэджи,нанотехнологии,wordnet,noun,существительное,2
nap,nap,næp,нэп,вздремнуть,wordnet,noun,существительное,41
nary,nary,ˈnɛri,нэри,нет,wordnet,adj,прилагательное,1
nashville,nashville,ˈnæʃvɪl,нэшвил,Нэшвилл,wordnet,noun,существительное,1
nate,nate,neɪt,нэйт,Нейт,wordnet,,,2
nation,nation,ˈneɪʃən,нэйшн,нация,wordnet,noun,существительное,1
nearly,nearly,ˈnɪrli,нирли,около,wordnet,adv,наречие,6
necessitating,necessitating,nəˈsɛsɪˌteɪtɪŋ,нэсэситэйтин,требующий,wordnet,verb,глагол,1
ned,ned,nɛd,нэд,Нед,wordnet,,,2
negligible,negligible,ˈnɛglɪʤəbəl,нэглиджэбл,незначительный,wordnet,adj,прилагательное,1
nephew,nephew,ˈnɛfju,нэфйу,племянник,wordnet,noun,существительное,1
nerd,nerd,nərd,нэрд,зануда,wordnet,noun,существительное,1
networking,networking,ˈnɛtˌwərkɪŋ,нэтуэркин,сеть,wordnet,verb,глагол,1
neutral,neutral,ˈnutrəl,нутрл,нейтральный,wordnet,noun,существительное,3
nevada,nevada,nəˈvɑdə,нэвадэ,Невада,wordnet,noun,существительное,1
newest,newest,nuəst,нуэст,новейший,wordnet,adj,прилагательное,1
newlin,newlin,ˈnulɪn,нулин,Ньюлин,wordnet,,,1
nil,nil,nɪl,нил,ноль,wordnet,noun,существительное,10
ning,ning,nɪŋ,нин,Нин,wordnet,,,10
nitpick,nitpick,ˈnɪtpɪk,нитпик,придирки,wordnet,verb,глагол,1
nope,nope,noʊp,ноуп,неа,wordnet,,,4
north,north,nɔrθ,норс,север,wordnet,noun,существительное,1
norton,norton,ˈnɔrtən,нортн,Нортон,wordnet,,,2
notably,notably,ˈnoʊtəbli,ноутэбли,особенно,wordnet,adv,наречие,1
notification,notification,ˌnoʊtəfəˈkeɪʃən,ноутэфэкэйшн,уведомление,wordnet,noun,существительное,58
notify,notify,ˈnoʊtəˌfaɪ,ноутэфай,уведомить,wordnet,verb,глагол,5
notoriously,notoriously,noʊˈtɔriəsli,ноуториэсли,общеизвестно,wordnet,adv,наречие,1
noun,noun,naʊn,наун,существительное,wordnet,noun,существительное,4
nov,nov,noʊv,ноув,ноябрь,wordnet,noun,существительное,1
november,november,noʊˈvɛmbər,ноувэмбэр,ноябрь,wordnet,noun,существительное,11
nowadays,nowadays,ˈnaʊəˌdeɪz,науэдэйз,настоящее время,wordnet,noun,существительное,1
nth,nth,ɛnθ,энс,n-ный,wordnet,adj,прилагательное,10
nuance,nuance,nuɑns,нуанс,нюанс,wordnet,noun,существительное,1
nudge,nudge,nəʤ,нэдж,подталкивать,wordnet,noun,существительное,2
numb,numb,nəm,нм,онемевший,wordnet,verb,глагол,3
numeral,numeral,ˈnumərəl,нумэрл,цифра,wordnet,noun,существительное,3
oath,oath,oʊθ,оус,клятва,wordnet,noun,существительное,1
obey,obey,oʊˈbeɪ,оубэй,подчиняться,wordnet,verb,глагол,1
observe,observe,əbˈzərv,эбзэрв,наблюдать,wordnet,verb,глагол,1
obtaining,obtaining,əbˈteɪnɪŋ,эбтэйнин,получение,wordnet,verb,глагол,2
obtains,obtains,əbˈteɪnz,эбтэйнз,получает,wordnet,verb,глагол,3
occupy,occupy,ˈɑkjəˌpaɪ,акйэпай,занимать,wordnet,verb,глагол,1
october,october,ɑkˈtoʊbər,актоубэр,октябрь,wordnet,noun,существительное,13
ode,ode,oʊd,оуд,ода,wordnet,noun,существительное,2
office,office,ˈɔfəs,офэс,офис,wordnet,noun,существительное,12
offline,offline,ˈɔˌflaɪn,офлайн,оффлайн,wordnet,,,2
ogg,ogg,ɑg,аг,огг,wordnet,,,1
ohio,ohio,oʊˈhaɪoʊ,оухайоу,Огайо,wordnet,noun,существительное,1
okra,okra,ˈoʊkrə,оукрэ,бамия,wordnet,noun,существительное,7
ole,ole,ˌoʊˈleɪ,оулэй,оле,wordnet,,,1
ons,ons,ɑnz,анз,онс,wordnet,,,1
oops,oops,ups,упс,упс,wordnet,,,4
opponent,opponent,əˈpoʊnənt,эпоуннт,противник,wordnet,noun,существительное,1
oppose,oppose,əˈpoʊz,эпоуз,выступать против,wordnet,verb,глагол,1
ops,ops,ɑps,апс,ОП,wordnet,noun,существительное,1
optical,optical,ˈɑptɪkəl,аптикл,оптический,wordnet,adj,прилагательное,1
oracle,oracle,ˈɔrəkəl,орэкл,оракул,wordnet,noun,существительное,1
orange,orange,ˈɔrɪnʤ,ориндж,апельсин,wordnet,noun,существительное,26
oregon,oregon,ˈɔrəˌgɑn,орэган,Орегон,wordnet,noun,существительное,1
organizer,organizer,ˈɔrgəˌnaɪzər,оргнайзэр,организатор,wordnet,noun,существительное,1
originates,originates,ərˈɪʤəˌneɪts,эриджнэйтс,возникает,wordnet,verb,глагол,1
orphaned,orphaned,ˈɔrfənd,орфнд,осиротевший,wordnet,verb,глагол,1
ort,ort,ɔrt,орт,орт,wordnet,,,1
ose,ose,oʊz,оуз,Оса,wordnet,,,2
ost,ost,oʊst,оуст,ост,wordnet,,,2
outcast,outcast,ˈaʊtˌkæst,ауткэст,изгой,wordnet,noun,существительное,2
outermost,outermost,ˈaʊtərˌmoʊst,аутэрмоуст,самый дальний,wordnet,adj,прилагательное,1
outlook,outlook,ˈaʊˌtlʊk,аутлук,мировоззрение,wordnet,noun,существительное,2
outweigh,outweigh,ˈaʊtˌweɪ,аутуэй,перевешивать,wordnet,verb,глагол,1
overconfidence,overconfidence,ˌoʊvərˈkɑnfɪdəns,оувэрканфиднс,чрезмерная самоуверенность,wordnet,noun,существительное,1
oversight,oversight,ˈoʊvərˌsaɪt,оувэрсайт,надзор,wordnet,noun,существительное,1
overuse,overuse,ˌoʊvərˈjuz,оувэрйуз,злоупотребление,wordnet,noun,существительное,1
overwrites,overwrites,ˌoʊvərˈraɪts,оувэррайтс,перезаписывает,wordnet,verb,глагол,1
overwriting,overwriting,ˌoʊvərˈraɪtɪŋ,оувэррайтин,перезапись,wordnet,verb,глагол,6
overwritten,overwritten,ˌoʊvərˈrɪtən,оувэрритн,перезаписан,wordnet,verb,глагол,3
packet,packet,ˈpækɪt,пэкит,пакет,wordnet,noun,существительное,1
padded,padded,ˈpædɪd,пэдид,мягкий,wordnet,verb,глагол,1
paintbrush,paintbrush,ˈpeɪntˌbrəʃ,пэйнтбрэш,кисть,wordnet,noun,существительное,3
painting,painting,ˈpeɪnɪŋ,пэйнин,рисование,wordnet,noun,существительное,2
panel,panel,ˈpænəl,пэнл,панель,wordnet,noun,существительное,2
par,par,pɑr,пар,номинал,wordnet,noun,существительное,1
para,para,ˈpɛrə,пэрэ,параграф,wordnet,noun,существительное,7
paranoia,paranoia,ˌpɛrəˈnɔɪə,пэрэнойэ,паранойя,wordnet,noun,существительное,2
paraphrase,paraphrase,ˈpɛrəˌfreɪz,пэрэфрэйз,парафраз,wordnet,noun,существительное,1
paring,paring,ˈpɛrɪŋ,пэрин,очистка,wordnet,noun,существительное,1
pass,pas,pɑz,паз,пас,wordnet,noun,существительное,10
pasting,pasting,ˈpeɪstɪŋ,пэйстин,вставка,wordnet,verb,глагол,21
patiently,patiently,ˈpeɪʃəntli,пэйшнтли,терпеливо,wordnet,adv,наречие,1
pattered,pattered,ˈpætərd,пэтэрд,потрепанный,wordnet,verb,глагол,2
paused,paused,pɔzd,позд,остановился,wordnet,verb,глагол,3
pausing,pausing,ˈpɔzɪŋ,позин,пауза,wordnet,verb,глагол,2
pave,pave,peɪv,пэйв,проложить,wordnet,noun,существительное,1
pawn,pawn,pɔn,пон,пешка,wordnet,noun,существительное,6
pennsylvania,pennsylvania,ˌpɛnsəlˈveɪnjə,пэнслвэйнйэ,Пенсильвания,wordnet,noun,существительное,1
perception,perception,pərˈsɛpʃən,пэрсэпшн,восприятие,wordnet,noun,существительное,1
peruse,peruse,pəruz,пэруз,просматривать,wordnet,verb,глагол,1
philip,philip,ˈfɪlɪp,филип,Филип,wordnet,noun,существительное,1
phoenix,phoenix,ˈfinɪks,финикс,феникс,wordnet,noun,существительное,1
photo,photo,ˈfoʊˌtoʊ,фоутоу,фото,wordnet,noun,существительное,39
photograph,photograph,ˈfoʊtəˌgræf,фоутэгрэф,фотография,wordnet,noun,существительное,2
photographed,photographed,ˈfoʊtəˌgræft,фоутэгрэфт,сфотографирован,wordnet,verb,глагол,1
pickup,pickup,ˈpɪˌkəp,пикэп,подобрать,wordnet,noun,существительное,2
picnic,picnic,ˈpɪkˌnɪk,пикник,пикник,wordnet,noun,существительное,11
pier,pier,pɪr,пир,пирс,wordnet,noun,существительное,1
pig,pig,pɪg,пиг,свинья,wordnet,noun,существительное,19
pil,pil,pɪl,пил,пил,wordnet,,,25
piling,piling,ˈpaɪlɪŋ,пайлин,штабелирование,wordnet,noun,существительное,1
pillow,pillow,ˈpɪloʊ,пилоу,подушка,wordnet,noun,существительное,83
ping,ping,pɪŋ,пин,пинг,wordnet,noun,существительное,5
pinging,pinging,ˈpɪŋɪŋ,пинин,пинг,wordnet,verb,глагол,1
piper,piper,ˈpaɪpər,пайпэр,волынщик,wordnet,noun,существительное,4
piping,piping,ˈpaɪpɪŋ,пайпин,трубопровод,wordnet,noun,существительное,2
piracy,piracy,ˈpaɪrəsi,пайрэси,пиратство,wordnet,noun,существительное,1
pit,pit,pɪt,пит,яма,wordnet,noun,существительное,1
playground,playground,ˈpleɪˌgraʊnd,плэйграунд,детская площадка,wordnet,noun,существительное,1
playwright,playwright,ˈpleɪˌraɪt,плэйрайт,драматург,wordnet,noun,существительное,103
pleasure,pleasure,ˈplɛʒər,плэжэр,удовольствие,wordnet,noun,существительное,1
plentiful,plentiful,ˈplɛnɪfəl,плэнифл,обильный,wordnet,adj,прилагательное,1
plug,plug,pləg,плэг,затыкать,wordnet,noun,существительное,1
plum,plum,pləm,плм,слива,wordnet,noun,существительное,1
pollution,pollution,pəˈluʃən,пэлушн,загрязнение,wordnet,noun,существительное,1
polygon,polygon,ˈpɑlɪˌgɑn,палиган,многоугольник,wordnet,noun,существительное,9
poor,poor,pur,пур,бедный,wordnet,noun,существительное,2
popu,popu,ˈpoʊpju,поупйу,население,wordnet,,,1
populate,populate,ˈpɑpjəˌleɪt,папйлэйт,заселять,wordnet,verb,глагол,4
postal,postal,ˈpoʊstəl,поустл,почтовый,wordnet,adj,прилагательное,1
postcard,postcard,ˈpoʊˌskɑrd,поускард,открытка,wordnet,noun,существительное,1
posted,posted,ˈpoʊstɪd,поустид,опубликовано,wordnet,verb,глагол,4
potato,potato,pəˈteɪˌtoʊ,пэтэйтоу,картофель,wordnet,noun,существительное,6
poulos,poulos,ˈpuləs,пулэс,пулос,wordnet,,,1
pouring,pouring,ˈpɔrɪŋ,порин,заливка,wordnet,verb,глагол,1
pragma,pragma,ˈprægmə,прэгмэ,прагма,wordnet,,,8
pragmatic,pragmatic,prægˈmætɪk,прэгмэтик,прагматичный,wordnet,noun,существительное,1
predictably,predictably,prɪˈdɪktəbli,придиктэбли,предсказуемо,wordnet,adv,наречие,1
predominate,predominate,prɪˈdɑməˌneɪt,придамнэйт,преобладать,wordnet,verb,глагол,1
preemptively,preemptively,priˈɛmptɪvli,приэмптивли,упреждающе,wordnet,,,1
presently,presently,ˈprɛzəntli,прэзнтли,в настоящее время,wordnet,adv,наречие,1
pretend,pretend,priˈtɛnd,притэнд,притворяться,wordnet,noun,существительное,1
prettier,prettier,ˈprɪtiər,притиэр,красивее,wordnet,adj,прилагательное,1
pretzel,pretzel,ˈprɛtzəl,прэтзл,крендель,wordnet,noun,существительное,1
preview,preview,ˈprivˌju,привйу,предварительный просмотр,wordnet,noun,существительное,1
previewing,previewing,ˈprivˌjuɪŋ,привйуин,предварительный просмотр,wordnet,verb,глагол,2
prey,prey,preɪ,прэй,добыча,wordnet,noun,существительное,1
pricey,pricey,ˈpraɪsi,прайси,дорогой,wordnet,adj,прилагательное,1
printer,printer,ˈprɪnər,принэр,принтер,wordnet,noun,существительное,2
privacy,privacy,ˈpraɪvəsi,прайвэси,конфиденциальность,wordnet,noun,существительное,3
procedure,procedure,prəˈsiʤər,прэсиджэр,процедура,wordnet,noun,существительное,1
proceeds,proceeds,prəˈsidz,прэсидз,доходы,wordnet,noun,существительное,1
professor,professor,prəˈfɛsər,прэфэсэр,профессор,wordnet,noun,существительное,1
programme,programme,ˈproʊˌgræm,проугрэм,программа,wordnet,noun,существительное,1
prometheus,prometheus,prəˈmiˌθiəs,прэмисиэс,Прометей,wordnet,noun,существительное,3
promptly,promptly,ˈprɑmptli,прамптли,быстро,wordnet,adv,наречие,1
proportionally,proportionally,prəˈpɔrʃənəli,прэпоршнли,пропорционально,wordnet,adv,наречие,1
proprietary,proprietary,prəˈpraɪəˌtɛri,прэпрайэтэри,собственный,wordnet,noun,существительное,1
protects,protects,prəˈtɛkts,прэтэктс,защищает,wordnet,verb,глагол,2
pumpkin,pumpkin,ˈpəmpkɪn,пмпкин,тыква,wordnet,noun,существительное,5
puppy,puppy,ˈpəpi,пэпи,щенок,wordnet,noun,существительное,1
purple,purple,ˈpərpəl,пэрпл,фиолетовый,wordnet,noun,существительное,7
purse,purse,pərs,пэрс,кошелек,wordnet,noun,существительное,1
pyramid,pyramid,ˈpɪrəmɪd,пирмид,пирамида,wordnet,noun,существительное,1
qual,qual,kwɑl,куал,качество,wordnet,,,1
qualifier,qualifier,kˈwɑləˌfaɪər,куалэфайэр,квалификатор,wordnet,noun,существительное,35
queen,queen,kwin,куин,королева,wordnet,noun,существительное,3
questionable,questionable,kˈwɛsʧənəbəl,куэсчнэбл,сомнительный,wordnet,adj,прилагательное,1
qui,qui,ki,ки,что,wordnet,,,1
quiet,quiet,kwaɪət,куайэт,тихий,wordnet,noun,существительное,5
quirk,quirk,kwərk,куэрк,галтель,wordnet,noun,существительное,1
quiz,quiz,kwɪz,куиз,контрольный опрос,wordnet,noun,существительное,51
rabies,rabies,ˈreɪbiz,рэйбиз,бешенство,wordnet,noun,существительное,3
ragged,ragged,ˈrægəd,рэгэд,оборванный,wordnet,verb,глагол,1
raining,raining,ˈreɪnɪŋ,рэйнин,дождь,wordnet,verb,глагол,4
raising,raising,ˈreɪzɪŋ,рэйзин,повышение,wordnet,noun,существительное,5
raleigh,raleigh,ˈrɔli,роли,Роли,wordnet,noun,существительное,1
rammer,rammer,ˈræmər,рэмэр,досылатель,wordnet,noun,существительное,1
randomize,randomize,ˈrændəˌmaɪz,рэндмайз,рандомизировать,wordnet,verb,глагол,3
randomized,randomized,ˈrændəˌmaɪzd,рэндмайзд,рандомизированный,wordnet,verb,глагол,2
rat,rat,ræt,рэт,крыса,wordnet,noun,существительное,36
reboot,reboot,riˈbut,рибут,перезагрузить,wordnet,verb,глагол,1
receipt,receipt,rɪˈsit,рисит,квитанция,wordnet,noun,существительное,1
reco,reco,ˈrɛkoʊ,рэкоу,реко,wordnet,,,1
recognition,recognition,ˌrɛkɪgˈnɪʃən,рэкигнишн,признание,wordnet,noun,существительное,30
recorder,recorder,rɪˈkɔrdər,рикордэр,диктофон,wordnet,noun,существительное,7
recycle,recycle,riˈsaɪkəl,рисайкл,перерабатывать,wordnet,verb,глагол,8
recycling,recycling,riˈsaɪkəlɪŋ,рисайклин,переработка,wordnet,noun,существительное,1
ree,ree,ri,ри,Ри,wordnet,,,1
reentering,reentering,riˈɪntərɪŋ,риинтэрин,возвращение,wordnet,,,1
regulation,regulation,ˌrɛgjəˈleɪʃən,рэгйэлэйшн,регулирование,wordnet,noun,существительное,1
releasing,releasing,riˈlisɪŋ,рилисин,выпуск,wordnet,verb,глагол,6
reliably,reliably,rɪˈlaɪəbli,рилайэбли,надежно,wordnet,adv,наречие,1
relief,relief,rɪˈlif,рилиф,облегчение,wordnet,noun,существительное,2
rella,rella,ˈrɛlə,рэлэ,Релла,wordnet,,,1
reminded,reminded,riˈmaɪndɪd,римайндид,напомнил,wordnet,verb,глагол,2
reminds,reminds,riˈmaɪndz,римайндз,напоминает,wordnet,verb,глагол,2
replicate,replicate,ˈrɛplɪˌkeɪt,рэпликэйт,копировать,wordnet,verb,глагол,3
replicates,replicates,ˈrɛplɪˌkeɪts,рэпликэйтс,копирует,wordnet,verb,глагол,1
replication,replication,ˌrɛplɪˈkeɪʃən,рэпликэйшн,репликация,wordnet,noun,существительное,12
replicators,replicators,ˈrɛplɪˌkeɪtərs,рэпликэйтэрс,репликаторы,wordnet,,,2
replying,replying,rɪˈplaɪɪŋ,риплайин,отвечая,wordnet,verb,глагол,2
reprint,reprint,riˈprɪnt,рипринт,переиздание,wordnet,noun,существительное,1
reptile,reptile,ˈrɛptaɪl,рэптайл,рептилия,wordnet,noun,существительное,2
republic,republic,riˈpəblɪk,рипэблик,республика,wordnet,noun,существительное,1
reputation,reputation,ˌrɛpjəˈteɪʃən,рэпйэтэйшн,репутация,wordnet,noun,существительное,3
resemble,resemble,rɪˈzɛmbəl,ризэмбл,напоминать,wordnet,verb,глагол,1
resembles,resembles,rɪˈzɛmbəlz,ризэмблз,напоминает,wordnet,verb,глагол,4
resenting,resenting,rɪˈzɛnɪŋ,ризэнин,возмущаясь,wordnet,verb,глагол,1
residence,residence,ˈrɛzɪdəns,рэзиднс,резиденция,wordnet,noun,существительное,1
restyled,restyled,riˈstaɪld,ристайлд,рестайлинг,wordnet,,,4
resume,resume,ˈrɛzəˌmeɪ,рэзмэй,резюме,wordnet,noun,существительное,1
retailer,retailer,ˈriˌteɪlər,ритэйлэр,розничный торговец,wordnet,noun,существительное,1
retroactively,retroactively,ˌrɛtroʊˈæktɪvli,рэтроуэктивли,задним числом,wordnet,adv,наречие,1
retry,retry,riˈtraɪ,ритрай,повторить попытку,wordnet,verb,глагол,1
rev,rev,rɛv,рэв,оборот,wordnet,noun,существительное,1
revenue,revenue,ˈrɛvəˌnu,рэвну,доход,wordnet,noun,существительное,1
reversing,reversing,rɪˈvərsɪŋ,ривэрсин,реверсивный,wordnet,verb,глагол,1
revoke,revoke,rɪˈvoʊk,ривоук,отозвать,wordnet,noun,существительное,3
revoked,revoked,rɪˈvoʊkt,ривоукт,отозван,wordnet,verb,глагол,1
revoking,revoking,rɪˈvoʊkɪŋ,ривоукин,отзыв,wordnet,verb,глагол,1
revolutionize,revolutionize,ˌrɛvəˈluʃəˌnaɪz,рэвэлушнайз,произвести революцию,wordnet,verb,глагол,1
rhyme,rhyme,raɪm,райм,рифма,wordnet,noun,существительное,1
rice,rice,raɪs,райс,рис,wordnet,noun,существительное,9
richmond,richmond,ˈrɪʧmənd,ричмнд,Ричмонд,wordnet,noun,существительное,1
rig,rig,rɪg,риг,буровая установка,wordnet,noun,существительное,1
rina,rina,ˈrinə,ринэ,Рина,wordnet,,,1
ring,ring,rɪŋ,рин,кольцо,wordnet,noun,существительное,9
risky,risky,ˈrɪski,риски,рискованный,wordnet,adj,прилагательное,1
rite,rite,raɪt,райт,обряд,wordnet,noun,существительное,1
rival,rival,ˈraɪvəl,райвл,соперник,wordnet,noun,существительное,1
robocop,robocop,ˈroʊboʊˌkɑp,роубоукап,Робокоп,wordnet,,,25
rol,rol,roʊl,роул,роль,wordnet,,,1
rollback,rollback,ˈroʊlˌbæk,роулбэк,откат,wordnet,noun,существительное,2
rom,rom,rɑm,рам,ПЗУ,wordnet,noun,существительное,1
romance,romance,ˈroʊmæns,роумэнс,романтика,wordnet,noun,существительное,1
romeo,romeo,ˈroʊmiˌoʊ,роумиоу,Ромео,wordnet,noun,существительное,4
rook,rook,rʊk,рук,ладья,wordnet,noun,существительное,3
roommate,roommate,ˈruˌmeɪt,румэйт,сосед по комнате,wordnet,noun,существительное,3
rotate,rotate,ˈroʊˌteɪt,роутэйт,вращать,wordnet,verb,глагол,29
rotated,rotated,ˈroʊˌteɪtɪd,роутэйтид,повернут,wordnet,verb,глагол,19
rotates,rotates,ˈroʊˌteɪts,роутэйтс,вращается,wordnet,verb,глагол,5
rotating,rotating,ˈroʊˌteɪtɪŋ,роутэйтин,вращающийся,wordnet,verb,глагол,4
rotation,rotation,roʊˈteɪʃən,роутэйшн,вращение,wordnet,noun,существительное,4
rotten,rotten,ˈrɑtən,ратн,сгнивший,wordnet,adj,прилагательное,1
rowser,rowser,ˈroʊzər,роузэр,гребец,wordnet,,,1
rudely,rudely,ˈrudli,рудли,грубо,wordnet,adv,наречие,1
rundown,rundown,ˈrənˌdaʊn,рндаун,наезжать,wordnet,noun,существительное,2
rush,rush,rəʃ,рэш,торопиться,wordnet,noun,существительное,1
sabrina,sabrina,səˈbrinə,сэбринэ,Сабрина,wordnet,,,2
safari,safari,səˈfɑri,сэфари,сафари,wordnet,noun,существительное,2
safely,safely,ˈseɪfli,сэйфли,безопасно,wordnet,adv,наречие,4
sage,sage,seɪʤ,сэйдж,мудрец,wordnet,noun,существительное,1
salem,salem,ˈseɪləm,сэйлм,Салем,wordnet,noun,существительное,1
salt,salt,sɔlt,солт,соль,wordnet,noun,существительное,3
samantha,samantha,səˈmænθə,сэмэнсэ,Саманта,wordnet,,,1
sans,sans,sænz,сэнз,без,wordnet,,,1
santa,santa,ˈsænə,сэнэ,Санта,wordnet,noun,существительное,2
sarcasm,sarcasm,ˈsɑrˌkæzəm,саркэзм,сарказм,wordnet,noun,существительное,1
sartre,sartre,ˈsɑrtrə,сартрэ,Сартр,wordnet,noun,существительное,1
sas,sa,sɑ,са,са,wordnet,noun,существительное,1
sassy,sassy,ˈsæsi,сэси,дерзкий,wordnet,adj,прилагательное,3
sat,sat,sæt,сэт,сидел,wordnet,noun,существительное,2
satellite,satellite,ˈsætəˌlaɪt,сэтлайт,спутник,wordnet,noun,существительное,1
saturday,saturday,ˈsæˌtɪˌdeɪ,сэтидэй,суббота,wordnet,noun,существительное,1
saver,saver,ˈseɪvər,сэйвэр,вкладчик,wordnet,noun,существительное,1
sax,sax,sæks,сэкс,саксофон,wordnet,noun,существительное,3
scam,scam,skæm,скэм,мошенничество,wordnet,noun,существительное,6
scammer,scammer,ˈskæmər,скэмэр,мошенник,wordnet,noun,существительное,2
scanned,scanned,skænd,скэнд,отсканирован,wordnet,verb,глагол,9
scanner,scanner,ˈskænər,скэнэр,сканер,wordnet,noun,существительное,7
scanning,scanning,ˈskænɪŋ,скэнин,сканирование,wordnet,noun,существительное,2
scarcity,scarcity,ˈskɛrsɪti,скэрсити,дефицит,wordnet,noun,существительное,1
scarlet,scarlet,ˈskɑrlət,скарлэт,алый,wordnet,noun,существительное,1
scattered,scattered,ˈskætərd,скэтэрд,разбросанный,wordnet,verb,глагол,1
scheduler,scheduler,ˈskɛʤʊlər,скэджулэр,планировщик,wordnet,noun,существительное,6
scheduling,scheduling,ˈskɛʤʊlɪŋ,скэджулин,планирование,wordnet,noun,существительное,3
schoolroom,schoolroom,ˈskuˌlrum,скулрум,класс,wordnet,noun,существительное,1
scissors,scissors,ˈsɪzərz,сизэрз,ножницы,wordnet,noun,существительное,16
scoping,scoping,ˈskoʊpɪŋ,скоупин,обзор,wordnet,,,1
scott,scott,skɑt,скат,Скотт,wordnet,noun,существительное,2
scrambled,scrambled,ˈskræmbəld,скрэмблд,перемешанный,wordnet,verb,глагол,1
scrape,scrape,skreɪp,скрэйп,царапать,wordnet,noun,существительное,6
scraper,scraper,ˈskreɪpər,скрэйпэр,скребок,wordnet,noun,существительное,3
scraping,scraping,ˈskreɪpɪŋ,скрэйпин,соскабливание,wordnet,noun,существительное,16
screamed,screamed,skrimd,скримд,кричал,wordnet,verb,глагол,1
sear,sear,sɪr,сир,обжигать,wordnet,verb,глагол,1
searched,searched,sərʧt,сэрчт,искал,wordnet,verb,глагол,4
sec,sec,sɛk,сэк,сек,wordnet,noun,существительное,3
secrecy,secrecy,ˈsikrəsi,сикрэси,секретность,wordnet,noun,существительное,1
securely,securely,sɪˈkjʊrli,сикюрли,надежно,wordnet,adv,наречие,1
selectively,selectively,səˈlɛktɪvli,сэлэктивли,выборочно,wordnet,adv,наречие,2
selenium,selenium,səˈliniəm,сэлиним,селен,wordnet,noun,существительное,108
sender,sender,ˈsɛndər,сэндэр,отправитель,wordnet,noun,существительное,20
sensation,sensation,sɛnˈseɪʃən,сэнсэйшн,ощущение,wordnet,noun,существительное,1
sensationalist,sensationalist,sɛnˈseɪʃənəlɪst,сэнсэйшнлист,сенсационный,wordnet,noun,существительное,1
sequel,sequel,ˈsikwəl,сикул,продолжение,wordnet,noun,существительное,2
serious,serious,ˈsɪriəs,сириэс,серьезный,wordnet,adj,прилагательное,1
serpentine,serpentine,ˈsərpənˌtaɪn,сэрпнтайн,змеевидный,wordnet,adj,прилагательное,1
shade,shade,ʃeɪd,шэйд,оттенок,wordnet,noun,существительное,1
shakespeare,shakespeare,ˈʃeɪkˌspir,шэйкспир,Шекспир,wordnet,noun,существительное,2
shallow,shallow,ˈʃæloʊ,шэлоу,мелкий,wordnet,noun,существительное,1
sheer,sheer,ʃɪr,шир,явный,wordnet,verb,глагол,1
shelf,shelf,ʃɛlf,шэлф,полка,wordnet,noun,существительное,31
shelley,shelley,ˈʃɛli,шэли,Шелли,wordnet,noun,существительное,2
shelve,shelve,ʃɛlv,шэлв,полка,wordnet,verb,глагол,18
shen,shen,ʃɛn,шэн,Шен,wordnet,,,1
shifted,shifted,ˈʃɪftɪd,шифтид,сдвинутый,wordnet,verb,глагол,1
siamese,siamese,ˌsaɪəˈmiz,сайэмиз,сиамский,wordnet,noun,существительное,9
signifies,signifies,ˈsɪgnəˌfaɪz,сигнэфайз,означает,wordnet,verb,глагол,1
signing,signing,ˈsaɪnɪŋ,сайнин,подписание,wordnet,noun,существительное,1
silence,silence,ˈsaɪləns,сайлнс,тишина,wordnet,noun,существительное,1
silly,silly,ˈsɪli,сили,глупый,wordnet,noun,существительное,4
sim,sim,sɪm,сим,сим,wordnet,,,1
simplification,simplification,ˌsɪmpləfɪˈkeɪʃən,симплэфикэйшн,упрощение,wordnet,noun,существительное,3
simulating,simulating,ˈsɪmjəˌleɪtɪŋ,симйлэйтин,моделирование,wordnet,verb,глагол,5
simulator,simulator,ˈsɪmjəˌleɪtər,симйлэйтэр,симулятор,wordnet,noun,существительное,5
simultaneous,simultaneous,ˌsaɪməlˈteɪniəs,саймлтэйниэс,одновременный,wordnet,adj,прилагательное,3
sin,sin,sɪn,син,грех,wordnet,noun,существительное,4
sincerely,sincerely,sɪnˈsɪrli,синсирли,искренне,wordnet,adv,наречие,4
sing,sing,sɪŋ,син,петь,wordnet,verb,глагол,5
singer,singer,ˈsɪŋər,синэр,певец,wordnet,noun,существительное,1
singing,singing,ˈsɪŋɪŋ,синин,пение,wordnet,noun,существительное,1
sings,sings,sɪŋz,синз,поет,wordnet,verb,глагол,1
sixteen,sixteen,ˈsɪkˈstin,сикстин,шестнадцать,wordnet,noun,существительное,1
skeleton,skeleton,ˈskɛlətən,скэлэтн,скелет,wordnet,noun,существительное,5
sketch,sketch,skɛʧ,скэч,эскиз,wordnet,noun,существительное,1
skewed,skewed,skjud,скйуд,перекошенный,wordnet,verb,глагол,1
skyrocketed,skyrocketed,ˈskaɪˌrɑkətɪd,скайракэтид,взлетел до небес,wordnet,verb,глагол,1
slam,slam,slæm,слэм,хлопнуть,wordnet,noun,существительное,1
slender,slender,sˈlɛndər,слэндэр,стройный,wordnet,adj,прилагательное,1
sliced,sliced,slaɪst,слайст,нарезанный,wordnet,verb,глагол,1
slide,slide,slaɪd,слайд,слайд,wordnet,noun,существительное,1
slog,slog,slɑg,слаг,изнурять,wordnet,verb,глагол,1
slogan,slogan,sˈloʊgən,слоугн,лозунг,wordnet,noun,существительное,2
slowest,slowest,sloʊəst,слоуаст,самый медленный,wordnet,adj,прилагательное,2
smith,smith,smɪθ,смис,Смит,wordnet,noun,существительное,2
snow,snow,snoʊ,сноу,снег,wordnet,noun,существительное,6
snowstorm,snowstorm,sˈnoʊˌstɔrm,сноусторм,метель,wordnet,noun,существительное,13
sober,sober,ˈsoʊbər,соубэр,трезвый,wordnet,verb,глагол,1
society,society,soʊˈsaɪɪti,соусайити,общество,wordnet,noun,существительное,2
sock,sock,sɑk,сак,носок,wordnet,noun,существительное,5
sonnet,sonnet,ˈsɑnɪt,санит,сонет,wordnet,noun,существительное,4
sooner,sooner,ˈsunər,сунэр,раньше,wordnet,noun,существительное,1
sophistication,sophistication,səˌfɪstəˈkeɪʃən,сэфистэкэйшн,изысканность,wordnet,noun,существительное,1
sophy,sophy,ˈsoʊfi,соуфи,Софи,wordnet,,,1
sorcerer,sorcerer,ˈsɔrsərər,сорсэрэр,колдун,wordnet,noun,существительное,1
south,south,saʊθ,саус,юг,wordnet,noun,существительное,2
spa,spa,spɑ,спа,спа,wordnet,noun,существительное,6
spaced,spaced,speɪst,спэйст,разнесенный,wordnet,verb,глагол,3
spacers,spacers,ˈspeɪsərz,спэйсэрз,проставки,wordnet,,,1
spawned,spawned,spɔnd,спонд,породил,wordnet,verb,глагол,1
specializing,specializing,ˈspɛʃəˌlaɪzɪŋ,спэшлайзин,специализирующийся,wordnet,verb,глагол,1
specificity,specificity,ˌspɛsəˈfɪsəti,спэсэфисэти,специфика,wordnet,noun,существительное,1
speech,speech,spiʧ,спич,речь,wordnet,noun,существительное,55
spike,spike,spaɪk,спайк,шип,wordnet,noun,существительное,12
spiral,spiral,ˈspaɪrəl,спайрл,спираль,wordnet,noun,существительное,5
sponsored,sponsored,ˈspɑnsərd,спансэрд,спонсируемый,wordnet,verb,глагол,1
sport,sport,spɔrt,спорт,спорт,wordnet,noun,существительное,1
spotlight,spotlight,ˈspɑˌtlaɪt,спатлайт,прожектор,wordnet,noun,существительное,14
spreading,spreading,ˈsprɛdɪŋ,спрэдин,распространение,wordnet,noun,существительное,1
springfield,springfield,ˈsprɪŋˌfild,спринфилд,Спрингфилд,wordnet,noun,существительное,1
sprint,sprint,sprɪnt,спринт,спринт,wordnet,noun,существительное,1
spunky,spunky,ˈspəŋki,спэнки,пылкий,wordnet,adj,прилагательное,1
sta,sta,ˈɛˈstiˈeɪ,эстиэй,штат,wordnet,,,2
stamp,stamp,stæmp,стэмп,штамп,wordnet,noun,существительное,3
stant,stant,stænt,стэнт,постоянный,wordnet,,,5
stapler,stapler,ˈsteɪpələr,стэйплэр,степлер,wordnet,noun,существительное,4
steel,steel,stil,стил,сталь,wordnet,noun,существительное,1
stepped,stepped,stɛpt,стэпт,шагнул,wordnet,verb,глагол,1
sticking,sticking,ˈstɪkɪŋ,стикин,прилипание,wordnet,verb,глагол,1
sting,sting,stɪŋ,стин,жало,wordnet,noun,существительное,1
stir,stir,stər,стэр,помешивать,wordnet,noun,существительное,1
stopwatch,stopwatch,ˈstɑpˌwɑʧ,стапуач,секундомер,wordnet,noun,существительное,17
straightforwardly,straightforwardly,ˌstreɪtˈfɔrwərdli,стрэйтфоруэрдли,прямо,wordnet,adv,наречие,1
strain,strain,streɪn,стрэйн,напряжение,wordnet,noun,существительное,1
strange,strange,streɪnʤ,стрэйндж,странный,wordnet,adj,прилагательное,1
stranger,stranger,ˈstreɪnʤər,стрэйнджэр,незнакомец,wordnet,noun,существительное,4
strawberry,strawberry,ˈstrɔˌbɛri,стробэри,клубника,wordnet,noun,существительное,10
streak,streak,strik,стрик,полоса,wordnet,noun,существительное,13
stream,stream,strim,стрим,транслировать,wordnet,noun,существительное,14
streaming,streaming,ˈstrimɪŋ,стримин,потоковая передача,wordnet,noun,существительное,1
stripe,stripe,straɪp,страйп,полоса,wordnet,noun,существительное,1
structural,structural,ˈstrəkʧərəl,стрэкчэрл,структурный,wordnet,adj,прилагательное,1
struggle,struggle,ˈstrəgəl,стрэгл,борьба,wordnet,noun,существительное,1
stylized,stylized,ˈstaɪˌlaɪzd,стайлайзд,стилизованный,wordnet,verb,глагол,1
subjective,subjective,səˈbʤɛktɪv,сэбджэктив,субъективный,wordnet,adj,прилагательное,1
subscribe,subscribe,səbˈskraɪb,сэбскрайб,подписаться,wordnet,verb,глагол,1
subscribed,subscribed,səbˈskraɪbd,сэбскрайбд,подписался,wordnet,verb,глагол,3
subscriber,subscriber,səbˈskraɪbər,сэбскрайбэр,подписчик,wordnet,noun,существительное,3
subscribing,subscribing,səbˈskraɪbɪŋ,сэбскрайбин,подписка,wordnet,verb,глагол,1
substantial,substantial,səbˈstænʃəl,сэбстэншл,существенный,wordnet,adj,прилагательное,1
substitute,substitute,ˈsəbstəˌtut,сэбстэтут,заменять,wordnet,noun,существительное,3
substituting,substituting,ˈsəbstɪˌtutɪŋ,сэбститутин,замена,wordnet,noun,существительное,2
substitution,substitution,ˌsəbstɪˈtuʃən,сэбститушн,замена,wordnet,noun,существительное,5
succeeded,succeeded,səkˈsidɪd,сэксидид,удалось,wordnet,verb,глагол,5
successive,successive,səkˈsɛsɪv,сэксэсив,последовательный,wordnet,adj,прилагательное,1
suffice,suffice,səˈfaɪs,сэфайс,достаточно,wordnet,verb,глагол,2
sullivan,sullivan,ˈsəlɪvən,сливн,Салливан,wordnet,noun,существительное,1
superfluous,superfluous,ˈsupərflˌwəs,супэрфлуэс,излишний,wordnet,adj,прилагательное,1
superimposed,superimposed,ˌsupərəmˈpoʊzd,супэрмпоузд,наложенный,wordnet,verb,глагол,1
supervise,supervise,ˈsupərˌvaɪz,супэрвайз,контролировать,wordnet,verb,глагол,1
supplying,supplying,səˈplaɪɪŋ,сэплайин,поставка,wordnet,noun,существительное,1
surgery,surgery,ˈsərʤəri,сэрджэри,операция,wordnet,noun,существительное,1
surreal,surreal,sərˈil,сэрил,сюрреалистический,wordnet,adj,прилагательное,1
surround,surround,səraʊnd,сэраунд,окружать,wordnet,noun,существительное,1
survive,survive,sərˈvaɪv,сэрвайв,выживать,wordnet,verb,глагол,1
susceptible,susceptible,səˈsɛptəbəl,сэсэптэбл,восприимчивый,wordnet,adj,прилагательное,1
sushi,sushi,ˈsuʃi,суши,суши,wordnet,noun,существительное,3
svelte,svelte,svɛlt,свэлт,стройный,wordnet,adj,прилагательное,4
swan,swan,swɔn,суон,лебедь,wordnet,noun,существительное,1
swap,swap,swɑp,суап,менять,wordnet,noun,существительное,3
swapped,swapped,swɔpt,суопт,поменяли местами,wordnet,verb,глагол,2
sway,sway,sweɪ,суэй,качаться,wordnet,noun,существительное,1
swordfish,swordfish,ˈsɔrdˌfɪʃ,сордфиш,рыба-меч,wordnet,noun,существительное,14
symphony,symphony,ˈsɪmfəni,симфни,симфония,wordnet,noun,существительное,1
sync,sync,sɪŋk,синк,синхронизировать,wordnet,verb,глагол,18
tabby,tabby,ˈtæbi,тэби,полосатый,wordnet,noun,существительное,17
tablet,tablet,ˈtæblət,тэблэт,планшет,wordnet,noun,существительное,2
tac,tac,tæk,тэк,такт,wordnet,,,1
tacky,tacky,ˈtæki,тэки,липкий,wordnet,adj,прилагательное,1
taffy,taffy,ˈtæfi,тэфи,ириска,wordnet,noun,существительное,2
talked,talked,tɔkt,токт,говорил,wordnet,verb,глагол,1
tallahassee,tallahassee,ˌtæləˈhæsi,тэлэхэси,Таллахасси,wordnet,noun,существительное,1
tax,tax,tæks,тэкс,налог,wordnet,noun,существительное,1
tech,tech,tɛk,тэк,технология,wordnet,noun,существительное,5
ted,ted,tɛd,тэд,Тед,wordnet,noun,существительное,3
tediously,tediously,ˈtidiəsli,тидиэсли,утомительно,wordnet,adv,наречие,1
telecom,telecom,ˈtɛləkɑm,тэлэкам,телекоммуникации,wordnet,noun,существительное,2
temporal,temporal,ˈtɛmpərəl,тэмпэрл,временный,wordnet,noun,существительное,1
temptation,temptation,tɛmˈteɪʃən,тэмтэйшн,искушение,wordnet,noun,существительное,1
tends,tends,tɛndz,тэндз,имеет тенденцию,wordnet,verb,глагол,1
tent,tent,tɛnt,тэнт,палатка,wordnet,noun,существительное,1
tenth,tenth,tɛnθ,тэнс,десятый,wordnet,noun,существительное,2
ter,ter,tər,тэр,тер,wordnet,,,1
terminate,terminate,ˈtərməˌneɪt,тэрмнэйт,прекратить,wordnet,verb,глагол,7
terminated,terminated,ˈtərməˌneɪtɪd,тэрмнэйтид,прекращено,wordnet,verb,глагол,7
terminates,terminates,ˈtərmɪˌneɪts,тэрминэйтс,прекращается,wordnet,verb,глагол,7
terminator,terminator,ˈtərməˌneɪtər,тэрмнэйтэр,терминатор,wordnet,noun,существительное,4
terrible,terrible,ˈtɛrəbəl,тэрэбл,ужасный,wordnet,adj,прилагательное,1
terrifying,terrifying,ˈtɛrəˌfaɪɪŋ,тэрэфайин,ужасающий,wordnet,verb,глагол,1
tess,tess,tɛs,тэс,Тэсс,wordnet,,,13
tester,tester,ˈtɛstər,тэстэр,тестер,wordnet,noun,существительное,2
tex,tex,tɛks,тэкс,техас,wordnet,,,1
texas,texas,ˈtɛksəs,тэксэс,Техас,wordnet,noun,существительное,1
texting,texting,ˈtɛkˌstɪŋ,тэкстин,текстовые сообщения,wordnet,,,2
thankfully,thankfully,ˈθæŋkfəli,сэнкфли,к счастью,wordnet,adv,наречие,1
thesis,thesis,ˈθiˌsɪs,сисис,диссертация,wordnet,noun,существительное,1
thi,thi,θi,си,это,wordnet,,,1
thief,thief,θif,сиф,вор,wordnet,noun,существительное,1
thirty,thirty,ˈθərˌdi,сэрди,тридцать,wordnet,noun,существительное,5
thomas,thomas,ˈtɑməs,тамэс,Томас,wordnet,noun,существительное,1
thor,thor,θɔr,сор,Тор,wordnet,noun,существительное,4
throttle,throttle,θˈrɑtəl,сратл,дроссель,wordnet,noun,существительное,1
tic,tic,tɪk,тик,тик,wordnet,noun,существительное,1
tice,tice,taɪs,тайс,время,wordnet,,,45
ticketing,ticketing,ˈtɪkətɪŋ,тикэтин,Начисление оплаты,wordnet,verb,глагол,1
til,til,tɪl,тил,пока,wordnet,,,1
tiled,tiled,taɪld,тайлд,выложенный плиткой,wordnet,verb,глагол,6
timer,timer,ˈtaɪmər,таймэр,таймер,wordnet,noun,существительное,1
timing,timing,ˈtaɪmɪŋ,таймин,время,wordnet,noun,существительное,4
tire,tire,taɪər,тайэр,шина,wordnet,noun,существительное,1
tit,tit,tɪt,тит,синица,wordnet,noun,существительное,1
toby,toby,ˈtoʊbi,тоуби,Тоби,wordnet,noun,существительное,6
tock,tock,tɑk,так,ток,wordnet,,,6
todo,todo,ˌtuˈdu,туду,дела,wordnet,,,68
toe,toe,toʊ,тоу,палец на ноге,wordnet,noun,существительное,1
tofu,tofu,ˈtoʊfu,тоуфу,тофу,wordnet,noun,существительное,2
toggled,toggled,ˈtɑgəld,таглд,переключен,wordnet,verb,глагол,1
toil,toil,tɔɪl,тойл,трудиться,wordnet,noun,существительное,2
tomato,tomato,təˈmɑˌtoʊ,тэматоу,помидор,wordnet,noun,существительное,1
toolbar,toolbar,ˈtulˌbɑr,тулбар,панель инструментов,wordnet,,,1
topeka,topeka,təˈpikɑ,тэпика,топика,wordnet,noun,существительное,1
tor,tor,tɔr,тор,Тор,wordnet,noun,существительное,3
torch,torch,tɔrʧ,торч,факел,wordnet,noun,существительное,5
toronto,toronto,tərˈɑntoʊ,тэрантоу,Торонто,wordnet,noun,существительное,1
torre,torre,tɔr,тор,Торре,wordnet,,,1
torrent,torrent,ˈtɔrənt,торнт,поток,wordnet,noun,существительное,1
toss,toss,tɔs,тос,бросать,wordnet,noun,существительное,8
touched,touched,təʧt,тэчт,коснулся,wordnet,verb,глагол,1
tracker,tracker,ˈtrækər,трэкэр,трекер,wordnet,noun,существительное,1
tract,tract,trækt,трэкт,тракт,wordnet,noun,существительное,28
transcribe,transcribe,trænˈskraɪb,трэнскрайб,переписывать,wordnet,verb,глагол,15
transcribed,transcribed,trænˈskraɪbd,трэнскрайбд,переписанный,wordnet,verb,глагол,2
transcriber,transcriber,trænˈskraɪbər,трэнскрайбэр,переписчик,wordnet,noun,существительное,3
transcript,transcript,ˈtrænˌskrɪpt,трэнскрипт,стенограмма,wordnet,noun,существительное,1
transcription,transcription,ˌtrænˈskrɪpʃən,трэнскрипшн,транскрипция,wordnet,noun,существительное,7
transferred,transferred,ˈtrænsfərd,трэнсфэрд,переведен,wordnet,verb,глагол,1
transferring,transferring,trænsˈfərɪŋ,трэнсфэрин,передача,wordnet,verb,глагол,2
transmit,transmit,trænzˈmɪt,трэнзмит,передавать,wordnet,verb,глагол,1
transmitting,transmitting,trænsˈmɪtɪŋ,трэнсмитин,передача,wordnet,noun,существительное,1
transpose,transpose,trænˈspoʊz,трэнспоуз,транспонировать,wordnet,noun,существительное,5
trash,trash,træʃ,трэш,мусор,wordnet,noun,существительное,25
trespass,trespass,ˈtrɛˌspæs,трэспэс,нарушение границ,wordnet,noun,существительное,1
triassic,triassic,ˌtraɪˈæˌsɪk,трайэсик,триасовый период,wordnet,noun,существительное,3
tribute,tribute,ˈtrɪbjut,трибйут,дань,wordnet,noun,существительное,17
tripping,tripping,ˈtrɪpɪŋ,трипин,спотыкание,wordnet,verb,глагол,1
tristan,tristan,ˈtrɪˌstæn,тристэн,Тристан,wordnet,noun,существительное,1
triumph,triumph,traɪəmf,траймф,триумф,wordnet,noun,существительное,2
trolling,trolling,ˈtroʊlɪŋ,троулин,троллинг,wordnet,noun,существительное,5
truck,truck,trək,трэк,грузовик,wordnet,noun,существительное,2
trusted,trusted,ˈtrəstɪd,трэстид,доверенный,wordnet,verb,глагол,1
tub,tub,təb,тэб,ванна,wordnet,noun,существительное,1
tue,tue,tu,ту,вторник,wordnet,,,2
tuesday,tuesday,ˈtuzˌdeɪ,туздэй,вторник,wordnet,noun,существительное,1
tulip,tulip,ˈtulɪp,тулип,тюльпан,wordnet,noun,существительное,2
tumblr,tumblr,ˈtəmblər,тмблэр,Тамблер,wordnet,,,1
turing,turing,ˈtʊrɪŋ,турин,Тьюринг,wordnet,noun,существительное,2
tutor,tutor,ˈtutər,тутэр,репетитор,wordnet,noun,существительное,1
tuxedo,tuxedo,ˌtəkˈsidoʊ,тэксидоу,смокинг,wordnet,noun,существительное,2
twelve,twelve,twɛlv,туэлв,двенадцать,wordnet,noun,существительное,3
tying,tying,taɪɪŋ,тайин,связывание,wordnet,noun,существительное,1
typeface,typeface,ˈtaɪpˌfeɪs,тайпфэйс,шрифт,wordnet,noun,существительное,4
typewriter,typewriter,ˈtaɪˌpraɪtər,тайпрайтэр,пишущая машинка,wordnet,noun,существительное,1
typewritten,typewritten,ˈtaɪˌprɪtən,тайпритн,машинописный,wordnet,verb,глагол,3
ula,ula,ˈjulə,йулэ,Ула,wordnet,,,1
ultimately,ultimately,ˈəltəmətli,лтмэтли,в конечном счете,wordnet,adv,наречие,1
unaware,unaware,ˌənəˈwɛr,нэуэр,не подозревающий,wordnet,adj,прилагательное,1
unbalanced,unbalanced,ənˈbælənst,нбэлнст,несбалансированный,wordnet,verb,глагол,1
unchecked,unchecked,ənˈʧɛkt,нчэкт,непроверенный,wordnet,adj,прилагательное,1
uncommon,uncommon,ənˈkɑmən,нкамн,необычный,wordnet,adj,прилагательное,3
unconventional,unconventional,ˌənkənˈvɛnʃənəl,нкнвэншнл,нетрадиционный,wordnet,adj,прилагательное,2
undergo,undergo,ˌəndərˈgoʊ,ндэргоу,подвергаться,wordnet,verb,глагол,1
underline,underline,ˈəndərˌlaɪn,ндэрлайн,подчеркнуть,wordnet,noun,существительное,5
underlined,underlined,ˈəndərˌlaɪnd,ндэрлайнд,подчеркнутый,wordnet,verb,глагол,1
underneath,underneath,ˌəndərˈniθ,ндэрнис,под,wordnet,adv,наречие,4
understands,understands,ˌəndərˈstændz,ндэрстэндз,понимает,wordnet,verb,глагол,1
unethical,unethical,əˈnɛθɪkəl,энэсикл,неэтичный,wordnet,adj,прилагательное,1
unfair,unfair,ˌɔnˈfɛr,онфэр,несправедливый,wordnet,adj,прилагательное,1
unforeseen,unforeseen,ˌənfɔrˈsin,нфорсин,непредвиденный,wordnet,adj,прилагательное,1
universal,universal,ˌjunəˈvərsəl,йунэвэрсл,универсальный,wordnet,noun,существительное,3
unknown,unknown,ənˈnoʊn,нноун,неизвестный,wordnet,noun,существительное,1
unlocked,unlocked,ənˈlɑkt,нлакт,разблокировано,wordnet,verb,глагол,1
unlucky,unlucky,ənˈləki,нлэки,неудачливый,wordnet,adj,прилагательное,1
unmanageable,unmanageable,ənˈmænɪʤəbəl,нмэниджэбл,неуправляемый,wordnet,adj,прилагательное,1
unproductive,unproductive,ˌənprəˈdəktɪv,нпрэдэктив,непродуктивный,wordnet,adj,прилагательное,1
unproven,unproven,ənˈpruvən,нпрувн,недоказанный,wordnet,adj,прилагательное,1
unread,unread,ənˈrɛd,нрэд,непрочитанный,wordnet,adj,прилагательное,22
unreadable,unreadable,ˈənˈridəbəl,нридэбл,нечитаемый,wordnet,adj,прилагательное,9
unreasonable,unreasonable,ənˈriznəbəl,нризнэбл,необоснованный,wordnet,adj,прилагательное,1
unscrupulous,unscrupulous,ənˈskrupjələs,нскрупйлэс,беспринципный,wordnet,adj,прилагательное,2
unskilled,unskilled,ənˈskɪld,нскилд,неквалифицированный,wordnet,adj,прилагательное,1
unspecified,unspecified,ənˈspɛsəˌfaɪd,нспэсэфайд,неопределенный,wordnet,adj,прилагательное,5
unsubscribe,unsubscribe,ənsəbˈskraɪb,нсэбскрайб,отказаться от подписки,wordnet,,,4
unusable,unusable,ənˈjuzəbəl,нйузэбл,непригодный для использования,wordnet,adj,прилагательное,1
upright,upright,ˈəˌpraɪt,эпрайт,вертикальный,wordnet,noun,существительное,1
uprising,uprising,ˈəˌpraɪzɪŋ,эпрайзин,восстание,wordnet,noun,существительное,2
upward,upward,ˈəpwərd,эпуэрд,вверх,wordnet,adj,прилагательное,2
ure,ure,jur,йур,ура,wordnet,,,1
usa,usa,ˈjuˈɛˈseɪ,йуэсэй,США,wordnet,noun,существительное,1
usefulness,usefulness,ˈjusfəlnəs,йусфлнэс,полезность,wordnet,noun,существительное,1
utah,utah,ˈjuˌtɔ,йуто,Юта,wordnet,noun,существительное,1
utter,utter,ˈətər,этэр,полный,wordnet,verb,глагол,1
vaccination,vaccination,væksəˈneɪʃən,вэксэнэйшн,вакцинация,wordnet,noun,существительное,28
vaccine,vaccine,ˌvækˈsin,вэксин,вакцина,wordnet,noun,существительное,2
vague,vague,veɪg,вэйг,нечеткий,wordnet,adj,прилагательное,1
valencia,valencia,vəˈlɛnsiə,вэлэнсиэ,Валенсия,wordnet,noun,существительное,5
vampire,vampire,ˈvæmpaɪr,вэмпайр,вампир,wordnet,noun,существительное,8
vanquished,vanquished,ˈvæŋkwɪʃt,вэнкуишт,побежденный,wordnet,verb,глагол,1
vee,vee,vi,ви,ви,wordnet,,,1
vegetable,vegetable,ˈvɛʤtəbəl,вэджтэбл,овощной,wordnet,noun,существительное,3
ver,ver,vər,вэр,версия,wordnet,adj,прилагательное,1
verb,verb,vərb,вэрб,глагол,wordnet,noun,существительное,2
verbally,verbally,vərˈbæli,вэрбэли,устно,wordnet,adv,наречие,1
verizon,verizon,ˌvɛˈraɪzən,вэрайзн,Веризон,wordnet,,,2
verse,verse,vərs,вэрс,стих,wordnet,noun,существительное,1
veteran,veteran,ˈvɛtərən,вэтэрн,ветеран,wordnet,noun,существительное,1
violate,violate,ˈvaɪəleɪt,вайлэйт,нарушать,wordnet,verb,глагол,1
virgin,virgin,ˈvərʤɪn,вэрджин,девственник,wordnet,noun,существительное,1
virginia,virginia,vərˈʤɪnjə,вэрджинйэ,Вирджиния,wordnet,noun,существительное,3
virtually,virtually,ˈvərʧuəli,вэрчули,практически,wordnet,adv,наречие,1
virus,virus,ˈvaɪrəs,вайрэс,вирус,wordnet,noun,существительное,1
voice,voice,vɔɪs,войс,голос,wordnet,noun,существительное,39
volatile,volatile,ˈvɑlətəl,валэтл,изменчивый,wordnet,noun,существительное,1
voltage,voltage,ˈvoʊltɪʤ,воултидж,Напряжение,wordnet,noun,существительное,1
volume,volume,ˈvɑljum,валйум,объем,wordnet,noun,существительное,13
volunteer,volunteer,ˌvɑlənˈtɪr,валнтир,волонтер,wordnet,noun,существительное,1
waffle,waffle,ˈwɑfəl,уафл,вафля,wordnet,noun,существительное,3
waited,waited,ˈweɪtɪd,уэйтид,ждал,wordnet,verb,глагол,1
wake,wake,weɪk,уэйк,будить,wordnet,noun,существительное,1
wal,wal,wɔl,уол,Уол,wordnet,,,1
walking,walking,ˈwɔkɪŋ,уокин,ходьба,wordnet,noun,существительное,1
wallpaper,wallpaper,ˈwɔlˌpeɪpər,уолпэйпэр,обои,wordnet,noun,существительное,1
wand,wand,wɑnd,уанд,палочка,wordnet,noun,существительное,1
war,war,wɔr,уор,война,wordnet,noun,существительное,1
watanabe,watanabe,ˌwɑtɑˈnɑbeɪ,уатанабэй,Ватанабэ,wordnet,,,1
watermark,watermark,ˈwɔtərˌmɑrk,уотэрмарк,водяной знак,wordnet,noun,существительное,21
watermelon,watermelon,ˈwɔtərˌmɛlən,уотэрмэлн,арбуз,wordnet,noun,существительное,1
wave,wave,weɪv,уэйв,волна,wordnet,noun,существительное,2
wayside,wayside,ˈweɪˌsaɪd,уэйсайд,обочина,wordnet,noun,существительное,1
wear,wear,wɛr,уэр,носить,wordnet,noun,существительное,1
wedge,wedge,wɛʤ,уэдж,клин,wordnet,noun,существительное,1
weekend,weekend,ˈwiˌkɪnd,уикинд,выходные,wordnet,noun,существительное,7
weighed,weighed,weɪd,уэйд,взвешивал,wordnet,verb,глагол,1
west,west,wɛst,уэст,запад,wordnet,noun,существительное,3
wheaton,wheaton,ˈwitən,уитн,Уитон,wordnet,,,1
whisper,whisper,ˈwɪspər,уиспэр,шепот,wordnet,noun,существительное,54
whiz,whiz,wɪz,уиз,вундеркинд,wordnet,noun,существительное,1
widely,widely,ˈwaɪdli,уайдли,широко,wordnet,adv,наречие,6
wiki,wiki,ˈwɪˌki,уики,вики,wordnet,,,7
wikipedia,wikipedia,ˈwɪkiˌpiˌdiə,уикипидиэ,Википедия,wordnet,,,5
wil,wil,wɪl,уил,будет,wordnet,,,1
wildcard,wildcard,ˈwaɪldˌkɑrd,уайлдкард,подстановочный знак,wordnet,,,4
willison,willison,ˈwɪlɪsən,уилисн,Уиллисон,wordnet,,,1
wing,wing,wɪŋ,уин,крыло,wordnet,noun,существительное,1
wireless,wireless,ˈwaɪrlɪs,уайрлис,беспроводной,wordnet,noun,существительное,3
wisconsin,wisconsin,wɪˈskɑnsən,уискансн,Висконсин,wordnet,noun,существительное,1
wizard,wizard,ˈwɪzərd,уизэрд,волшебник,wordnet,noun,существительное,1
wolff,wolff,wʊlf,уулф,вольф,wordnet,noun,существительное,1
wondering,wondering,ˈwəndərɪŋ,ундэрин,интересный,wordnet,verb,глагол,2
wor,wor,ˈdəbɛˈljuˈoʊˈɑr,дэбэлйуоуар,работа,wordnet,,,1
worksheet,worksheet,ˈwərkˌʃit,уэркшит,рабочий лист,wordnet,noun,существительное,31
worn,worn,wɔrn,уорн,изношенный,wordnet,verb,глагол,1
worst,worst,wərst,уэрст,худший,wordnet,noun,существительное,3
wreaking,wreaking,ˈrikɪŋ,рикин,сеять,wordnet,verb,глагол,1
wright,wright,raɪt,райт,Райт,wordnet,noun,существительное,1
wrinkled,wrinkled,ˈrɪŋkəld,ринклд,морщинистый,wordnet,verb,глагол,1
wrist,wrist,rɪst,рист,запястье,wordnet,noun,существительное,1
xml,xml,ˌɛkˌsɛˈmɛl,эксэмэл,xml,wordnet,,,112
yahoo,yahoo,ˈjɑˌhu,йаху,Yahoo,wordnet,noun,существительное,1
yay,yay,jeɪ,йэй,ура,wordnet,noun,существительное,5
ying,ying,jɪŋ,йин,инь,wordnet,,,5
younger,younger,ˈjəŋgər,йэнгэр,моложе,wordnet,adj,прилагательное,1
youtube,youtube,ˈjuˌtub,йутуб,ютуб,wordnet,,,13
yum,yum,jəm,йм,ням,wordnet,,,1
zealand,zealand,ˈzilənd,зилнд,Зеландия,wordnet,noun,существительное,1
zed,zed,zɛd,зэд,Зед,wordnet,noun,существительное,2
zigzag,zigzag,ˈzɪgzæg,зигзэг,зигзаг,wordnet,noun,существительное,6
zing,zing,zɪŋ,зин,звонкий,wordnet,noun,существительное,1
zingaro,zingaro,zɪŋˈgɑroʊ,зингароу,Зингаро,wordnet,,,3
zon,zon,zɔn,зон,зона,wordnet,,,1
zona,zona,ˈzoʊnə,зоунэ,зона,wordnet,noun,существительное,1
abort,abort,əˈbɔrt,эборт,прерывать,wordnet,noun,существительное,1
abstracted,abstracted,ˈæbˌstræktɪd,эбстрэктид,абстрагированный,wordnet,verb,глагол,6
accelerates,accelerates,ækˈsɛlərˌeɪts,эксэлэрэйтс,ускоряется,wordnet,verb,глагол,1
acceptance,acceptance,əkˈsɛptəns,эксэптнс,принятие,wordnet,noun,существительное,1
accidental,accidental,ˌæksəˈdɛnəl,эксэдэнл,случайный,wordnet,noun,существительное,13
accompanies,accompanies,əˈkəmpəniz,экмпниз,сопровождает,wordnet,verb,глагол,1
accomplishing,accomplishing,əˈkɑmplɪʃɪŋ,экамплишин,выполнение,wordnet,verb,глагол,1
accountability,accountability,əˈkaʊntəˌbɪlɪti,экаунтэбилити,подотчетность,wordnet,noun,существительное,1
accounting,accounting,əˈkaʊnɪŋ,экаунин,бухгалтерский учет,wordnet,noun,существительное,1
accrued,accrued,əˈkrud,экруд,начисленный,wordnet,verb,глагол,1
accumulated,accumulated,əˈkjumjəˌleɪtɪd,экйумйлэйтид,накопленный,wordnet,verb,глагол,1
accumulates,accumulates,əˈkjumjəˌleɪts,экйумйлэйтс,накапливается,wordnet,verb,глагол,1
accumulating,accumulating,əˈkjumjəˌleɪtɪŋ,экйумйлэйтин,накопление,wordnet,verb,глагол,1
achievable,achievable,əˈʧivəbəl,эчивэбл,достижимый,wordnet,adj,прилагательное,2
achieved,achieved,əˈʧivd,эчивд,достигнуто,wordnet,verb,глагол,27
acquires,acquires,əkˈwaɪərz,экуайэрз,приобретает,wordnet,verb,глагол,1
acquiring,acquiring,əkˈwaɪərɪŋ,экуайэрин,приобретение,wordnet,noun,существительное,1
acquisition,acquisition,ˌækwəˈzɪʃən,экуэзишн,приобретение,wordnet,noun,существительное,7
actionable,actionable,ˈækʃənəbəl,экшнэбл,действенный,wordnet,adj,прилагательное,1
adaptability,adaptability,əˌdæptəˈbɪləti,эдэптэбилэти,адаптивность,wordnet,noun,существительное,6
adaptable,adaptable,əˈdæptəbəl,эдэптэбл,адаптируемый,wordnet,adj,прилагательное,19
adaptation,adaptation,ˌædəpˈteɪʃən,эдэптэйшн,приспособление,wordnet,noun,существительное,10
adapted,adapted,əˈdæptɪd,эдэптид,адаптированный,wordnet,verb,глагол,7
adapter,adapter,əˈdæptər,эдэптэр,адаптер,wordnet,noun,существительное,33
adapting,adapting,əˈdæptɪŋ,эдэптин,адаптация,wordnet,verb,глагол,2
adaptive,adaptive,əˈdæptɪv,эдэптив,адаптивный,wordnet,adj,прилагательное,19
adapts,adapts,əˈdæpts,эдэптс,адаптируется,wordnet,verb,глагол,2
adhered,adhered,æˈdhɪrd,эдхирд,придерживался,wordnet,verb,глагол,1
adherence,adherence,əˈdhɪrəns,эдхирнс,приверженность,wordnet,noun,существительное,16
adheres,adheres,əˈdhɪrz,эдхирз,придерживается,wordnet,verb,глагол,23
adhering,adhering,əˈdhɪrɪŋ,эдхирин,прилипание,wordnet,verb,глагол,7
adjunct,adjunct,ˈæˌʤəŋkt,эджэнкт,дополнение,wordnet,noun,существительное,1
advancing,advancing,ədˈvænsɪŋ,эдвэнсин,продвижение,wordnet,verb,глагол,1
advisable,advisable,ədˈvaɪzəbəl,эдвайзэбл,желательно,wordnet,adj,прилагательное,14
advisory,advisory,ædˈvaɪzəri,эдвайзэри,консультативный,wordnet,noun,существительное,1
advocate,advocate,ˈædvəˌkeɪt,эдвэкэйт,защитник,wordnet,noun,существительное,4
aesthetic,aesthetic,ɛsˈθɛtɪk,эссэтик,эстетический,wordnet,noun,существительное,1
affirm,affirm,əˈfərm,эфэрм,подтвердить,wordnet,verb,глагол,1
afforded,afforded,əˈfɔrdəd,эфордэд,предоставляется,wordnet,verb,глагол,4
affords,affords,əˈfɔrdz,эфордз,предоставляет,wordnet,verb,глагол,3
agile,agile,ˈæʤəl,эджл,гибкий,wordnet,adj,прилагательное,2
agility,agility,əˈʤɪləti,эджилэти,ловкость,wordnet,noun,существительное,1
agnostic,agnostic,ægˈnɑstɪk,эгнастик,агностик,wordnet,noun,существительное,1
aiding,aiding,ˈeɪdɪŋ,эйдин,помощь,wordnet,verb,глагол,1
aiming,aiming,ˈeɪmɪŋ,эймин,прицеливание,wordnet,verb,глагол,4
algebra,algebra,ˈælʤəbrə,элджэбрэ,алгебра,wordnet,noun,существительное,1
allocator,allocator,ˈæləˌkeɪtər,элэкэйтэр,распределитель,wordnet,noun,существительное,4
alteration,alteration,ˌɔltərˈeɪʃən,олтэрэйшн,изменение,wordnet,noun,существительное,6
amalgamation,amalgamation,əˌmælgəˈmeɪʃən,мэлгэмэйшн,объединение,wordnet,noun,существительное,1
amenable,amenable,əˈmɛnəbəl,эмэнэбл,податливый,wordnet,adj,прилагательное,4
amortizing,amortizing,ˈæmərˌtaɪzɪŋ,эмэртайзин,амортизация,wordnet,verb,глагол,1
analyzer,analyzer,ˈænəˌlaɪzər,энлайзэр,анализатор,wordnet,noun,существительное,4
anchored,anchored,ˈæŋkərd,энкэрд,поставленный на якорь,wordnet,verb,глагол,1
anew,anew,əˈnu,эну,заново,wordnet,adv,наречие,1
anomalous,anomalous,əˈnɑmələs,энамлэс,аномальный,wordnet,adj,прилагательное,1
anticipation,anticipation,ænˌtɪsəˈpeɪʃən,энтисэпэйшн,ожидание,wordnet,noun,существительное,1
apprehension,apprehension,ˌæprɪˈhɛnʃən,эприхэншн,опасение,wordnet,noun,существительное,1
approached,approached,əˈproʊʧt,эпроучт,приблизился,wordnet,verb,глагол,1
approved,approved,əˈpruvd,эпрувд,одобренный,wordnet,verb,глагол,3
approximating,approximating,əˈprɑksɪˌmeɪtɪŋ,эпраксимэйтин,аппроксимирующий,wordnet,verb,глагол,1
architect,architect,ˈɑrkəˌtɛkt,аркэтэкт,архитектор,wordnet,noun,существительное,5
arena,arena,ərˈinə,эринэ,арена,wordnet,noun,существительное,1
articulate,articulate,ɑrˈtɪkjəˌleɪt,артикйлэйт,формулировать,wordnet,verb,глагол,1
artificially,artificially,ˌɑrtəˈfɪʃəli,артэфишли,искусственно,wordnet,adv,наречие,1
assure,assure,əˈʃʊr,эшур,гарантировать,wordnet,verb,глагол,1
assures,assures,əˈʃʊrz,эшурз,заверяет,wordnet,verb,глагол,2
ast,ast,æst,эст,Аст,wordnet,,,35
astute,astute,əˈstut,эстут,проницательный,wordnet,adj,прилагательное,1
attache,attache,ˌætəˈʃeɪ,этэшэй,атташе,wordnet,noun,существительное,1
attaching,attaching,əˈtæʧɪŋ,этэчин,прикрепление,wordnet,verb,глагол,1
attend,attend,əˈtɛnd,этэнд,посещать,wordnet,verb,глагол,1
auditing,auditing,ˈɑdətɪŋ,адэтин,аудит,wordnet,verb,глагол,2
augmentation,augmentation,ˌɑgmɛnˈteɪʃən,агмэнтэйшн,увеличение,wordnet,noun,существительное,6
augmenting,augmenting,ˈɔgˌmɛntɪŋ,огмэнтин,увеличение,wordnet,verb,глагол,5
avert,avert,əˈvərt,эвэрт,предотвратить,wordnet,verb,глагол,1
avoidance,avoidance,əˈvɔɪdəns,эвойднс,избегание,wordnet,noun,существительное,1
awaited,awaited,əˈweɪtɪd,эуэйтид,ждали,wordnet,verb,глагол,1
awareness,awareness,əˈwɛrnəs,эуэрнэс,осведомленность,wordnet,noun,существительное,6
balanced,balanced,ˈbælənst,бэлнст,сбалансированный,wordnet,verb,глагол,2
begun,begun,ˈbeɪgən,бэйгн,началось,wordnet,verb,глагол,1
behavioral,behavioral,bɪˈheɪvjərəl,бихэйвйэрл,поведенческий,wordnet,adj,прилагательное,16
benefiting,benefiting,ˈbɛnəfɪtɪŋ,бэнэфитин,принося пользу,wordnet,verb,глагол,3
bio,bio,baɪoʊ,байоу,био,wordnet,,,2
blended,blended,ˈblɛndɪd,блэндид,смешанный,wordnet,verb,глагол,1
bloat,bloat,bloʊt,блоут,раздуваться,wordnet,noun,существительное,1
bloating,bloating,ˈbloʊtɪŋ,блоутин,вздутие живота,wordnet,verb,глагол,1
blocking,blocking,ˈblɑkɪŋ,блакин,блокировка,wordnet,noun,существительное,18
blur,blur,blər,блэр,размытие,wordnet,noun,существительное,1
blvd,blvd,ˈbʊləˌvɑrd,булэвард,бульвар,wordnet,,,1
bolster,bolster,ˈboʊlstər,боулстэр,поддерживать,wordnet,noun,существительное,1
bolstering,bolstering,ˈboʊlstərɪŋ,боулстэрин,поддержка,wordnet,verb,глагол,1
bookkeeping,bookkeeping,ˈbʊkˌkipɪŋ,буккипин,бухгалтерия,wordnet,noun,существительное,1
bottleneck,bottleneck,ˈbɑtəlˌnɛk,батлнэк,узкое место,wordnet,noun,существительное,19
breach,breach,briʧ,брич,нарушение,wordnet,noun,существительное,2
breadth,breadth,brɛdθ,брэдс,широта,wordnet,noun,существительное,1
brittle,brittle,ˈbrɪtəl,бритл,хрупкий,wordnet,noun,существительное,1
buffer,buffer,ˈbəfər,бэфэр,буфер,wordnet,noun,существительное,13
buffered,buffered,ˈbəfərd,бэфэрд,буферизованный,wordnet,verb,глагол,1
bundling,bundling,ˈbəndəlɪŋ,бндлин,объединение в пакеты,wordnet,noun,существительное,1
burdening,burdening,ˈbərdənɪŋ,бэрднин,обременяющий,wordnet,verb,глагол,1
bypassed,bypassed,ˈbaɪˌpæst,байпэст,обошли,wordnet,verb,глагол,2
bypassing,bypassing,ˈbaɪˌpæsɪŋ,байпэсин,обходя,wordnet,verb,глагол,5
calculus,calculus,ˈkælkjələs,кэлкйлэс,исчисление,wordnet,noun,существительное,1
calibrated,calibrated,ˈkæləˌbreɪtəd,кэлэбрэйтэд,калиброванный,wordnet,verb,глагол,7
cancellation,cancellation,ˌkænsəˈleɪʃən,кэнсэлэйшн,отмена,wordnet,noun,существительное,14
cancelled,cancelled,ˈkænsəld,кэнслд,отменен,wordnet,verb,глагол,6
casual,casual,ˈkæʒəwəl,кэжэул,повседневный,wordnet,adj,прилагательное,1
catastrophic,catastrophic,ˌkætəˈstrɑfɪk,кэтэстрафик,катастрофический,wordnet,adj,прилагательное,1
categorizing,categorizing,ˈkætəgərˌaɪzɪŋ,кэтэгэрайзин,категоризация,wordnet,verb,глагол,1
catering,catering,ˈkeɪtərɪŋ,кэйтэрин,кейтеринг,wordnet,noun,существительное,2
cautionary,cautionary,ˈkɔʃəˌnɛri,кошнэри,предостерегающий,wordnet,adj,прилагательное,1
centralized,centralized,ˈsɛntrəˌlaɪzd,сэнтрлайзд,централизованный,wordnet,verb,глагол,9
centralizing,centralizing,ˈsɛntrəˌlaɪzɪŋ,сэнтрлайзин,централизация,wordnet,verb,глагол,2
champion,champion,ˈʧæmpiən,чэмпин,чемпион,wordnet,noun,существительное,1
characterized,characterized,ˈkɛrɪktərˌaɪzd,кэриктэрайзд,характеризуется,wordnet,verb,глагол,1
circular,circular,ˈsərkjələr,сэркйлэр,круговой,wordnet,noun,существительное,1
circumvents,circumvents,ˌsərkəmˈvɛnts,сэркмвэнтс,обходит,wordnet,verb,глагол,5
clarifies,clarifies,ˈklɛrəˌfaɪz,клэрэфайз,уточняет,wordnet,verb,глагол,2
cloning,cloning,ˈkloʊnɪŋ,клоунин,клонирование,wordnet,noun,существительное,1
coarse,coarse,kɔrs,корс,грубый,wordnet,adj,прилагательное,2
codify,codify,ˈkoʊdəˌfaɪ,коудэфай,систематизировать,wordnet,verb,глагол,1
coexist,coexist,ˌkoʊəgˈzɪst,коуагзист,сосуществовать,wordnet,verb,глагол,2
cognizant,cognizant,ˈkɑgnəzənt,кагнэзнт,знающий,wordnet,adj,прилагательное,4
coherence,coherence,koʊˈhɪrəns,коухирнс,согласованность,wordnet,noun,существительное,2
coherently,coherently,koʊˈhirəntli,коухирнтли,последовательно,wordnet,adv,наречие,2
cohesion,cohesion,koʊˈhiʒən,коухижн,сплоченность,wordnet,noun,существительное,2
collaboration,collaboration,kəˌlæbərˈeɪʃən,клэбэрэйшн,сотрудничество,wordnet,noun,существительное,1
collector,collector,kəˈlɛktər,кэлэктэр,коллекционер,wordnet,noun,существительное,4
comp,comp,kɑmp,камп,комп,wordnet,noun,существительное,9
comparative,comparative,kəmˈpærətɪv,кмпэрэтив,сравнительный,wordnet,noun,существительное,1
compels,compels,kəmˈpɛlz,кмпэлз,вынуждает,wordnet,verb,глагол,1
compensated,compensated,ˈkɑmpənˌseɪtəd,кампнсэйтэд,компенсированный,wordnet,verb,глагол,1
compensating,compensating,ˈkɑmpənˌseɪtɪŋ,кампнсэйтин,компенсирующий,wordnet,verb,глагол,3
compensation,compensation,ˌkɑmpənˈseɪʃən,кампнсэйшн,компенсация,wordnet,noun,существительное,1
compete,compete,kəmˈpit,кмпит,конкурировать,wordnet,verb,глагол,1
competency,competency,ˈkɑmpətɪnsi,кампэтинси,компетентность,wordnet,noun,существительное,1
compiles,compiles,kəmˈpaɪlz,кмпайлз,компилирует,wordnet,verb,глагол,2
complementary,complementary,ˌkɑmpləˈmɛnʧi,камплэмэнчи,дополнительный,wordnet,noun,существительное,2
complementing,complementing,ˈkɑmpləˌmɛntɪŋ,камплмэнтин,дополняющий,wordnet,verb,глагол,1
complication,complication,ˌkɑmpləˈkeɪʃən,камплэкэйшн,осложнение,wordnet,noun,существительное,1
comprehend,comprehend,ˌkɑmpriˈhɛnd,камприхэнд,постигать,wordnet,verb,глагол,1
compromise,compromise,ˈkɑmprəˌmaɪz,кампрмайз,компромисс,wordnet,noun,существительное,5
conceals,conceals,kənˈsilz,кнсилз,скрывает,wordnet,verb,глагол,1
concert,concert,ˈkɑnsərt,кансэрт,концерт,wordnet,noun,существительное,2
concurrent,concurrent,kənˈkərənt,кнкэрнт,одновременно,wordnet,adj,прилагательное,95
concurrently,concurrently,kənˈkərəntli,кнкэрнтли,одновременно,wordnet,adv,наречие,14
conditionally,conditionally,kənˈdɪʃənəli,кндишнли,условно,wordnet,adv,наречие,8
conductor,conductor,kənˈdəktər,кндэктэр,дирижер,wordnet,noun,существительное,1
conduit,conduit,ˈkɑnʤuɪt,канджуит,трубопровод,wordnet,noun,существительное,2
confines,confines,ˈkɑnˌfaɪnz,канфайнз,ограничивает,wordnet,noun,существительное,1
confining,confining,kənˈfaɪnɪŋ,кнфайнин,ограничивающий,wordnet,verb,глагол,1
confluence,confluence,ˈkɑnfluəns,канфлунс,слияние,wordnet,noun,существительное,1
conform,conform,kənˈfɔrm,кнформ,соответствовать,wordnet,verb,глагол,19
conformance,conformance,kənˈfɔrməns,кнформнс,соответствие,wordnet,noun,существительное,1
conforming,conforming,kənˈfɔrmɪŋ,кнформин,соответствующий,wordnet,verb,глагол,2
conforms,conforms,kənˈfɔrmz,кнформз,соответствует,wordnet,verb,глагол,3
confront,confront,kənˈfrənt,кнфрнт,противостоять,wordnet,verb,глагол,1
conscientious,conscientious,ˌkɑnʃiˈɛnʃəs,каншиэншэс,добросовестный,wordnet,adj,прилагательное,1
consenting,consenting,kənˈsɛnɪŋ,кнсэнин,согласие,wordnet,verb,глагол,2
consolidate,consolidate,kənˈsɑlɪˌdeɪt,кнсалидэйт,консолидировать,wordnet,verb,глагол,1
consolidates,consolidates,kənˈsɑlɪˌdeɪts,кнсалидэйтс,консолидирует,wordnet,verb,глагол,1
consolidating,consolidating,kənˈsɑləˌdeɪtɪŋ,кнсалэдэйтин,консолидация,wordnet,verb,глагол,1
consolidation,consolidation,kənˌsɑləˈdeɪʃən,кнсалэдэйшн,консолидация,wordnet,noun,существительное,1
constituent,constituent,kənˈstɪʧuənt,кнстичунт,составляющая,wordnet,noun,существительное,4
constitutes,constitutes,ˈkɑnstəˌtuts,канстэтутс,представляет собой,wordnet,verb,глагол,1
constrained,constrained,kənˈstreɪnd,кнстрэйнд,сдержанный,wordnet,verb,глагол,3
consumed,consumed,kənˈsumd,кнсумд,потребляется,wordnet,verb,глагол,3
containerized,containerized,kənˈteɪnərˌaɪzd,кнтэйнэрайзд,контейнеризованный,wordnet,verb,глагол,3
contamination,contamination,kənˌtæməˈneɪʃən,кнтэмэнэйшн,загрязнение,wordnet,noun,существительное,2
contemporary,contemporary,kənˈtɛmpərˌɛri,кнтэмпэрэри,современный,wordnet,noun,существительное,5
contending,contending,kənˈtɛndɪŋ,кнтэндин,борьба,wordnet,verb,глагол,1
contention,contention,kənˈtɛnʃən,кнтэншн,раздор,wordnet,noun,существительное,12
contest,contest,ˈkɑntɛst,кантэст,конкурс,wordnet,noun,существительное,1
contextual,contextual,ˌkɑnˈtɛksˌʧuəl,кантэксчул,контекстуальный,wordnet,adj,прилагательное,8
contractual,contractual,kənˈtrækʧuəl,кнтрэкчул,договорной,wordnet,adj,прилагательное,4
contributing,contributing,kənˈtrɪbjutɪŋ,кнтрибйутин,вклад,wordnet,verb,глагол,4
controllable,controllable,kənˈtroʊləbəl,кнтроулэбл,контролируемый,wordnet,adj,прилагательное,1
controller,controller,kənˈtroʊlər,кнтроулэр,контроллер,wordnet,noun,существительное,35
conversely,conversely,ˈkɑnvərsli,канвэрсли,наоборот,wordnet,adv,наречие,3
conveying,conveying,kənˈveɪɪŋ,кнвэйин,транспортировка,wordnet,noun,существительное,1
cooperate,cooperate,kˈwɑpərˌeɪt,куапэрэйт,сотрудничать,wordnet,verb,глагол,1
cooperation,cooperation,kˌwɔpərˈeɪʃən,куопэрэйшн,сотрудничество,wordnet,noun,существительное,1
cooperatively,cooperatively,koʊˈɑprətɪvli,коуапрэтивли,совместно,wordnet,adv,наречие,1
coordinator,coordinator,koʊˈɔrdəˌneɪtər,коуорднэйтэр,координатор,wordnet,noun,существительное,1
corrective,corrective,kərˈɛktɪv,кэрэктив,корректирующий,wordnet,noun,существительное,1
correctness,correctness,kərˈɛktnəs,кэрэктнэс,правильность,wordnet,noun,существительное,19
correlate,correlate,ˈkɔrəˌleɪt,корлэйт,коррелировать,wordnet,noun,существительное,1
corrupting,corrupting,kərˈəptɪŋ,кэрэптин,развращающий,wordnet,verb,глагол,1
corruption,corruption,kərˈəpʃən,кэрэпшн,коррупция,wordnet,noun,существительное,3
countermeasure,countermeasure,ˈkaʊntərˌmɛʒər,каунтэрмэжэр,контрмера,wordnet,noun,существительное,1
coupled,coupled,ˈkəpəld,кэплд,соединенный,wordnet,verb,глагол,9
coupling,coupling,ˈkəplɪŋ,кэплин,муфта,wordnet,noun,существительное,18
craftsmanship,craftsmanship,ˈkræftsmənˌʃɪp,крэфтсмншип,мастерство,wordnet,noun,существительное,1
criticality,criticality,ˌkrɪtəˈkæləti,критэкэлэти,критичность,wordnet,noun,существительное,2
crux,crux,krəks,крэкс,суть,wordnet,noun,существительное,1
crystallize,crystallize,ˈkrɪstəˌlaɪz,кристлайз,кристаллизоваться,wordnet,verb,глагол,2
culminates,culminates,ˈkəlmɪˌneɪts,клминэйтс,достигает кульминации,wordnet,verb,глагол,1
cultivates,cultivates,ˈkəltɪˌveɪts,клтивэйтс,культивирует,wordnet,verb,глагол,1
curb,curb,kərb,кэрб,бордюр,wordnet,noun,существительное,1
currying,currying,ˈkəriɪŋ,кэриин,карри,wordnet,verb,глагол,10
curtail,curtail,kərˈteɪl,кэртэйл,сокращать,wordnet,verb,глагол,1
cyclic,cyclic,ˈsaɪklɪk,сайклик,циклический,wordnet,adj,прилагательное,5
cypher,cypher,ˈsaɪfər,сайфэр,шифровать,wordnet,noun,существительное,1
deadlock,deadlock,ˈdɛˌdlɑk,дэдлак,тупик,wordnet,noun,существительное,16
debt,debt,dɛt,дэт,долг,wordnet,noun,существительное,3
decisive,decisive,dɪˈsaɪsɪv,дисайсив,решающий,wordnet,adj,прилагательное,1
declaration,declaration,ˌdɛklərˈeɪʃən,дэклэрэйшн,декларация,wordnet,noun,существительное,9
declined,declined,dɪˈklaɪnd,диклайнд,отклоненный,wordnet,verb,глагол,3
decompose,decompose,ˌdikəmˈpoʊz,дикмпоуз,разлагать,wordnet,verb,глагол,1
decomposing,decomposing,ˌdikəmˈpoʊzɪŋ,дикмпоузин,разлагающийся,wordnet,verb,глагол,1
decomposition,decomposition,ˌdikəmpəˈzɪʃən,дикмпэзишн,разложение,wordnet,noun,существительное,2
decouple,decouple,diˈkəpəl,дикэпл,отделить,wordnet,verb,глагол,10
deepening,deepening,ˈdipənɪŋ,дипнин,углубление,wordnet,noun,существительное,2
deepens,deepens,ˈdipənz,дипнз,углубляет,wordnet,verb,глагол,1
deepest,deepest,ˈdipəst,дипэст,самый глубокий,wordnet,adj,прилагательное,1
defect,defect,ˈdifɛkt,дифэкт,дефект,wordnet,noun,существительное,3
defensive,defensive,dɪˈfɛnsɪv,дифэнсив,оборонительный,wordnet,noun,существительное,9
defer,defer,dɪˈfər,дифэр,отложить,wordnet,verb,глагол,2
deferred,deferred,dɪˈfərd,дифэрд,отложенный,wordnet,verb,глагол,13
deferring,deferring,dɪˈfərɪŋ,дифэрин,отсрочка,wordnet,verb,глагол,7
defers,defers,dɪˈfərz,дифэрз,откладывает,wordnet,verb,глагол,4
degradation,degradation,ˌdɛgrəˈdeɪʃən,дэгрэдэйшн,деградация,wordnet,noun,существительное,2
degrade,degrade,dɪˈgreɪd,дигрэйд,деградировать,wordnet,verb,глагол,1
delaying,delaying,dɪˈleɪɪŋ,дилэйин,задержка,wordnet,verb,глагол,5
delegating,delegating,ˈdɛləˌgeɪtɪŋ,дэлэгэйтин,делегирование,wordnet,noun,существительное,8
delegation,delegation,ˌdɛləˈgeɪʃən,дэлэгэйшн,делегация,wordnet,noun,существительное,11
deliberate,deliberate,dɪˈlɪbərˌeɪt,дилибэрэйт,преднамеренный,wordnet,verb,глагол,12
deliberately,deliberately,dɪˈlɪbərətli,дилибэрэтли,умышленно,wordnet,adv,наречие,2
delicate,delicate,ˈdɛləkət,дэлэкэт,нежный,wordnet,adj,прилагательное,4
delineated,delineated,dɪˈlɪniˌeɪtɪd,дилиниэйтид,очерченный,wordnet,verb,глагол,2
delineates,delineates,dɪˈlɪniˌeɪts,дилиниэйтс,очерчивает,wordnet,verb,глагол,3
delineating,delineating,dɪˈlɪniˌeɪtɪŋ,дилиниэйтин,очерчивающий,wordnet,verb,глагол,2
delineation,delineation,dɪˌlɪniˈeɪʃən,дилиниэйшн,очертание,wordnet,noun,существительное,2
delivery,delivery,dɪˈlɪvəri,диливэри,доставка,wordnet,noun,существительное,1
demanded,demanded,dɪˈmændɪd,димэндид,потребовал,wordnet,verb,глагол,1
demanding,demanding,dɪˈmændɪŋ,димэндин,требовательный,wordnet,verb,глагол,2
den,den,dɛn,дэн,логово,wordnet,noun,существительное,16
denote,denote,dɪˈnoʊt,диноут,обозначать,wordnet,verb,глагол,2
denoted,denoted,dɪˈnoʊtəd,диноутэд,обозначенный,wordnet,verb,глагол,1
deprecated,deprecated,ˈdɛprəˌkeɪtəd,дэпрэкэйтэд,устарел,wordnet,verb,глагол,1
derivative,derivative,dərˈɪvɪtɪv,дэривитив,производная,wordnet,noun,существительное,8
designated,designated,ˈdɛzɪgˌneɪtɪd,дэзигнэйтид,назначенный,wordnet,verb,глагол,4
desirable,desirable,dɪˈzaɪərəbəl,дизайэрэбл,желательно,wordnet,adj,прилагательное,2
destruction,destruction,dɪˈstrəkʃən,дистрэкшн,разрушение,wordnet,noun,существительное,10
detector,detector,dɪˈtɛktər,дитэктэр,детектор,wordnet,noun,существительное,2
determination,determination,dɪˌtərməˈneɪʃən,дитэрмэнэйшн,определение,wordnet,noun,существительное,1
determinism,determinism,dɪˈtərməˌnɪzəm,дитэрмнизм,детерминизм,wordnet,noun,существительное,2
deterministic,deterministic,dɪˌtərməˈnɪstɪk,дитэрмэнистик,детерминированный,wordnet,adj,прилагательное,23
deterrent,deterrent,dɪˈtərrənt,дитэррнт,сдерживающий фактор,wordnet,noun,существительное,1
deviate,deviate,ˈdiviˌeɪt,дивиэйт,отклоняться,wordnet,noun,существительное,1
devised,devised,dɪˈvaɪzd,дивайзд,разработанный,wordnet,verb,глагол,1
diagrammatic,diagrammatic,ˌdaɪəgrəˈmætɪk,дайэгрэмэтик,схематический,wordnet,adj,прилагательное,1
dictated,dictated,ˈdɪkˌteɪtɪd,диктэйтид,продиктовано,wordnet,verb,глагол,1
dill,dill,dɪl,дил,укроп,wordnet,noun,существительное,1
diminish,diminish,dɪˈmɪnɪʃ,диминиш,уменьшать,wordnet,verb,глагол,1
diminishing,diminishing,dɪˈmɪnɪʃɪŋ,диминишин,уменьшающийся,wordnet,verb,глагол,1
disallowing,disallowing,dɪsəˈlaʊɪŋ,дисэлауин,запрещающий,wordnet,verb,глагол,1
discernment,discernment,dɪˈsərnmənt,дисэрнмнт,проницательность,wordnet,noun,существительное,1
disciplined,disciplined,ˈdɪsəplənd,дисэплнд,дисциплинированный,wordnet,verb,глагол,23
discoverable,discoverable,dɪˈskəvərəbəl,дискэвэрэбл,обнаруживаемый,wordnet,adj,прилагательное,1
discretionary,discretionary,dɪˈskrɛʃəˌnɛri,дискрэшнэри,дискреционный,wordnet,adj,прилагательное,1
disparate,disparate,ˈdɪspərɪt,диспэрит,несопоставимый,wordnet,adj,прилагательное,6
disparity,disparity,dɪˈspɛrəti,диспэрэти,неравенство,wordnet,noun,существительное,1
dispatched,dispatched,dɪˈspæʧt,диспэчт,отправлен,wordnet,verb,глагол,2
dispatcher,dispatcher,ˈdɪˌspæʧər,диспэчэр,диспетчер,wordnet,noun,существительное,13
dispatching,dispatching,dɪˈspæʧɪŋ,диспэчин,диспетчеризация,wordnet,verb,глагол,7
dispose,dispose,dɪˈspoʊz,диспоуз,распоряжаться,wordnet,verb,глагол,1
disrupted,disrupted,dɪsˈrəptɪd,дисрэптид,нарушен,wordnet,verb,глагол,1
dissected,dissected,daɪˈsɛktəd,дайсэктэд,рассеченный,wordnet,verb,глагол,1
distilled,distilled,dɪˈstɪld,дистилд,дистиллированный,wordnet,verb,глагол,1
distilling,distilling,dɪˈstɪlɪŋ,дистилин,дистилляция,wordnet,verb,глагол,2
distinguishing,distinguishing,dɪˈstɪŋgwɪʃɪŋ,дистингуишин,различение,wordnet,verb,глагол,1
docker,docker,ˈdɑkər,дакэр,докер,wordnet,noun,существительное,7
dogma,dogma,ˈdɑgmə,дагмэ,догма,wordnet,noun,существительное,1
downtime,downtime,ˈdaʊnˌtaɪm,даунтайм,время простоя,wordnet,noun,существительное,1
dramatically,dramatically,drəˈmætɪkəli,дрэмэтикли,резко,wordnet,adv,наречие,3
drift,drift,drɪft,дрифт,дрейфовать,wordnet,noun,существительное,1
dual,dual,duəl,дул,двойной,wordnet,adj,прилагательное,3
easing,easing,ˈizɪŋ,изин,смягчение,wordnet,noun,существительное,3
effecting,effecting,ˈifɛktɪŋ,ифэктин,воздействующий,wordnet,verb,глагол,1
efficacy,efficacy,ˈɛfɪˌkæsi,эфикэси,эффективность,wordnet,noun,существительное,1
elaborating,elaborating,ɪˈlæbərˌeɪtɪŋ,илэбэрэйтин,разработка,wordnet,verb,глагол,1
elegance,elegance,ˈɛləgəns,элэгнс,элегантность,wordnet,noun,существительное,2
elevated,elevated,ˈɛləˌveɪtɪd,элэвэйтид,повышенный,wordnet,noun,существительное,1
elevating,elevating,ˈɛləˌveɪtɪŋ,элэвэйтин,возвышающий,wordnet,verb,глагол,2
elicit,elicit,ɪˈlɪsɪt,илисит,выявлять,wordnet,verb,глагол,1
eligible,eligible,ˈɛlɪʤəbəl,элиджэбл,имеющий право,wordnet,adj,прилагательное,1
eliminated,eliminated,ɪˈlɪməˌneɪtɪd,илимнэйтид,устранен,wordnet,verb,глагол,1
elucidate,elucidate,ɪˈlusəˌdeɪt,илусэдэйт,разъяснять,wordnet,verb,глагол,2
elusive,elusive,ɪˈlusɪv,илусив,неуловимый,wordnet,adj,прилагательное,3
emblematic,emblematic,ˌɛmbləˈmætɪk,эмблэмэтик,символический,wordnet,adj,прилагательное,1
embodied,embodied,ɪmˈbɑdid,имбадид,воплощенный,wordnet,verb,глагол,1
embodies,embodies,ɛmˈbɑdiz,эмбадиз,воплощает,wordnet,verb,глагол,3
embody,embody,ɪmˈbɑdi,имбади,воплощать,wordnet,verb,глагол,1
embodying,embodying,ɪmˈbɑdiɪŋ,имбадиин,воплощение,wordnet,verb,глагол,1
embracing,embracing,ɛmˈbreɪsɪŋ,эмбрэйсин,обнимая,wordnet,noun,существительное,2
emerged,emerged,ˈimərʤd,имэрджд,появился,wordnet,verb,глагол,1
emerging,emerging,ˈimərʤɪŋ,имэрджин,возникающий,wordnet,verb,глагол,2
emphasis,emphasis,ˈɛmfəsɪs,эмфэсис,акцент,wordnet,noun,существительное,1
emphasizes,emphasizes,ˈɛmfəˌsaɪzɪz,эмфэсайзиз,подчеркивает,wordnet,verb,глагол,9
empirical,empirical,ˌɛmˈpɪrɪkəl,эмпирикл,эмпирический,wordnet,adj,прилагательное,4
employed,employed,ɪmˈplɔɪd,имплойд,трудоустроенный,wordnet,verb,глагол,23
employing,employing,ɪmˈplɔɪɪŋ,имплойин,использование,wordnet,verb,глагол,41
empower,empower,ɪmˈpaʊər,импауэр,расширять возможности,wordnet,verb,глагол,6
empowering,empowering,ɪmˈpaʊərɪŋ,импауэрин,расширение прав и возможностей,wordnet,verb,глагол,2
empowers,empowers,ɪmˈpaʊərz,импауэрз,наделяет полномочиями,wordnet,verb,глагол,9
emulated,emulated,ˈɛmjəˌleɪtɪd,эмйлэйтид,подражал,wordnet,verb,глагол,1
encapsulated,encapsulated,ɛnˈkæpsəˌleɪtɪd,энкэпслэйтид,инкапсулированный,wordnet,verb,глагол,24
encapsulating,encapsulating,ɛnˈkæpsəˌleɪtɪŋ,энкэпслэйтин,инкапсулирующий,wordnet,verb,глагол,18
encompass,encompass,ɛnˈkəmpəs,энкмпэс,охватывать,wordnet,verb,глагол,3
encompasses,encompasses,ɛnˈkəmpəsəz,энкмпэсэз,включает в себя,wordnet,verb,глагол,3
encompassing,encompassing,ɛnˈkəmpəsɪŋ,энкмпэсин,охватывающий,wordnet,verb,глагол,1
endeavor,endeavor,ɪnˈdɛvər,индэвэр,стараться,wordnet,noun,существительное,1
endorses,endorses,ɛnˈdɔrsɪz,эндорсиз,одобряет,wordnet,verb,глагол,1
endow,endow,ɛnˈdaʊ,эндау,наделять,wordnet,verb,глагол,1
enforceable,enforceable,ɛnˈfɔrsəbəl,энфорсэбл,подлежащий исполнению,wordnet,adj,прилагательное,1
enforcement,enforcement,ɛnˈfɔrsmənt,энфорсмнт,исполнение,wordnet,noun,существительное,29
enforces,enforces,ɛnˈfɔrsɪz,энфорсиз,обеспечивает соблюдение,wordnet,verb,глагол,33
engages,engages,ɪnˈgeɪʤɪz,ингэйджиз,занимается,wordnet,verb,глагол,1
engineered,engineered,ˌɛnʤəˈnird,энджэнирд,спроектированный,wordnet,verb,глагол,4
enhances,enhances,ɛnˈhænsɪz,энхэнсиз,усиливает,wordnet,verb,глагол,24
enhancing,enhancing,ɛnˈhænsɪŋ,энхэнсин,улучшение,wordnet,verb,глагол,19
enrich,enrich,ɪnˈrɪʧ,инрич,обогащать,wordnet,verb,глагол,1
enriched,enriched,ɛnˈrɪʧt,энричт,обогащенный,wordnet,verb,глагол,2
enrolled,enrolled,ɛnˈroʊld,энроулд,зачислен,wordnet,verb,глагол,1
entail,entail,ɛnˈteɪl,энтэйл,влечь за собой,wordnet,noun,существительное,3
environmental,environmental,ɪnˌvaɪrənˈmɛnəl,инвайрнмэнл,относящийся к окружающей среде,wordnet,adj,прилагательное,5
epitomizes,epitomizes,ɪˈpɪtəˌmaɪzɪz,ипитмайзиз,олицетворяет,wordnet,verb,глагол,1
equilibrium,equilibrium,ˌikwəˈlɪbriəm,икуэлибрим,равновесие,wordnet,noun,существительное,1
equipping,equipping,ɪkˈwɪpɪŋ,икуипин,оснащение,wordnet,noun,существительное,2
escalates,escalates,ˈɛskəˌleɪts,эсклэйтс,обостряется,wordnet,verb,глагол,1
escalating,escalating,ˈɛskəˌleɪtɪŋ,эсклэйтин,эскалация,wordnet,verb,глагол,1
essence,essence,ˈɛsəns,эснс,сущность,wordnet,noun,существительное,2
establishing,establishing,ɪˈstæblɪʃɪŋ,истэблишин,создание,wordnet,verb,глагол,5
establishment,establishment,ɪˈstæblɪʃmənt,истэблишмнт,учреждение,wordnet,noun,существительное,1
evade,evade,ɪˈveɪd,ивэйд,уклоняться,wordnet,verb,глагол,1
evolutionary,evolutionary,ˌɛvəˈluʃəˌnɛri,эвэлушнэри,эволюционный,wordnet,adj,прилагательное,1
examination,examination,ɪgˌzæməˈneɪʃən,игзэмэнэйшн,обследование,wordnet,noun,существительное,6
exceptional,exceptional,ɪkˈsɛpʃənəl,иксэпшнл,исключительный,wordnet,adj,прилагательное,1
excessive,excessive,ɪkˈsɛsɪv,иксэсив,излишний,wordnet,adj,прилагательное,12
excluded,excluded,ɪkˈskludɪd,иксклудид,исключен,wordnet,verb,глагол,1
exclusion,exclusion,ɪkˈskluʒən,иксклужн,исключение,wordnet,noun,существительное,1
exemplary,exemplary,ɪgˈzɛmpləri,игзэмплэри,образцовый,wordnet,adj,прилагательное,1
exemplified,exemplified,ɪgˈzɛmpləˌfaɪd,игзэмплэфайд,проиллюстрированный,wordnet,verb,глагол,1
exemplifies,exemplifies,ɪgˈzɛmpləˌfaɪz,игзэмплэфайз,иллюстрирует,wordnet,verb,глагол,9
exemplify,exemplify,ɪgˈzɛmpləˌfaɪ,игзэмплэфай,служить примером,wordnet,verb,глагол,2
exemplifying,exemplifying,ɪgˈzɛmpləˌfaɪɪŋ,игзэмплэфайин,иллюстрирующий,wordnet,verb,глагол,1
exercised,exercised,ˈɛksərˌsaɪzd,эксэрсайзд,осуществлял,wordnet,verb,глагол,3
exercising,exercising,ˈɛksərˌsaɪzɪŋ,эксэрсайзин,упражнения,wordnet,noun,существительное,1
exhausted,exhausted,ɪgˈzɔstɪd,игзостид,измученный,wordnet,verb,глагол,1
existent,existent,ɛgˈzɪstənt,эгзистнт,существующий,wordnet,adj,прилагательное,2
expansion,expansion,ɪkˈspænʧən,икспэнчн,расширение,wordnet,noun,существительное,1
expansive,expansive,ɪkˈspænsɪv,икспэнсив,экспансивный,wordnet,adj,прилагательное,1
expedite,expedite,ˈɛkspɪˌdaɪt,экспидайт,ускорить,wordnet,verb,глагол,1
expedited,expedited,ˈɛkspɪˌdaɪtɪd,экспидайтид,ускоренный,wordnet,verb,глагол,1
expertise,expertise,ˌɛkspərˈtiz,экспэртиз,экспертиза,wordnet,noun,существительное,3
expiration,expiration,ˌɛkspərˈeɪʃən,экспэрэйшн,истечение срока действия,wordnet,noun,существительное,2
expire,expire,ɪkˈspaɪr,икспайр,истекает,wordnet,verb,глагол,2
exploit,exploit,ˌɛkˈsplɔɪt,эксплойт,эксплуатировать,wordnet,noun,существительное,13
exploited,exploited,ˈɛkˌsplɔɪtəd,эксплойтэд,эксплуатируемый,wordnet,verb,глагол,4
exploiting,exploiting,ˈɛkˌsplɔɪtɪŋ,эксплойтин,эксплуатация,wordnet,verb,глагол,2
exponential,exponential,ˌɛkspoʊˈnɛnʃəl,экспоунэншл,экспоненциальный,wordnet,noun,существительное,1
expressivity,expressivity,ˌɛksprəˈsɪvɪti,экспрэсивити,выразительность,wordnet,,,1
externally,externally,ɪkˈstərnəli,икстэрнли,внешне,wordnet,adv,наречие,5
facade,facade,fəˈsɑd,фэсад,фасад,wordnet,noun,существительное,2
facet,facet,ˈfæsət,фэсэт,грань,wordnet,noun,существительное,3
faceted,faceted,ˈfæsətɪd,фэсэтид,граненый,wordnet,adj,прилагательное,1
facilitating,facilitating,fəˈsɪləˌteɪtɪŋ,фэсилэтэйтин,содействие,wordnet,verb,глагол,14
facility,facility,fəˈsɪlɪti,фэсилити,средство,wordnet,noun,существительное,7
faithfully,faithfully,ˈfeɪθfəli,фэйсфли,преданно,wordnet,adv,наречие,2
favoring,favoring,ˈfeɪvərɪŋ,фэйвэрин,предпочтение,wordnet,verb,глагол,2
fence,fence,fɛns,фэнс,изгородь,wordnet,noun,существительное,1
fertile,fertile,ˈfərtəl,фэртл,плодородный,wordnet,adj,прилагательное,1
fibonacci,fibonacci,ˌfɪbəˈnɑʧi,фибэначи,Фибоначчи,wordnet,,,9
fidelity,fidelity,ˌfaɪˈdɛləti,файдэлэти,верность,wordnet,noun,существительное,2
finalizing,finalizing,ˈfaɪnəˌlaɪzɪŋ,файнлайзин,завершение,wordnet,verb,глагол,2
financial,financial,ˌfaɪˈnænʃəl,файнэншл,финансовый,wordnet,adj,прилагательное,1
finesse,finesse,fɪˈnɛs,финэс,изящество,wordnet,noun,существительное,1
flagging,flagging,ˈflægɪŋ,флэгин,пометка,wordnet,noun,существительное,1
flake,flake,fleɪk,флэйк,чешуйка,wordnet,noun,существительное,3
flask,flask,flæsk,флэск,колба,wordnet,noun,существительное,1
flattened,flattened,ˈflætənd,флэтнд,сплющенный,wordnet,verb,глагол,2
flatter,flatter,ˈflætər,флэтэр,льстить,wordnet,verb,глагол,1
fledged,fledged,flɛʤd,флэджд,оперившийся,wordnet,verb,глагол,1
fluctuation,fluctuation,ˌfləkʧuˈeɪʃən,флэкчуэйшн,колебание,wordnet,noun,существительное,1
fluidity,fluidity,fluˈɪdəti,флуидэти,текучесть,wordnet,noun,существительное,2
flushing,flushing,ˈfləʃɪŋ,флэшин,промывка,wordnet,verb,глагол,1
forefront,forefront,ˈfɔrˌfrənt,форфрнт,передний план,wordnet,noun,существительное,1
forked,forked,fɔrkt,форкт,раздвоенный,wordnet,verb,глагол,1
formalize,formalize,ˈfɔrməˌlaɪz,формлайз,формализовать,wordnet,verb,глагол,1
formalized,formalized,ˈfɔrməˌlaɪzd,формлайзд,формализованный,wordnet,verb,глагол,1
formation,formation,fɔrˈmeɪʃən,формэйшн,формирование,wordnet,noun,существительное,1
formulation,formulation,ˌfɔrmjəˈleɪʃən,формйэлэйшн,формулировка,wordnet,noun,существительное,4
fortify,fortify,ˈfɔrtɪˌfaɪ,фортифай,укреплять,wordnet,verb,глагол,1
forwarding,forwarding,ˈfɔrwərdɪŋ,форуэрдин,пересылка,wordnet,noun,существительное,2
foster,foster,ˈfɑstər,фастэр,взращивать,wordnet,noun,существительное,7
fostering,fostering,ˈfɑstərɪŋ,фастэрин,содействие,wordnet,noun,существительное,3
foundational,foundational,faʊnˈdeɪʃənəl,фаундэйшнл,основополагающий,wordnet,,,5
fragility,fragility,frəˈʤɪləti,фрэджилэти,хрупкость,wordnet,noun,существительное,1
fragmentation,fragmentation,ˌfrægmənˈteɪʃən,фрэгмнтэйшн,фрагментация,wordnet,noun,существительное,2
framingham,framingham,ˈfreɪmɪŋˌhæm,фрэйминхэм,Фремингем,wordnet,,,1
friction,friction,ˈfrɪkʃən,фрикшн,трение,wordnet,noun,существительное,1
frontier,frontier,frənˈtɪr,фрнтир,граница,wordnet,noun,существительное,1
fullest,fullest,ˈfʊləst,фулэст,самый полный,wordnet,adj,прилагательное,1
furnish,furnish,ˈfərnɪʃ,фэрниш,снабжать,wordnet,verb,глагол,1
furnishes,furnishes,ˈfərnɪʃɪz,фэрнишиз,обставляет,wordnet,verb,глагол,3
fused,fused,fjuzd,фйузд,слитый,wordnet,verb,глагол,1
fusing,fusing,fˈjuzɪŋ,фйузин,слияние,wordnet,verb,глагол,1
gadget,gadget,ˈgæʤət,гэджэт,гаджет,wordnet,noun,существительное,1
gamma,gamma,ˈgæmə,гэмэ,гамма,wordnet,noun,существительное,3
gatekeeper,gatekeeper,ˈgeɪtˌkipər,гэйткипэр,привратник,wordnet,noun,существительное,1
genuinely,genuinely,ˈʤɛnjuˌaɪnli,джэнйуайнли,искренне,wordnet,adv,наречие,1
gil,gil,gɪl,гил,Гил,wordnet,,,11
governed,governed,ˈgəvərnd,гэвэрнд,управляемый,wordnet,noun,существительное,2
grace,grace,greɪs,грэйс,милость,wordnet,noun,существительное,1
granting,granting,ˈgrænɪŋ,грэнин,предоставление,wordnet,verb,глагол,1
groundwork,groundwork,ˈgraʊndˌwərk,граундуэрк,основа,wordnet,noun,существительное,1
guaranteeing,guaranteeing,ˌgɛrənˈtiɪŋ,гэрнтиин,гарантируя,wordnet,verb,глагол,1
guarding,guarding,ˈgɑrdɪŋ,гардин,охрана,wordnet,verb,глагол,1
guiding,guiding,ˈgaɪdɪŋ,гайдин,направляющий,wordnet,verb,глагол,1
hallmark,hallmark,ˈhɑlˌmɑrk,халмарк,клеймо,wordnet,noun,существительное,3
handler,handler,ˈhændələr,хэндлэр,обработчик,wordnet,noun,существительное,29
harmful,harmful,ˈhɑrmfəl,хармфл,вредный,wordnet,adj,прилагательное,1
harmonizes,harmonizes,ˈhɑrməˌnaɪzɪz,хармнайзиз,гармонизирует,wordnet,verb,глагол,1
harmonizing,harmonizing,ˈhɑrməˌnaɪzɪŋ,хармнайзин,гармонизирующий,wordnet,verb,глагол,1
harnessed,harnessed,ˈhɑrnəst,харнэст,запряженный,wordnet,verb,глагол,3
harnessing,harnessing,ˈhɑrnəsɪŋ,харнэсин,использовать,wordnet,verb,глагол,5
hashing,hashing,ˈhæʃɪŋ,хэшин,хеширование,wordnet,verb,глагол,1
hazard,hazard,ˈhæzərd,хэзэрд,опасность,wordnet,noun,существительное,2
heap,heap,hip,хип,куча,wordnet,noun,существительное,1
heavyweight,heavyweight,ˈhɛviˌweɪt,хэвиуэйт,тяжеловес,wordnet,noun,существительное,1
heightened,heightened,ˈhaɪtənd,хайтнд,повышенный,wordnet,verb,глагол,2
heightens,heightens,ˈhaɪtənz,хайтнз,усиливает,wordnet,verb,глагол,1
heterogeneity,heterogeneity,ˌhɛtərəʤɪˈniəti,хэтэрэджиниэти,неоднородность,wordnet,noun,существительное,1
heterogeneous,heterogeneous,ˌhɛtərəˈʤinjəs,хэтэрэджинйэс,неоднородный,wordnet,adj,прилагательное,9
hinders,hinders,ˈhɪndərz,хиндэрз,мешает,wordnet,verb,глагол,1
hinge,hinge,hɪnʤ,хиндж,петля,wordnet,noun,существительное,1
hoc,hoc,hɑk,хак,специальный,wordnet,,,1
holder,holder,ˈhoʊldər,хоулдэр,держатель,wordnet,noun,существительное,1
homogeneous,homogeneous,ˌhoʊməˈʤiniəs,хоумэджиниэс,однородный,wordnet,adj,прилагательное,1
hone,hone,hoʊn,хоун,оттачивать,wordnet,noun,существительное,1
honed,honed,hoʊnd,хоунд,отточенный,wordnet,verb,глагол,1
honor,honor,ˈɑnər,анэр,честь,wordnet,noun,существительное,2
honored,honored,ˈɑnərd,анэрд,заслуженный,wordnet,verb,глагол,1
hotspot,hotspot,ˈhɑtˌspɑt,хатспат,горячая точка,wordnet,noun,существительное,2
hybrid,hybrid,ˈhaɪbrɪd,хайбрид,гибридный,wordnet,noun,существительное,13
hypothetical,hypothetical,ˌhaɪpəˈθɛtɪkəl,хайпэсэтикл,гипотетический,wordnet,noun,существительное,1
idiom,idiom,ˈɪdiəm,идим,идиома,wordnet,noun,существительное,6
illegal,illegal,ˌɪˈligəl,илигл,незаконный,wordnet,adj,прилагательное,1
illuminates,illuminates,ˌɪˈluməˌneɪts,илумнэйтс,освещает,wordnet,verb,глагол,1
illustrative,illustrative,ˌɪˈləstrətɪv,илэстрэтив,иллюстративный,wordnet,adj,прилагательное,8
impedance,impedance,ˌɪmˈpidəns,импиднс,импеданс,wordnet,noun,существительное,2
impediment,impediment,ˌɪmˈpɛdəmənt,импэдмнт,препятствие,wordnet,noun,существительное,1
impeding,impeding,ˌɪmˈpidɪŋ,импидин,препятствующий,wordnet,verb,глагол,1
imperative,imperative,ˌɪmˈpɛrətɪv,импэрэтив,императив,wordnet,noun,существительное,7
importer,importer,ˌɪmˈpɔrtər,импортэр,импортер,wordnet,noun,существительное,1
impose,impose,ˌɪmˈpoʊz,импоуз,навязывать,wordnet,verb,глагол,4
imposes,imposes,ˌɪmˈpoʊzɪz,импоузиз,навязывает,wordnet,verb,глагол,3
imposing,imposing,ˌɪmˈpoʊzɪŋ,импоузин,внушительный,wordnet,verb,глагол,1
impractical,impractical,ˌɪmˈpræktɪkəl,импрэктикл,непрактичный,wordnet,adj,прилагательное,1
inadvertent,inadvertent,ˌɪnədˈvərtənt,инэдвэртнт,непреднамеренный,wordnet,adj,прилагательное,17
incorporated,incorporated,ˌɪnˈkɔrpərˌeɪtɪd,инкорпэрэйтид,включен,wordnet,verb,глагол,4
incorporating,incorporating,ˌɪnˈkɔrpərˌeɪtɪŋ,инкорпэрэйтин,включение,wordnet,verb,глагол,17
incrementally,incrementally,ˌɪnkrəˈmɛntəˌli,инкрэмэнтли,постепенно,wordnet,,,3
incurred,incurred,ˌɪnˈkərd,инкэрд,понесенные,wordnet,verb,глагол,2
incurring,incurring,ˌɪnˈkərɪŋ,инкэрин,понесенные,wordnet,noun,существительное,6
incurs,incurs,ˌɪnˈkərz,инкэрз,берет на себя,wordnet,verb,глагол,1
indefinite,indefinite,ˌɪnˈdɛfənət,индэфнэт,неопределенный,wordnet,adj,прилагательное,1
independence,independence,ˌɪndɪˈpɛndəns,индипэнднс,независимость,wordnet,noun,существительное,1
indicative,indicative,ˌɪnˈdɪkətɪv,индикэтив,ориентировочный,wordnet,noun,существительное,1
indirect,indirect,ˌɪndərˈɛkt,индэрэкт,косвенный,wordnet,adj,прилагательное,1
indispensable,indispensable,ˌɪndɪˈspɛnsəbəl,индиспэнсэбл,незаменимый,wordnet,adj,прилагательное,31
induce,induce,ˌɪnˈdus,индус,вызывать,wordnet,verb,глагол,1
induced,induced,ˌɪnˈdust,индуст,индуцированный,wordnet,verb,глагол,1
industrial,industrial,ˌɪnˈdəstriəl,индэстрил,промышленный,wordnet,adj,прилагательное,1
inefficiency,inefficiency,ˌɪnɪˈfɪʃənsi,инифишнси,неэффективность,wordnet,noun,существительное,2
infiltrating,infiltrating,ˌɪnˈfɪlˌtreɪtɪŋ,инфилтрэйтин,проникающий,wordnet,verb,глагол,1
inflated,inflated,ˌɪnˈfleɪtɪd,инфлэйтид,надутый,wordnet,verb,глагол,1
influenced,influenced,ˈɪnfluənst,инфлунст,под влиянием,wordnet,verb,глагол,2
influencing,influencing,ˈɪnˌfluənsɪŋ,инфлунсин,влияние,wordnet,verb,глагол,1
inherently,inherently,ˌɪnˈhɛrəntli,инхэрнтли,по своей сути,wordnet,adv,наречие,15
inject,inject,ˌɪnˈʤɛkt,инджэкт,вводить,wordnet,verb,глагол,18
injected,injected,ˌɪnˈʤɛktɪd,инджэктид,впрыснутый,wordnet,verb,глагол,7
injecting,injecting,ˌɪnˈʤɛktɪŋ,инджэктин,инъекция,wordnet,verb,глагол,9
injector,injector,ˌɪnˈʤɛktər,инджэктэр,инжектор,wordnet,noun,существительное,1
injects,injects,ˌɪnˈʤɛkts,инджэктс,вводит,wordnet,verb,глагол,2
innate,innate,ˌɪˈneɪt,инэйт,врожденный,wordnet,adj,прилагательное,1
innovating,innovating,ˌɪnəˈveɪtɪŋ,инэвэйтин,инновации,wordnet,verb,глагол,1
insightful,insightful,ˈɪnˌsaɪtfəl,инсайтфл,проницательный,wordnet,adj,прилагательное,1
inspection,inspection,ˌɪnˈspɛkʃən,инспэкшн,инспекция,wordnet,noun,существительное,17
instantiates,instantiates,ˌɪnˈstænʃiˌeɪts,инстэншиэйтс,создает экземпляры,wordnet,verb,глагол,1
instructing,instructing,ˌɪnˈstrəktɪŋ,инстрэктин,инструктирование,wordnet,verb,глагол,1
instructive,instructive,ˌɪnˈstrəktɪv,инстрэктив,поучительный,wordnet,adj,прилагательное,1
instrumental,instrumental,ˌɪnstrəˈmɛnəl,инстрэмэнл,инструментальный,wordnet,adj,прилагательное,11
instrumentation,instrumentation,ˌɪnstrəˌmɛnˈteɪʃən,инстрмэнтэйшн,приборы,wordnet,noun,существительное,8
insufficient,insufficient,ˌɪnsəˈfɪʃənt,инсэфишнт,недостаточный,wordnet,adj,прилагательное,1
integrates,integrates,ˈɪnəˌgreɪts,инэгрэйтс,интегрирует,wordnet,verb,глагол,11
inter,inter,ˌɪnˈtər,интэр,Интер,wordnet,verb,глагол,17
intercepted,intercepted,ˌɪnərˈsɛptɪd,инэрсэптид,перехвачен,wordnet,verb,глагол,2
intercepting,intercepting,ˌɪnərˈsɛptɪŋ,инэрсэптин,перехват,wordnet,verb,глагол,9
interception,interception,ˌɪnərˈsɛpʃən,инэрсэпшн,перехват,wordnet,noun,существительное,4
interceptor,interceptor,ˌɪnərˈsɛptər,инэрсэптэр,перехватчик,wordnet,noun,существительное,1
interconnected,interconnected,ˌɪntərkəˈnɛktɪd,интэркэнэктид,взаимосвязаны,wordnet,verb,глагол,3
interdependent,interdependent,ˌɪntərdɪˈpɛndənt,интэрдипэнднт,взаимозависимый,wordnet,adj,прилагательное,4
interfere,interfere,ˌɪnərˈfɪr,инэрфир,вмешиваться,wordnet,verb,глагол,1
interference,interference,ˌɪnərˈfɪrəns,инэрфирнс,вмешательство,wordnet,noun,существительное,3
interject,interject,ˌɪntərˈʤɛkt,интэрджэкт,вставлять,wordnet,verb,глагол,1
interlace,interlace,ˌɪntərˈleɪs,интэрлэйс,чересстрочная развертка,wordnet,verb,глагол,1
interleaved,interleaved,ˌɪntərˈlivd,интэрливд,чередующийся,wordnet,verb,глагол,1
interleaving,interleaving,ˌɪntərˈlivɪŋ,интэрливин,чередование,wordnet,verb,глагол,2
intermediary,intermediary,ˌɪnərˈmidiɛri,инэрмидиэри,посредник,wordnet,noun,существительное,2
intermittent,intermittent,ˌɪntərˈmɪtənt,интэрмитнт,прерывистый,wordnet,adj,прилагательное,2
internment,internment,ˌɪnˈtərnmənt,интэрнмнт,интернирование,wordnet,noun,существительное,1
interplay,interplay,ˈɪntərˌpleɪ,интэрплэй,взаимодействие,wordnet,noun,существительное,27
interpretation,interpretation,ˌɪnˌtərprɪˈteɪʃən,интэрпритэйшн,интерпретация,wordnet,noun,существительное,1
interrogated,interrogated,ˌɪnˈtɛrəˌgeɪtɪd,интэрэгэйтид,допрошенный,wordnet,verb,глагол,1
intersects,intersects,ˌɪntərˈsɛkts,интэрсэктс,пересекает,wordnet,verb,глагол,1
intervene,intervene,ˌɪntərˈvin,интэрвин,вмешиваться,wordnet,verb,глагол,1
intervention,intervention,ˌɪntərˈvɛnʃən,интэрвэншн,вмешательство,wordnet,noun,существительное,3
interweave,interweave,ˌɪntərˈwiv,интэруив,переплетать,wordnet,verb,глагол,1
interwoven,interwoven,ˌɪntərˈwoʊvən,интэруоувн,переплетенный,wordnet,verb,глагол,1
intricately,intricately,ˈɪntrəkətli,интрэкэтли,запутанно,wordnet,adv,наречие,1
intrinsic,intrinsic,ˌɪnˈtrɪnsɪk,интринсик,внутренний,wordnet,adj,прилагательное,5
intrinsically,intrinsically,ˌɪnˈtrɪnsɪkəli,интринсикли,по сути,wordnet,adv,наречие,2
introspect,introspect,ˈɪntrəˌspɛkt,интрэспэкт,самоанализ,wordnet,verb,глагол,3
introspective,introspective,ˌɪntrəˈspɛktɪv,интрэспэктив,интроспективный,wordnet,adj,прилагательное,1
intrusive,intrusive,ˌɪnˈtrusɪv,интрусив,навязчивый,wordnet,adj,прилагательное,2
invalidate,invalidate,ˌɪnˈvælɪˌdeɪt,инвэлидэйт,признать недействительным,wordnet,verb,глагол,2
invalidation,invalidation,ˌɪnˌvæləˈdeɪʃən,инвэлэдэйшн,признание недействительным,wordnet,noun,существительное,6
invariable,invariable,ˌɪnˈvɛriəbəl,инвэриэбл,неизменный,wordnet,noun,существительное,1
invariably,invariably,ˌɪnˈvɛriəbli,инвэриэбли,неизменно,wordnet,adv,наречие,1
invariant,invariant,ˌɪnˈvɛriənt,инвэринт,инвариант,wordnet,noun,существительное,65
invasive,invasive,ˌɪnˈveɪsɪv,инвэйсив,инвазивный,wordnet,adj,прилагательное,1
inversion,inversion,ˌɪnˈvərʒən,инвэржн,инверсия,wordnet,noun,существительное,6
investigates,investigates,ˌɪnˈvɛstəˌgeɪts,инвэстэгэйтс,исследует,wordnet,verb,глагол,1
investigating,investigating,ˌɪnˈvɛstəˌgeɪtɪŋ,инвэстэгэйтин,расследование,wordnet,noun,существительное,1
investigation,investigation,ˌɪnˌvɛstəˈgeɪʃən,инвэстэгэйшн,расследование,wordnet,noun,существительное,1
invoked,invoked,ˌɪnˈvoʊkt,инвоукт,вызванный,wordnet,verb,глагол,22
invokes,invokes,ˌɪnˈvoʊks,инвоукс,вызывает,wordnet,verb,глагол,4
isolates,isolates,ˈaɪsəˌleɪts,айслэйтс,изолирует,wordnet,verb,глагол,3
iterative,iterative,ˈɪtərˌeɪtɪv,итэрэйтив,итеративный,wordnet,noun,существительное,8
jenkins,jenkins,ˈʤɛŋkɪnz,джэнкинз,Дженкинс,wordnet,,,1
jointly,jointly,ˈʤɔɪntli,джойнтли,совместно,wordnet,adv,наречие,1
juncture,juncture,ˈʤəŋkʧər,джэнкчэр,пересечение,wordnet,noun,существительное,2
keen,keen,kin,кин,увлеченный,wordnet,noun,существительное,1
knowledgeable,knowledgeable,ˈnɑləʤəbəl,налэджэбл,знающий,wordnet,adj,прилагательное,1
landscape,landscape,ˈlænˌskeɪp,лэнскэйп,пейзаж,wordnet,noun,существительное,3
larry,larry,ˈlɛri,лэри,Ларри,wordnet,,,1
latency,latency,ˈleɪtənsi,лэйтнси,задержка,wordnet,noun,существительное,16
lateral,lateral,ˈlætərəl,лэтэрл,боковой,wordnet,noun,существительное,1
layered,layered,leɪərd,лэйэрд,слоистый,wordnet,verb,глагол,11
layering,layering,leɪərɪŋ,лэйэрин,наслоение,wordnet,verb,глагол,2
legitimacy,legitimacy,lɪˈʤɪtəməsi,лиджитмэси,легитимность,wordnet,noun,существительное,1
lend,lend,lɛnd,лэнд,одалживать,wordnet,verb,глагол,3
lending,lending,ˈlɛndɪŋ,лэндин,кредитование,wordnet,noun,существительное,1
lever,lever,ˈlɛvər,лэвэр,рычаг,wordnet,noun,существительное,1
lexical,lexical,ˈlɛksɪkəl,лэксикл,лексический,wordnet,adj,прилагательное,1
lifespan,lifespan,ˈlaɪfˌspæn,лайфспэн,продолжительность жизни,wordnet,noun,существительное,3
lifting,lifting,ˈlɪftɪŋ,лифтин,подъем,wordnet,verb,глагол,1
likelihood,likelihood,ˈlaɪkliˌhʊd,лайклихуд,вероятность,wordnet,noun,существительное,6
lingering,lingering,ˈlɪŋgərɪŋ,лингэрин,затяжной,wordnet,noun,существительное,1
lint,lint,lɪnt,линт,ворс,wordnet,noun,существительное,2
linters,linters,ˈlɪntərz,линтэрз,линтеры,wordnet,,,2
listener,listener,ˈlɪsənər,лиснэр,слушатель,wordnet,noun,существительное,3
listens,listens,ˈlɪsənz,лиснз,слушает,wordnet,verb,глагол,2
localized,localized,ˈloʊkəˌlaɪzd,лоуклайзд,локализованный,wordnet,verb,глагол,3
locking,locking,ˈlɑkɪŋ,лакин,запирание,wordnet,noun,существительное,17
logger,logger,ˈlɑgər,лагэр,лесоруб,wordnet,noun,существительное,41
magnified,magnified,ˈmægnəˌfaɪd,мэгнэфайд,увеличенный,wordnet,verb,глагол,1
mangling,mangling,ˈmæŋgəlɪŋ,мэнглин,калечить,wordnet,verb,глагол,37
manifest,manifest,ˈmænəˌfɛst,мэнэфэст,манифестировать,wordnet,noun,существительное,5
manipulated,manipulated,məˈnɪpjəˌleɪtɪd,мэнипйлэйтид,манипулировали,wordnet,verb,глагол,1
marginal,marginal,ˈmɑrʤənəl,марджнл,маргинальный,wordnet,adj,прилагательное,2
marrying,marrying,ˈmɛriɪŋ,мэриин,женитьба,wordnet,verb,глагол,1
mask,mask,mæsk,мэск,маска,wordnet,noun,существительное,1
mastering,mastering,ˈmæstərɪŋ,мэстэрин,освоение,wordnet,noun,существительное,15
measurable,measurable,ˈmɛʒərəbəl,мэжэрэбл,измеримый,wordnet,adj,прилагательное,2
mediate,mediate,ˈmidiˌeɪt,мидиэйт,посредничать,wordnet,verb,глагол,4
mediator,mediator,ˈmidiˌeɪtər,мидиэйтэр,посредник,wordnet,noun,существительное,2
melding,melding,ˈmɛldɪŋ,мэлдин,слияние,wordnet,verb,глагол,1
membership,membership,ˈmɛmbərˌʃɪp,мэмбэршип,членство,wordnet,noun,существительное,2
meth,meth,mɛθ,мэс,мет,wordnet,noun,существительное,1
methodical,methodical,məˈθɑdɪkəl,мэсадикл,методический,wordnet,adj,прилагательное,2
methodology,methodology,ˌmɛθəˈdɑləʤi,мэсэдалэджи,методология,wordnet,noun,существительное,15
meticulous,meticulous,məˈtɪkjələs,мэтикйлэс,дотошный,wordnet,adj,прилагательное,4
meticulously,meticulously,məˈtɪkjələsli,мэтикйлэсли,тщательно,wordnet,adv,наречие,6
mid,mid,mɪd,мид,середина,wordnet,adj,прилагательное,4
minimalism,minimalism,ˈmɪnəməˌlɪzəm,минмлизм,минимализм,wordnet,noun,существительное,1
minimizing,minimizing,ˈmɪnəˌmaɪzɪŋ,минмайзин,минимизация,wordnet,verb,глагол,14
misapplied,misapplied,ˌmɪsəˈplaɪd,мисэплайд,неправильно примененный,wordnet,verb,глагол,1
misbehaving,misbehaving,ˌmɪsbəˈheɪvɪŋ,мисбэхэйвин,плохо себя ведет,wordnet,verb,глагол,1
misinterpreting,misinterpreting,mɪsɪnˈtərprətɪŋ,мисинтэрпрэтин,неправильное толкование,wordnet,verb,глагол,1
mitigated,mitigated,ˈmɪtəˌgeɪtɪd,митэгэйтид,смягченный,wordnet,verb,глагол,2
mitigates,mitigates,ˈmɪtəˌgeɪts,митэгэйтс,смягчает,wordnet,verb,глагол,7
mitigating,mitigating,ˈmɪtəˌgeɪtɪŋ,митэгэйтин,смягчающий,wordnet,verb,глагол,7
mocked,mocked,mɑkt,макт,высмеивали,wordnet,verb,глагол,3
mocking,mocking,ˈmɑkɪŋ,макин,насмешливый,wordnet,verb,глагол,17
modernize,modernize,ˈmɑdərˌnaɪz,мадэрнайз,модернизировать,wordnet,verb,глагол,1
modernized,modernized,ˈmɑdərˌnaɪzd,мадэрнайзд,модернизированный,wordnet,verb,глагол,1
modernizing,modernizing,ˈmɑdərˌnaɪzɪŋ,мадэрнайзин,модернизация,wordnet,verb,глагол,1
monad,monad,ˈmoʊnæd,моунэд,монада,wordnet,noun,существительное,3
monitored,monitored,ˈmɑnətərd,манэтэрд,контролируемый,wordnet,verb,глагол,1
monkey,monkey,ˈməŋki,мэнки,обезьяна,wordnet,noun,существительное,1
moreover,moreover,mɔˈroʊvər,мороувэр,более того,wordnet,adv,наречие,22
mortem,mortem,ˈmɔrtəm,мортм,вскрытие,wordnet,,,2
multi,multi,ˈməlti,млти,мульти,wordnet,,,23
multifaceted,multifaceted,ˌməltiˈfæsətɪd,млтифэсэтид,многогранный,wordnet,adj,прилагательное,4
multilayered,multilayered,ˌməltiˈleɪərd,млтилэйэрд,многослойный,wordnet,,,1
multiplier,multiplier,ˈməltəˌplaɪər,млтэплайэр,множитель,wordnet,noun,существительное,8
mutating,mutating,mˈjuteɪtɪŋ,мйутэйтин,мутирующий,wordnet,verb,глагол,3
mutation,mutation,mjuˈteɪʃən,мйутэйшн,мутация,wordnet,noun,существительное,14
mutual,mutual,mˈjuʧuəl,мйучул,взаимный,wordnet,adj,прилагательное,1
necessitate,necessitate,nəˈsɛsəˌteɪt,нэсэсэтэйт,требуют,wordnet,verb,глагол,7
necessitates,necessitates,nəˈsɛsəˌteɪts,нэсэсэтэйтс,требует,wordnet,verb,глагол,13
necessity,necessity,nəˈsɛsɪti,нэсэсити,необходимость,wordnet,noun,существительное,8
negativity,negativity,ˌnɛgəˈtɪvəti,нэгэтивэти,негативность,wordnet,noun,существительное,1
negotiable,negotiable,nəˈgoʊʃəbəl,нэгоушэбл,оборотный,wordnet,adj,прилагательное,1
neo,neo,ˈnioʊ,ниоу,нео,wordnet,adj,прилагательное,3
networked,networked,ˈnɛtˌwərkt,нэтуэркт,сетевой,wordnet,verb,глагол,1
nevertheless,nevertheless,ˌnɛvərðəˈlɛs,нэвэрзэлэс,тем не менее,wordnet,adv,наречие,2
nightly,nightly,ˈnaɪtli,найтли,каждую ночь,wordnet,adj,прилагательное,1
noncommercial,noncommercial,ˈnɑnkəˈmərʃəl,нанкэмэршл,некоммерческий,wordnet,adj,прилагательное,1
noteworthy,noteworthy,ˈnoʊtˌwərði,ноутуэрзи,заслуживающий внимания,wordnet,adj,прилагательное,3
notified,notified,ˈnoʊtəˌfaɪd,ноутэфайд,уведомлен,wordnet,verb,глагол,1
notifies,notifies,ˈnoʊtəˌfaɪz,ноутэфайз,уведомляет,wordnet,verb,глагол,3
nuanced,nuanced,nuɑnst,нуанст,нюансированный,wordnet,,,10
nucleus,nucleus,ˈnukliəs,нуклиэс,ядро,wordnet,noun,существительное,1
obfuscate,obfuscate,ˈɑbfəˌskeɪt,абфэскэйт,запутывать,wordnet,verb,глагол,2
obligated,obligated,ˈɑbləˌgeɪtɪd,аблэгэйтид,обязан,wordnet,verb,глагол,1
obligation,obligation,ˌɑbləˈgeɪʃən,аблэгэйшн,обязательство,wordnet,noun,существительное,2
obscured,obscured,əbˈskjʊrd,эбскюрд,скрытый,wordnet,verb,глагол,2
observable,observable,əbˈzərvəbəl,эбзэрвэбл,наблюдаемый,wordnet,adj,прилагательное,8
observables,observables,əbˈzərvəbəlz,эбзэрвэблз,наблюдаемые,wordnet,,,2
observed,observed,əbˈzərvd,эбзэрвд,наблюдал,wordnet,verb,глагол,1
observer,observer,əbˈzərvər,эбзэрвэр,наблюдатель,wordnet,noun,существительное,120
observes,observes,əbˈzərvz,эбзэрвз,наблюдает,wordnet,verb,глагол,1
obsolete,obsolete,ˌɑbsəˈlit,абсэлит,устаревший,wordnet,adj,прилагательное,1
obviates,obviates,ˈɑbviˌeɪts,абвиэйтс,устраняет,wordnet,verb,глагол,2
obviating,obviating,ˈɑbviˌeɪtɪŋ,абвиэйтин,избежание,wordnet,verb,глагол,2
omits,omits,oʊˈmɪts,оумитс,опускает,wordnet,verb,глагол,1
onus,onus,ˈoʊnəs,оунэс,бремя,wordnet,noun,существительное,1
openness,openness,ˈoʊpənəs,оупнэс,открытость,wordnet,noun,существительное,8
operative,operative,ˈɑpərətɪv,апэрэтив,оперативный,wordnet,noun,существительное,1
optimistic,optimistic,ˌɑptɪˈmɪstɪk,аптимистик,оптимистичный,wordnet,adj,прилагательное,7
orchestrate,orchestrate,ˈɔrkɪˌstreɪt,оркистрэйт,оркестровать,wordnet,verb,глагол,3
orchestrated,orchestrated,ˈɔrkɪˌstreɪtɪd,оркистрэйтид,организованный,wordnet,verb,глагол,1
orchestrating,orchestrating,ˈɔrkɪˌstreɪtɪŋ,оркистрэйтин,оркестровка,wordnet,verb,глагол,5
orchestration,orchestration,ˌɔrkəˈstreɪʃən,оркэстрэйшн,оркестровка,wordnet,noun,существительное,17
ordinarily,ordinarily,ˌɔrdəˈnɛrəli,ордэнэрли,обычно,wordnet,adv,наречие,1
organizational,organizational,ˌɔrgənəˈzeɪʃənəl,оргнэзэйшнл,организационный,wordnet,adj,прилагательное,1
orthogonal,orthogonal,ɔrˈθɔgənəl,орсогнл,ортогональный,wordnet,adj,прилагательное,3
outage,outage,ˈaʊtɪʤ,аутидж,отключение,wordnet,noun,существительное,1
outward,outward,ˈaʊtwərd,аутуэрд,наружу,wordnet,adj,прилагательное,1
outweighs,outweighs,ˈaʊtˌweɪz,аутуэйз,перевешивает,wordnet,verb,глагол,1
overcoming,overcoming,ˈoʊvərˌkəmɪŋ,оувэркмин,преодоление,wordnet,verb,глагол,1
overload,overload,ˈoʊvərˌloʊd,оувэрлоуд,перегрузка,wordnet,noun,существительное,2
overloaded,overloaded,ˈoʊvərˌloʊdɪd,оувэрлоудид,перегружен,wordnet,verb,глагол,5
overloading,overloading,ˈoʊvərˌloʊdɪŋ,оувэрлоудин,перегрузка,wordnet,verb,глагол,28
overlook,overlook,ˈoʊvərˌlʊk,оувэрлук,игнорировать,wordnet,noun,существительное,2
overreliance,overreliance,ˈoʊvərrɪˌlaɪəns,оувэррилайнс,чрезмерная уверенность,wordnet,,,1
overridden,overridden,ˈoʊvərˈrɪdən,оувэрридн,переопределен,wordnet,verb,глагол,27
overused,overused,ˌoʊvərˈjuzd,оувэрйузд,злоупотребление,wordnet,verb,глагол,3
overzealous,overzealous,ˌoʊvərˈzɛləs,оувэрзэлэс,чрезмерно усердный,wordnet,adj,прилагательное,2
paired,paired,pɛrd,пэрд,парный,wordnet,verb,глагол,2
parallelism,parallelism,ˈpɛrəˌlɛˌlɪzəm,пэрлэлизм,параллелизм,wordnet,noun,существительное,7
paralyzed,paralyzed,ˈpɛrəˌlaɪzd,пэрлайзд,парализованный,wordnet,verb,глагол,1
participate,participate,pɑrˈtɪsəˌpeɪt,партисэпэйт,участвовать,wordnet,verb,глагол,4
pass,pas,pɑz,паз,пас,wordnet,noun,существительное,2
passive,passive,ˈpæsɪv,пэсив,пассивный,wordnet,noun,существительное,2
patching,patching,ˈpæʧɪŋ,пэчин,исправление,wordnet,noun,существительное,6
pathway,pathway,ˈpæθˌweɪ,пэсуэй,путь,wordnet,noun,существительное,2
payment,payment,ˈpeɪmənt,пэймнт,оплата,wordnet,noun,существительное,10
penalty,penalty,ˈpɛnəlti,пэнлти,штраф,wordnet,noun,существительное,3
pending,pending,ˈpɛndɪŋ,пэндин,в ожидании,wordnet,adj,прилагательное,5
peripheral,peripheral,pərˈɪfərəl,пэрифэрл,периферийный,wordnet,noun,существительное,1
permit,permit,ˈpərˌmɪt,пэрмит,разрешать,wordnet,noun,существительное,24
permitted,permitted,pərˈmɪtɪd,пэрмитид,разрешено,wordnet,verb,глагол,3
permitting,permitting,pərˈmɪtɪŋ,пэрмитин,разрешающий,wordnet,verb,глагол,3
perpetually,perpetually,pərˈpɛʧuəli,пэрпэчули,постоянно,wordnet,adv,наречие,1
persisted,persisted,pərˈsɪstɪd,пэрсистид,упорствовал,wordnet,verb,глагол,3
persistently,persistently,pərˈsɪstəntli,пэрсистнтли,настойчиво,wordnet,adv,наречие,1
persists,persists,pərˈsɪsts,пэрсистс,сохраняется,wordnet,verb,глагол,1
pertaining,pertaining,pərˈteɪnɪŋ,пэртэйнин,относящийся,wordnet,verb,глагол,1
pertains,pertains,pərˈteɪnz,пэртэйнз,относится,wordnet,verb,глагол,1
pessimistic,pessimistic,ˌpɛsəˈmɪstɪk,пэсэмистик,пессимистичный,wordnet,adj,прилагательное,3
petri,petri,ˈpɛtri,пэтри,Петри,wordnet,,,1
pinpointing,pinpointing,ˈpɪnˌpɔɪntɪŋ,пинпойнтин,точное определение,wordnet,verb,глагол,1
pivotal,pivotal,ˈpɪvətəl,пивэтл,решающий,wordnet,adj,прилагательное,14
polar,polar,ˈpoʊlər,поулэр,полярный,wordnet,adj,прилагательное,8
polish,polish,ˈpɑlɪʃ,палиш,полировать,wordnet,noun,существительное,1
polluting,polluting,pəˈlutɪŋ,пэлутин,загрязняющий,wordnet,verb,глагол,2
polymorphic,polymorphic,ˌpɑˌliˈmɔrfɪk,палиморфик,полиморфный,wordnet,adj,прилагательное,29
polymorphism,polymorphism,ˌpɑˌliˈmɔrfɪzm,палиморфизм,полиморфизм,wordnet,noun,существительное,28
pool,pool,pul,пул,бассейн,wordnet,noun,существительное,69
pooled,pooled,puld,пулд,объединенный,wordnet,verb,глагол,1
pooling,pooling,ˈpulɪŋ,пулин,объединение,wordnet,verb,глагол,6
portfolio,portfolio,pɔrtˈfoʊliˌoʊ,портфоулиоу,портфель,wordnet,noun,существительное,2
pose,pose,poʊz,поуз,поза,wordnet,noun,существительное,2
postmortem,postmortem,poʊstˈmɔrtɛm,поустмортэм,посмертный,wordnet,noun,существительное,1
postpones,postpones,poʊstˈpoʊnz,поустпоунз,откладывает,wordnet,verb,глагол,1
potency,potency,ˈpoʊtənsi,поутнси,потенция,wordnet,noun,существительное,1
potent,potent,ˈpoʊtənt,поутнт,мощный,wordnet,adj,прилагательное,2
practicality,practicality,ˌpræktɪˈkæləti,прэктикэлэти,практичность,wordnet,noun,существительное,1
precludes,precludes,prɪˈkludz,приклудз,исключает,wordnet,verb,глагол,1
precondition,precondition,ˌprikənˈdɪʃən,прикндишн,предварительное условие,wordnet,noun,существительное,4
predicated,predicated,ˈprɛdəˌkeɪtɪd,прэдэкэйтид,предикат,wordnet,verb,глагол,2
preempt,preempt,priɛmpt,приэмпт,упреждать,wordnet,noun,существительное,2
preemptive,preemptive,priˈɛmptɪv,приэмптив,упреждающий,wordnet,adj,прилагательное,1
preferring,preferring,prɪˈfərɪŋ,прифэрин,предпочитая,wordnet,verb,глагол,2
preliminary,preliminary,prɪˈlɪməˌnɛri,прилимнэри,предварительный,wordnet,noun,существительное,1
prematurely,prematurely,ˌpriməˈʧʊrli,примэчурли,преждевременно,wordnet,adv,наречие,1
premium,premium,ˈprimiəm,примим,премия,wordnet,noun,существительное,1
prescription,prescription,prəˈskrɪpʃən,прэскрипшн,рецепт,wordnet,noun,существительное,1
preservation,preservation,ˌprɛzərˈveɪʃən,прэзэрвэйшн,сохранение,wordnet,noun,существительное,3
prevented,prevented,prɪˈvɛnɪd,привэнид,предотвращено,wordnet,verb,глагол,1
prime,prime,praɪm,прайм,основной,wordnet,noun,существительное,1
primitive,primitive,ˈprɪmɪtɪv,примитив,примитивный,wordnet,noun,существительное,14
principally,principally,ˈprɪnsɪpli,принсипли,главным образом,wordnet,adv,наречие,1
prioritize,prioritize,praɪˈɔrəˌtaɪz,прайорэтайз,расставить приоритеты,wordnet,verb,глагол,1
prioritized,prioritized,praɪˈɔrəˌtaɪzd,прайорэтайзд,приоритетный,wordnet,verb,глагол,1
proactive,proactive,ˌproʊˈæktɪv,проуэктив,активный,wordnet,adj,прилагательное,3
probe,probe,proʊb,проуб,зонд,wordnet,noun,существительное,1
proceeding,proceeding,prəˈsidɪŋ,прэсидин,разбирательство,wordnet,noun,существительное,1
proliferate,proliferate,proʊˈlɪfərˌeɪt,проулифэрэйт,размножаться,wordnet,verb,глагол,1
prolong,prolong,prəˈlɔŋ,прэлон,продлить,wordnet,verb,глагол,1
prolonged,prolonged,prəˈlɔŋd,прэлонд,продолжительный,wordnet,verb,глагол,1
prominent,prominent,ˈprɑmənənt,прамннт,видный,wordnet,adj,прилагательное,1
promotes,promotes,prəˈmoʊts,прэмоутс,продвигает,wordnet,verb,глагол,14
prop,prop,prɑp,прап,опора,wordnet,noun,существительное,4
propagated,propagated,ˈprɑpəˌgeɪtɪd,прапэгэйтид,распространяемый,wordnet,verb,глагол,2
propagating,propagating,ˈprɑpəˌgeɪtɪŋ,прапэгэйтин,размножение,wordnet,verb,глагол,1
propagation,propagation,ˌprɑpəˈgeɪʃən,прапэгэйшн,распространение,wordnet,noun,существительное,15
proxy,proxy,ˈprɑksi,пракси,прокси,wordnet,noun,существительное,29
prudence,prudence,ˈprudəns,пруднс,благоразумие,wordnet,noun,существительное,1
prudent,prudent,ˈprudənt,пруднт,благоразумный,wordnet,adj,прилагательное,4
purely,purely,ˈpjʊrli,пюрли,чисто,wordnet,adv,наречие,3
purging,purging,ˈpərʤɪŋ,пэрджин,очистка,wordnet,noun,существительное,1
purity,purity,ˈpjʊrɪti,пюрити,чистота,wordnet,noun,существительное,7
quant,quant,kwænt,куэнт,количественный,wordnet,,,1
quantify,quantify,kˈwɑntɪˌfaɪ,куантифай,количественно оценить,wordnet,verb,глагол,1
quantitative,quantitative,kˈwɑntɪˌteɪtɪv,куантитэйтив,количественный,wordnet,adj,прилагательное,1
queuing,queuing,kjuɪŋ,кйуин,очередь,wordnet,verb,глагол,3
quintessential,quintessential,kˌwɪntɪˈsɛnʃəl,куинтисэншл,наиболее существенный,wordnet,adj,прилагательное,1
rational,rational,ˈræʃənəl,рэшнл,рациональный,wordnet,noun,существительное,14
reaction,reaction,riˈækʃən,риэкшн,реакция,wordnet,noun,существительное,1
reactive,reactive,riˈæktɪv,риэктив,реактивный,wordnet,adj,прилагательное,12
readiness,readiness,ˈrɛdinəs,рэдинэс,готовность,wordnet,noun,существительное,1
realm,realm,rɛlm,рэлм,область,wordnet,noun,существительное,4
reasoned,reasoned,ˈrizənd,ризнд,аргументированный,wordnet,verb,глагол,1
reattach,reattach,ˈriəˈtæʧ,риэтэч,повторно присоединить,wordnet,,,1
recalculate,recalculate,riˈkælkjəˌleɪt,рикэлкйлэйт,пересчитать,wordnet,verb,глагол,1
recalculated,recalculated,riˈkælkjəˌleɪtɪd,рикэлкйлэйтид,пересчитан,wordnet,verb,глагол,1
recalculation,recalculation,riˌkælkjəˈleɪʃən,рикэлкйэлэйшн,перерасчет,wordnet,noun,существительное,2
reclaimed,reclaimed,riˈkleɪmd,риклэймд,восстановленный,wordnet,verb,глагол,1
recognizable,recognizable,ˌrɛkəgˈnaɪzəbəl,рэкэгнайзэбл,узнаваемый,wordnet,adj,прилагательное,1
reconcile,reconcile,ˈrɛkənˌsaɪl,рэкнсайл,примирить,wordnet,verb,глагол,5
reconciled,reconciled,ˈrɛkənˌsaɪld,рэкнсайлд,примирился,wordnet,verb,глагол,2
reconciles,reconciles,ˈrɛkənˌsaɪlz,рэкнсайлз,примиряет,wordnet,verb,глагол,1
reconciliation,reconciliation,ˌrɛkənˌsɪliˈeɪʃən,рэкнсилиэйшн,примирение,wordnet,noun,существительное,1
reconciling,reconciling,ˈrɛkənˌsaɪlɪŋ,рэкнсайлин,примирение,wordnet,verb,глагол,3
reconfiguration,reconfiguration,rikənˌfɪgjərˈeɪʃən,рикнфигйэрэйшн,реконфигурация,wordnet,,,2
reconfigure,reconfigure,ˌrikənˈfɪgjər,рикнфигйэр,переконфигурировать,wordnet,,,1
reconfigured,reconfigured,ˌrikənˈfɪgjərd,рикнфигйэрд,переконфигурирован,wordnet,,,1
reconstituted,reconstituted,riˈkɑnstəˌtutɪd,риканстэтутид,восстановленный,wordnet,verb,глагол,2
reconstruct,reconstruct,ˌrikənˈstrəkt,рикнстрэкт,реконструировать,wordnet,verb,глагол,2
reconstruction,reconstruction,ˌrikənˈstrəkʃən,рикнстрэкшн,реконструкция,wordnet,noun,существительное,1
recurrent,recurrent,rɪˈkərənt,рикэрнт,повторяющийся,wordnet,adj,прилагательное,1
recurring,recurring,rɪˈkərɪŋ,рикэрин,повторяющийся,wordnet,verb,глагол,3
redacted,redacted,rɪˈdæktɪd,ридэктид,отредактировано,wordnet,verb,глагол,1
redefined,redefined,ridɪˈfaɪnd,ридифайнд,переопределено,wordnet,verb,глагол,1
redefining,redefining,ridɪˈfaɪnɪŋ,ридифайнин,переопределение,wordnet,verb,глагол,2
redefinition,redefinition,riˌdɛfəˈnɪʃən,ридэфэнишн,переопределение,wordnet,noun,существительное,2
redesigning,redesigning,ˌridɪˈzaɪnɪŋ,ридизайнин,редизайн,wordnet,verb,глагол,1
redo,redo,riˈdu,риду,переделывать,wordnet,verb,глагол,1
redundancy,redundancy,rɪˈdəndənsi,риднднси,избыточность,wordnet,noun,существительное,7
referencing,referencing,ˈrɛfərənsɪŋ,рэфэрнсин,ссылки,wordnet,verb,глагол,1
refines,refines,rɪˈfaɪnz,рифайнз,уточняет,wordnet,verb,глагол,5
reflection,reflection,rɪˈflɛkʃən,рифлэкшн,отражение,wordnet,noun,существительное,10
reflective,reflective,rɪˈflɛktɪv,рифлэктив,отражающий,wordnet,adj,прилагательное,3
refreshes,refreshes,rɪˈfrɛʃɪz,рифрэшиз,освежает,wordnet,verb,глагол,1
regenerate,regenerate,riˈʤɛnərˌeɪt,риджэнэрэйт,регенерировать,wordnet,verb,глагол,1
regenerating,regenerating,riˈʤɛnərˌeɪtɪŋ,риджэнэрэйтин,регенерирующий,wordnet,verb,глагол,1
regeneration,regeneration,riˈʤɛnərˈeɪʃən,риджэнэрэйшн,регенерация,wordnet,noun,существительное,1
regime,regime,rəˈʒim,рэжим,режим,wordnet,noun,существительное,1
registry,registry,ˈrɛʤɪstri,рэджистри,реестр,wordnet,noun,существительное,37
regulate,regulate,ˈrɛgjəˌleɪt,рэгйлэйт,регулировать,wordnet,verb,глагол,1
regulatory,regulatory,ˈrɛgjələˌtɔri,рэгйлэтори,нормативный,wordnet,adj,прилагательное,1
reinforce,reinforce,ˌriɪnˈfɔrs,риинфорс,усиливать,wordnet,verb,глагол,2
reinforcement,reinforcement,ˌriɪnˈfɔrsmənt,риинфорсмнт,армирование,wordnet,noun,существительное,1
reinforces,reinforces,ˌriɪnˈfɔrsɪz,риинфорсиз,усиливает,wordnet,verb,глагол,9
reinforcing,reinforcing,ˌriɪnˈfɔrsɪŋ,риинфорсин,усиление,wordnet,verb,глагол,3
relaying,relaying,ˈriˌleɪɪŋ,рилэйин,ретрансляция,wordnet,verb,глагол,1
relinquish,relinquish,rɪˈlɪŋkwɪʃ,рилинкуиш,отказаться,wordnet,verb,глагол,1
remediation,remediation,rɪˌmidiˈeɪʃən,римидиэйшн,исправление,wordnet,noun,существительное,1
remotely,remotely,riˈmoʊtli,римоутли,удаленно,wordnet,adv,наречие,1
removal,removal,rɪˈmuvəl,римувл,удаление,wordnet,noun,существительное,2
replay,replay,riˈpleɪ,риплэй,переиграть,wordnet,noun,существительное,5
requester,requester,rɪkˈwɛstər,рикуэстэр,запрашивающий,wordnet,noun,существительное,1
rescheduling,rescheduling,riˈskɛʤulɪŋ,рискэджулин,перенос сроков,wordnet,verb,глагол,1
residual,residual,rɪˈzɪʤuəl,ризиджул,остаток,wordnet,noun,существительное,1
resilience,resilience,rɪˈzɪljəns,ризилйнс,устойчивость,wordnet,noun,существительное,6
resist,resist,rɪˈzɪst,ризист,сопротивляться,wordnet,verb,глагол,1
resolved,resolved,riˈzɑlvd,ризалвд,решено,wordnet,verb,глагол,4
responsiveness,responsiveness,rɪˈspɑnsɪvnəs,риспансивнэс,отзывчивость,wordnet,noun,существительное,14
restful,restful,ˈrɛstfəl,рэстфл,успокаивающий,wordnet,adj,прилагательное,1
restricts,restricts,riˈstrɪkts,ристриктс,ограничивает,wordnet,verb,глагол,1
restructure,restructure,riˈstrəkʧər,ристрэкчэр,реструктуризация,wordnet,verb,глагол,1
restructuring,restructuring,riˈstrəkʧərɪŋ,ристрэкчэрин,реструктуризация,wordnet,verb,глагол,2
resultant,resultant,riˈzəltənt,ризлтнт,результирующий,wordnet,noun,существительное,2
retaining,retaining,rɪˈteɪnɪŋ,ритэйнин,сохранение,wordnet,verb,глагол,5
retention,retention,riˈtɛnʃən,ритэншн,удержание,wordnet,noun,существительное,1
retried,retried,riˈtraɪd,ритрайд,повторная попытка,wordnet,verb,глагол,2
revealing,revealing,rɪˈvilɪŋ,ривилин,раскрывающий,wordnet,noun,существительное,2
reversal,reversal,rɪˈvərsəl,ривэрсл,разворот,wordnet,noun,существительное,1
rigidity,rigidity,rɪˈʤɪdəti,риджидэти,жесткость,wordnet,noun,существительное,3
rigor,rigor,ˈrɪgər,ригэр,строгость,wordnet,noun,существительное,2
rigorous,rigorous,ˈrɪgərəs,ригэрэс,строгий,wordnet,adj,прилагательное,35
rigorously,rigorously,ˈrɪgərəsli,ригэрэсли,строго,wordnet,adv,наречие,10
ripple,ripple,ˈrɪpəl,рипл,пульсация,wordnet,noun,существительное,1
robustly,robustly,ˌroʊˈbəstli,роубэстли,сильно,wordnet,adv,наречие,1
rooted,rooted,ˈrutɪd,рутид,укорененный,wordnet,verb,глагол,1
routinely,routinely,ruˈtinli,рутинли,регулярно,wordnet,adv,наречие,1
rudimentary,rudimentary,ˌrudəˈmɛntəri,рудэмэнтэри,элементарный,wordnet,adj,прилагательное,3
runner,runner,ˈrənər,рнэр,бегун,wordnet,noun,существительное,2
sacrificing,sacrificing,ˈsækrəˌfaɪsɪŋ,сэкрэфайсин,жертвование,wordnet,verb,глагол,7
safeguarded,safeguarded,ˈseɪfˌgɑrdɪd,сэйфгардид,охраняемый,wordnet,verb,глагол,1
salient,salient,ˈseɪljənt,сэйлйнт,заметный,wordnet,noun,существительное,1
sanctioned,sanctioned,ˈsæŋkʃənd,сэнкшнд,санкционированный,wordnet,verb,глагол,1
sanitation,sanitation,ˌsænɪˈteɪʃən,сэнитэйшн,санитария,wordnet,noun,существительное,1
scaffold,scaffold,ˈskæfəld,скэфлд,строительные леса,wordnet,noun,существительное,1
scrutinized,scrutinized,ˈskrutəˌnaɪzd,скрутнайзд,тщательно изученный,wordnet,verb,глагол,2
scrutinizing,scrutinizing,ˈskrutəˌnaɪzɪŋ,скрутнайзин,тщательное изучение,wordnet,verb,глагол,2
scrutiny,scrutiny,ˈskrutəni,скрутни,исследование,wordnet,noun,существительное,2
seamless,seamless,ˈsimləs,симлэс,бесшовный,wordnet,adj,прилагательное,9
seasonal,seasonal,ˈsizənəl,сизнл,сезонный,wordnet,noun,существительное,2
secures,secures,sɪˈkjʊrz,сикюрз,обеспечивает,wordnet,verb,глагол,1
seeding,seeding,ˈsidɪŋ,сидин,посев,wordnet,verb,глагол,2
segregate,segregate,ˈsɛgrəˌgeɪt,сэгрэгэйт,отделять,wordnet,noun,существительное,1
segregated,segregated,ˈsɛgrəˌgeɪtɪd,сэгрэгэйтид,изолированный,wordnet,verb,глагол,1
segregating,segregating,ˈsɛgrɪˌgeɪtɪŋ,сэгригэйтин,разделение,wordnet,verb,глагол,2
segregation,segregation,ˌsɛgrəˈgeɪʃən,сэгрэгэйшн,сегрегация,wordnet,noun,существительное,3
sel,sel,sɛl,сэл,сель,wordnet,,,1
selective,selective,səˈlɛktɪv,сэлэктив,избирательный,wordnet,adj,прилагательное,6
sema,sema,ˈsimə,симэ,сема,wordnet,,,1
semantic,semantic,sɪˈmæntɪk,симэнтик,смысловой,wordnet,adj,прилагательное,3
sensor,sensor,ˈsɛnsər,сэнсэр,датчик,wordnet,noun,существительное,3
sentinel,sentinel,ˈsɛntənəl,сэнтнл,дозорный,wordnet,noun,существительное,1
sentry,sentry,ˈsɛntri,сэнтри,часовой,wordnet,noun,существительное,1
shadowed,shadowed,ˈʃædoʊd,шэдоуд,затененный,wordnet,verb,глагол,1
shadowing,shadowing,ˈʃædoʊɪŋ,шэдоуин,слежка,wordnet,noun,существительное,1
shielded,shielded,ˈʃildɪd,шилдид,экранированный,wordnet,verb,глагол,1
shifting,shifting,ˈʃɪftɪŋ,шифтин,смещение,wordnet,noun,существительное,2
shutdown,shutdown,ˈʃətˌdaʊn,шэтдаун,неисправность,wordnet,noun,существительное,10
shutting,shutting,ˈʃətɪŋ,шэтин,закрытие,wordnet,noun,существительное,1
sidestep,sidestep,ˈsaɪdˌstɛp,сайдстэп,обходить стороной,wordnet,noun,существительное,3
sig,sig,sɪg,сиг,подписать,wordnet,,,9
simplistic,simplistic,sɪmˈplɪstɪk,симплистик,упрощенный,wordnet,adj,прилагательное,1
singleton,singleton,ˈsɪŋgəltən,синглтн,синглтон,wordnet,noun,существительное,23
sizing,sizing,ˈsaɪzɪŋ,сайзин,калибровка,wordnet,noun,существительное,1
skeletal,skeletal,ˈskɛlətəl,скэлэтл,скелетный,wordnet,adj,прилагательное,2
slim,slim,slɪm,слим,стройный,wordnet,verb,глагол,1
soundness,soundness,ˈsaʊndnəs,саунднэс,надежность,wordnet,noun,существительное,1
spawning,spawning,ˈspɔnɪŋ,спонин,нерест,wordnet,verb,глагол,2
spew,spew,spju,спйу,извергать,wordnet,verb,глагол,1
spy,spy,spaɪ,спай,шпион,wordnet,noun,существительное,2
stability,stability,stəˈbɪlɪti,стэбилити,стабильность,wordnet,noun,существительное,6
stabilize,stabilize,ˈsteɪbəˌlaɪz,стэйблайз,стабилизировать,wordnet,verb,глагол,1
stacking,stacking,ˈstækɪŋ,стэкин,штабелирование,wordnet,verb,глагол,1
staging,staging,ˈsteɪʤɪŋ,стэйджин,постановка,wordnet,noun,существительное,1
stake,stake,steɪk,стэйк,ставка,wordnet,noun,существительное,1
stale,stale,steɪl,стэйл,несвежий,wordnet,verb,глагол,5
standardization,standardization,stændərdɪˈzeɪʃən,стэндэрдизэйшн,стандартизация,wordnet,noun,существительное,1
standpoint,standpoint,ˈstændˌpɔɪnt,стэндпойнт,точка зрения,wordnet,noun,существительное,2
starvation,starvation,stɑrˈveɪʃən,старвэйшн,голодание,wordnet,noun,существительное,1
stateless,stateless,ˈsteɪtlɪs,стэйтлис,лицо без гражданства,wordnet,adj,прилагательное,29
stealing,stealing,ˈstilɪŋ,стилин,воровство,wordnet,noun,существительное,1
straddle,straddle,ˈstrædəl,стрэдл,оседлать,wordnet,noun,существительное,1
strategic,strategic,strəˈtiʤɪk,стрэтиджик,стратегический,wordnet,adj,прилагательное,11
strategically,strategically,strəˈtiʤɪkli,стрэтиджикли,стратегически,wordnet,adv,наречие,4
streamed,streamed,strimd,стримд,транслировался,wordnet,verb,глагол,1
streamline,streamline,ˈstrimˌlaɪn,стримлайн,оптимизировать,wordnet,verb,глагол,3
strengthens,strengthens,ˈstrɛŋθənz,стрэнснз,укрепляет,wordnet,verb,глагол,1
stressed,stressed,strɛst,стрэст,подчеркнутый,wordnet,verb,глагол,1
stringent,stringent,ˈstrɪnʤənt,стринджнт,строгий,wordnet,adj,прилагательное,5
stringfield,stringfield,ˈstrɪŋˌfild,стринфилд,строковое поле,wordnet,,,9
stub,stub,stəb,стэб,заглушка,wordnet,noun,существительное,11
subjected,subjected,səˈbʤɛktɪd,сэбджэктид,подвергнутый,wordnet,verb,глагол,1
subsequently,subsequently,ˈsəbsəkwəntli,сэбсэкунтли,впоследствии,wordnet,adv,наречие,4
substantially,substantially,səbˈstænʃəli,сэбстэншли,существенно,wordnet,adv,наречие,3
substantive,substantive,ˈsəbstəntɪv,сэбстнтив,существенный,wordnet,noun,существительное,1
substituted,substituted,ˈsəbstəˌtutəd,сэбстэтутэд,замененный,wordnet,verb,глагол,2
subvert,subvert,səbˈvərt,сэбвэрт,ниспровергать,wordnet,verb,глагол,1
sufficient,sufficient,səˈfɪʃənt,сэфишнт,достаточный,wordnet,adj,прилагательное,2
sufficiently,sufficiently,səˈfɪʃəntli,сэфишнтли,достаточно,wordnet,adv,наречие,1
sugar,sugar,ˈʃʊgər,шугэр,сахар,wordnet,noun,существительное,3
suite,suite,swit,суит,люкс,wordnet,noun,существительное,31
supplemental,supplemental,ˌsəpləˈmɛntəl,сэплэмэнтл,дополнительный,wordnet,adj,прилагательное,2
suppose,suppose,səˈpoʊz,сэпоуз,предполагать,wordnet,verb,глагол,3
supposedly,supposedly,səˈpoʊzədli,сэпоузэдли,предположительно,wordnet,adv,наречие,1
surrogate,surrogate,ˈsərəˌgeɪt,сэрэгэйт,суррогатная мать,wordnet,noun,существительное,2
susceptibility,susceptibility,səˌsɛptəˈbɪləti,сэсэптэбилэти,восприимчивость,wordnet,noun,существительное,1
suspected,suspected,səˈspɛktɪd,сэспэктид,подозреваемый,wordnet,verb,глагол,1
symbiotic,symbiotic,ˌsɪmbiˈɑtɪk,симбиатик,симбиотический,wordnet,adj,прилагательное,1
symbolic,symbolic,sɪmˈbɑlɪk,симбалик,символический,wordnet,adj,прилагательное,1
synchronization,synchronization,ˌsɪŋkrənəˈzeɪʃən,синкрнэзэйшн,синхронизация,wordnet,noun,существительное,53
synchronize,synchronize,ˈsɪŋkrəˌnaɪz,синкрнайз,синхронизировать,wordnet,verb,глагол,1
synchronized,synchronized,ˈsɪŋkrəˌnaɪzd,синкрнайзд,синхронизированный,wordnet,verb,глагол,7
synchronizes,synchronizes,ˈsɪŋkrəˌnaɪzɪz,синкрнайзиз,синхронизирует,wordnet,verb,глагол,3
synchronizing,synchronizing,ˈsɪŋkrəˌnaɪzɪŋ,синкрнайзин,синхронизация,wordnet,noun,существительное,1
synergy,synergy,ˈsɪnərʤi,синэрджи,синергия,wordnet,noun,существительное,4
synonymous,synonymous,səˈnɑnəməs,сэнанмэс,синонимичный,wordnet,adj,прилагательное,1
synthesis,synthesis,ˈsɪnθəsəs,синсэсэс,синтез,wordnet,noun,существительное,6
synthesize,synthesize,ˈsɪnθəˌsaɪz,синсэсайз,синтезировать,wordnet,verb,глагол,1
synthesized,synthesized,ˈsɪnθɪˌsaɪzd,синсисайзд,синтезированный,wordnet,verb,глагол,1
synthesizing,synthesizing,ˈsɪnθəˌsaɪzɪŋ,синсэсайзин,синтезирующий,wordnet,verb,глагол,2
systematic,systematic,ˌsɪstəˈmætɪk,систэмэтик,систематический,wordnet,adj,прилагательное,6
systematically,systematically,ˌsɪstəˈmætɪkli,систэмэтикли,систематически,wordnet,adv,наречие,3
tactile,tactile,ˈtækˌtaɪl,тэктайл,тактильный,wordnet,adj,прилагательное,1
tailoring,tailoring,ˈteɪlərɪŋ,тэйлэрин,пошив одежды,wordnet,noun,существительное,4
tampered,tampered,ˈtæmpərd,тэмпэрд,подделанный,wordnet,verb,глагол,1
tandem,tandem,ˈtændəm,тэндм,тандем,wordnet,noun,существительное,5
tangled,tangled,ˈtæŋgəld,тэнглд,запутанный,wordnet,verb,глагол,1
targeted,targeted,ˈtɑrgətɪd,таргэтид,целевой,wordnet,verb,глагол,6
targeting,targeting,ˈtɑrgətɪŋ,таргэтин,таргетинг,wordnet,verb,глагол,2
tear,tear,tɪr,тир,рвать,wordnet,noun,существительное,2
telemetry,telemetry,təˈlɛmətri,тэлэмэтри,телеметрия,wordnet,noun,существительное,1
tenet,tenet,ˈtɛnət,тэнэт,догмат,wordnet,noun,существительное,2
terminating,terminating,ˈtərməˌneɪtɪŋ,тэрмнэйтин,прекращение,wordnet,verb,глагол,1
termination,termination,tərməˈneɪʃən,тэрмэнэйшн,прекращение,wordnet,noun,существительное,2
testament,testament,ˈtɛstəmənt,тэстмнт,завещание,wordnet,noun,существительное,2
theoretical,theoretical,ˌθiərˈɛtɪkəl,сиэрэтикл,теоретический,wordnet,adj,прилагательное,6
thereby,thereby,ˈðɛrˈbaɪ,зэрбай,тем самым,wordnet,adv,наречие,87
thoughtful,thoughtful,ˈθɔtfəl,сотфл,вдумчивый,wordnet,adj,прилагательное,2
threaded,threaded,θˈrɛdɪd,срэдид,резьбовой,wordnet,verb,глагол,13
threading,threading,θˈrɛdɪŋ,срэдин,резьба,wordnet,verb,глагол,76
thrive,thrive,θraɪv,срайв,процветать,wordnet,verb,глагол,1
throughput,throughput,θˈruˌpʊt,срупут,пропускная способность,wordnet,noun,существительное,14
throughs,throughs,θruz,сруз,проходы,wordnet,,,1
tightens,tightens,ˈtaɪtənz,тайтнз,затягивает,wordnet,verb,глагол,1
tightly,tightly,ˈtaɪtli,тайтли,плотно,wordnet,adv,наречие,2
timeout,timeout,ˈtaɪˌmaʊt,таймаут,тайм-аут,wordnet,,,17
toggling,toggling,ˈtɑglɪŋ,таглин,переключение,wordnet,verb,глагол,2
towards,towards,təˈwɔrdz,тэуордз,к,wordnet,,,2
tracer,tracer,ˈtreɪsər,трэйсэр,трассер,wordnet,noun,существительное,1
tracing,tracing,ˈtreɪsɪŋ,трэйсин,отслеживание,wordnet,noun,существительное,5
traditionally,traditionally,trəˈdɪʃənəli,трэдишнли,традиционно,wordnet,adv,наречие,5
trans,trans,trænz,трэнз,транс,wordnet,,,4
transcends,transcends,trænˈsɛndz,трэнсэндз,превосходит,wordnet,verb,глагол,2
transformative,transformative,ˌtrænsˈfɔrmɑˌtɪv,трэнсформатив,преобразующий,wordnet,,,1
transient,transient,ˈtrænʒənt,трэнжнт,преходящий,wordnet,noun,существительное,7
transit,transit,ˈtrænzɪt,трэнзит,транзит,wordnet,noun,существительное,1
translator,translator,trænzˈleɪtər,трэнзлэйтэр,переводчик,wordnet,noun,существительное,1
transparently,transparently,trænˈspɛrəntli,трэнспэрнтли,прозрачно,wordnet,adv,наречие,6
traverse,traverse,ˈtrævərs,трэвэрс,пересекать,wordnet,noun,существительное,9
trend,trend,trɛnd,трэнд,тенденция,wordnet,noun,существительное,1
twist,twist,twɪst,туист,крутить,wordnet,noun,существительное,1
twisted,twisted,tˈwɪstɪd,туистид,искривленный,wordnet,verb,глагол,1
ubiquitous,ubiquitous,juˈbɪkwɪtəs,йубикуитэс,вездесущий,wordnet,adj,прилагательное,1
unaltered,unaltered,əˈnɔltərd,энолтэрд,неизмененный,wordnet,adj,прилагательное,1
unanticipated,unanticipated,ˌənænˈtɪsəˌpeɪtɪd,нэнтисэпэйтид,неожиданный,wordnet,adj,прилагательное,2
unbound,unbound,ənˈbaʊnd,нбаунд,несвязанный,wordnet,verb,глагол,1
unbroken,unbroken,ənˈbroʊkən,нброукн,непрерывный,wordnet,adj,прилагательное,1
uncontrolled,uncontrolled,ˌənkənˈtroʊld,нкнтроулд,неконтролируемый,wordnet,adj,прилагательное,1
undermine,undermine,ˈəndərˌmaɪn,ндэрмайн,подрывать,wordnet,verb,глагол,1
undermining,undermining,ˈəndərˌmaɪnɪŋ,ндэрмайнин,подрыв,wordnet,verb,глагол,1
underpinned,underpinned,ˈəndərˌpɪnd,ндэрпинд,подкрепленный,wordnet,verb,глагол,1
undoing,undoing,ənˈduɪŋ,ндуин,отмена,wordnet,noun,существительное,1
undone,undone,ənˈdən,ндн,отменено,wordnet,verb,глагол,1
undue,undue,ənˈdu,нду,неуместный,wordnet,adj,прилагательное,1
uniformity,uniformity,ˌjunəˈfɔrməti,йунэформэти,единообразие,wordnet,noun,существительное,3
uniformly,uniformly,ˈjunəˌfɔrmli,йунэформли,равномерно,wordnet,adv,наречие,7
unify,unify,ˈjunəˌfaɪ,йунэфай,объединить,wordnet,verb,глагол,1
unifying,unifying,ˈjunəˌfaɪɪŋ,йунэфайин,объединяющий,wordnet,verb,глагол,2
unintended,unintended,ˌənɪnˈtɛndɪd,нинтэндид,непреднамеренный,wordnet,adj,прилагательное,14
unintentional,unintentional,ˌənɪnˈtɛnʃənəl,нинтэншнл,непреднамеренный,wordnet,adj,прилагательное,6
unintentionally,unintentionally,ˌənɪnˈtɛnʃənəli,нинтэншнли,непреднамеренно,wordnet,adv,наречие,1
uniqueness,uniqueness,juˈniknəs,йуникнэс,уникальность,wordnet,noun,существительное,3
unpredictability,unpredictability,ˌənprəˌdɪktəˈbɪlɪti,нпрэдиктэбилити,непредсказуемость,wordnet,noun,существительное,2
unraveling,unraveling,ənˈrævəlɪŋ,нрэвлин,распутывание,wordnet,verb,глагол,1
unreliable,unreliable,ˌənrɪˈlaɪəbəl,нрилайэбл,ненадежный,wordnet,adj,прилагательное,3
untested,untested,ənˈtɛstɪd,нтэстид,непроверенный,wordnet,adj,прилагательное,1
unwrapping,unwrapping,ənˈræpɪŋ,нрэпин,разворачивание,wordnet,verb,глагол,1
upfront,upfront,ˈəpˌfrənt,эпфрнт,авансом,wordnet,adj,прилагательное,2
upheld,upheld,əˈphɛld,эпхэлд,поддержан,wordnet,verb,глагол,1
uphold,uphold,əˈphoʊld,эпхоулд,поддерживать,wordnet,verb,глагол,1
upholding,upholding,əˈphoʊldɪŋ,эпхоулдин,поддерживая,wordnet,verb,глагол,1
upholds,upholds,əˈphoʊldz,эпхоулдз,поддерживает,wordnet,verb,глагол,1
urged,urged,ərʤd,эрджд,призвал,wordnet,verb,глагол,1
utilization,utilization,ˌjutələˈzeɪʃən,йутлэзэйшн,использование,wordnet,noun,существительное,11
utilized,utilized,ˈjutəˌlaɪzd,йутлайзд,использованный,wordnet,verb,глагол,3
utilizes,utilizes,ˈjutəˌlaɪzɪz,йутлайзиз,использует,wordnet,verb,глагол,3
utmost,utmost,ˈətˌmoʊst,этмоуст,предельное,wordnet,noun,существительное,2
validated,validated,ˈvælədeɪtəd,вэлэдэйтэд,проверенный,wordnet,verb,глагол,14
validates,validates,ˈvæləˌdeɪts,вэлэдэйтс,проверяет,wordnet,verb,глагол,10
variability,variability,vɛriəˈbɪlɪti,вэриэбилити,изменчивость,wordnet,noun,существительное,1
variance,variance,ˈvɛriəns,вэринс,дисперсия,wordnet,noun,существительное,1
variant,variant,ˈvɛriənt,вэринт,вариант,wordnet,noun,существительное,6
varied,varied,ˈvɛrid,вэрид,разнообразный,wordnet,verb,глагол,2
verifiable,verifiable,ˈvɛrəˌfaɪəbəl,вэрэфайэбл,проверяемый,wordnet,adj,прилагательное,2
vetted,vetted,ˈvɛtɪd,вэтид,проверенный,wordnet,verb,глагол,1
viability,viability,vaɪəˈbɪləti,вайэбилэти,жизнеспособность,wordnet,noun,существительное,1
violates,violates,ˈvaɪəleɪts,вайлэйтс,нарушает,wordnet,verb,глагол,1
violating,violating,ˈvaɪəleɪtɪŋ,вайлэйтин,нарушение,wordnet,verb,глагол,1
violation,violation,vaɪəˈleɪʃən,вайэлэйшн,нарушение,wordnet,noun,существительное,4
virtue,virtue,ˈvərʧu,вэрчу,достоинство,wordnet,noun,существительное,1
vulnerability,vulnerability,ˌvəlnərəˈbɪlɪti,влнэрэбилити,уязвимость,wordnet,noun,существительное,4
waiter,waiter,ˈweɪtər,уэйтэр,официант,wordnet,noun,существительное,7
watchdog,watchdog,ˈwɑʧˌdɔg,уачдог,сторожевой пес,wordnet,noun,существительное,1
weigh,weigh,weɪ,уэй,взвешивать,wordnet,verb,глагол,3
weighing,weighing,weɪɪŋ,уэйин,взвешивание,wordnet,noun,существительное,1
wherein,wherein,wɛˈrɪn,уэрин,где,wordnet,,,4
wholesale,wholesale,ˈhoʊlˌseɪl,хоулсэйл,оптом,wordnet,noun,существительное,1
wiring,wiring,ˈwaɪrɪŋ,уайрин,проводка,wordnet,noun,существительное,3
wisely,wisely,ˈwaɪzli,уайзли,мудро,wordnet,adv,наречие,1
withstands,withstands,wɪθˈstændz,уисстэндз,выдерживает,wordnet,verb,глагол,1
pass,pas,pɑz,паз,пас,wordnet,noun,существительное,43
